,searched
0,Why do some insurance companies cover Viagra but mine does not cover prescription contraceptives  Independent Health Agents
1,Why access to the pill is more important than you thought  World Economic Forum
2,The Difference Between Viagra and The Pill
3,BY COVERING VIAGRA INSURERS SHOW THAT MENS SEXUAL WELLBEING IS STILL MORE VITAL THAN WOMENS  Chicago Tribune
4,The Cost of Treating Erectile Dysfunction  The New York Times
5,Prescription Drug List and Coverage  Cigna
6,Everything you need to know about that justreleased female libido drug xe2x8x94 Quartz
7,Prescription Drug List and Coverage  Cigna
8,McCains Viagra Moment  FactCheckorg
9,President Trumpxe2x8x99s contraception rule ignores the reality that birth control is health care  TheHill
10,Supreme Court Hobby Lobby Contraception Ruling What Women Should Know  Time
11,Find a Medication  Aetna
12,Does Medicare Cover Viagra  Senior65
13,Kaiser Citing Cost Wont Pay for Viagra  LA Times
14,Pharmacy Prescription Drug List  UnitedHealthcare Pharmacy
15,Prescription Coverage  BlueCross BlueShield of Tennessee
16,Birth control benefits and reproductive health care options in the Health Insurance Marketplace  HealthCaregov
