,searched
0,Cost of living in Spain  Expat Guide to Moving to Spain  Expatica
1,Cost Of Living Is Surging In These Major Cities And What It Could Mean For 218
2,Most expensive cities Cost of living highest here state by state
3,Most Expensive US Cities to Live In 218
4,Americas cheapest states to live in 218
5,Millennials Index 217  American University Washington DC
6,Lehigh Valley  Wikipedia
7,Oklahoma City  Wikipedia
8,The Death of a Once Great City  Harpers Magazine
9,Kansas city economic outlook 218
