,searched
0,Rick Perry 216 presidential campaign  Wikipedia
1,Al Gore 1988 presidential campaign  Wikipedia
2,Perry and Gore Whats the truth  POLITICO
3,Rick Perrys Inconvenient Truth GOP Governor Was a Democrat  TIME
4,    n            Ron Paul Rick Perry was Al Gores cheerleader  CBS Newsn    
5,Rick Perry  Governor  Biography
6,Rick Perry to run for president climate deniers cheer  Grist
7,Gore Its An Honor To Be Attacked On Climate  The TwoWay  NPR
8,5 Things You Should Know About Rick Perry  Its All Politics  NPR
9,The Permanent Candidate Whatxe2x8x99s Driving Rick Perry  The New Republic
10,Who is Rick Perry  clevelandcom
11,Rick Perry  The Daily Edge
12,Rick Perry and Kay Bailey Hutchison Are Locked In A Pitched Battle Over The Soul Of The GOP They Are Also  Running For Governor  Dallas Observer
13,Rick Perry  RationalWiki
14,Debate Day Can Rick Perry Make The Pitch The Note  ABC News
15,Rick Perry Says Debate Gaffe Wont End His Campaign 
16,Perry backed crusading Gore in 88  POLITICO
17,Bush v Gore Where are they now
18,Texas miracle  Town Square  Palo Alto Online 
19, Heads in the Sand  The Atlantic 
20,God Help Us
21,Rick Perry  Wikiwand
22,How to separate the viable presidential candidates from the trolls and alsorans  MarketWatch
23,Conservatives give Perry a wary look  Houston Chronicle
