,searched
0,You are being redirected
1,Obama Proposed 442 Tax Hikes Since Taking Office
2,Tax Man Obama has sought 442 tax increases
3,Report Obama Has Proposed 442 Tax Increases Since Taking Office  Fox News Insider
4,AM Links Barack Obama Proposed 442 Tax Increases Harry Reid Says Ranch Showdown Cant Be Over Rick Perry May Face Criminal Charges  Reasoncom
5,Fact check How many tax hikes has Sinema proposed
6,Obama 442 New Taxes  Facebook Vs Gun Owners  YouTube
7,Part 2 Listen to Mattie Duppler on WBAL on Tax Day  YouTube
8,Your Government in Action Since Taking Office In 29 President Obama Has Formally Proposed 442 Tax Increases United Parcel Service IncNYSEUPS FedEx CorporationNYSEFDX  ETF Daily News
9,Obama  Alan Stock  The Voice of Common Sense
10,rnttrntttObama has Proposed 442 Tax Hikes Since Taking Officernttrnttrntt  Harmony Centralrnttrnt
11,Today in Liberty Cantor unwilling to fight for ExIm Bank reauthorization Obamas 442 tax hike proposals  United Liberty  Free Market  Individual Liberty  Limited Government
12,Obama has proposed 442 new tax hikes since taking office We think Americans are already taxed enough without any extra help from Obamxe2x8xa6  Credit Card  Debtxe2x8xa6
13,The Tax King  Obama Has Proposed 442 Tax Increases Since Taking Office  THE BS REPORT
14,Visit Us on Social Media  Centennial Institute
15,STUCK IN THE MUD  Watchdog on Wall Street
16,Capitalistpig  WLSAM89 Highest Beef Prices Since 87
17,POLITICS  Barry Has Purposed 442 Tax Hikes  Truckingboards  Truck Drivers Forum
18,Glenn Hubbard Obamas Budget Means a Tax Increase on Everyone  WSJ
19,Government Regulations  By Force Of Patriots
