,searched
0,House and Senate Farm Bills Contribute to Deficit Reduction
1,Lesson 1 Every farm bill is unique xe2x8x93 the last one was a doozy  21721  AgriPulse
2,Agricultural Policy  EveryCRSReportcom
3,5 things to know about how the farm bill affects you  WJLA
4,Farm Bill 11  The Nation
5,AGRICULTURE Negotiators release final farm bill with wins for conservation renewable energy  Tuesday January 28 214  wwweenewsnetn
6,Farm bill fail Is food policy headed back to the future  Grist
7,Lame Duck Congress Pushing Lame Farm Bill  Taxpayers for Common Sense
8,Close Farm Program Payment Loopholes  Taxpayers for Common Sense
9,Leahy hails passage of fiveyear Farm Bill Vermont wins  Vermont Business Magazine
10,Let the Farm Bill Stay Dead  Cato Institute
11,House Republicans Push Through Farm Bill Without Food Stamps  The New York Times
12,213 Farm Bill Update  November 213  farmdoc daily
13,The farm bill is up for a final vote soon Herexe2x8x99s why so many people hate it  The Washington Post
14,rnttt214 Farm Bill Drill Down The Bill by the Numbers  National Sustainable Agriculture CoalitionNational Sustainable Agriculture Coalitiontt
15,UPDATE 3Japan resists US pressure on FX in trade talks ahead of AbeTrump summit
16,  Wayne Byers Show  Evening  Apr 26
