,searched
0,Independent candidates running in United States Senate elections 218  Ballotpedia
1,Independent politician  Wikipedia
2,Independent politician  Wikipedia
3,Independent politician  Wikipedia
4,Independent politician  Wikipedia
5,Independent politician  Wikipedia
6,Independent voters will decide Arizonas historic female Senate race
7,Time To Vote 218 Here Are Vermonts Candidates For US Senate  Vermont Public Radio
8,Independent candidate will be on Missouri US Senate ballot in November  Missourinet
9,US Senate candidate Shiva Ayyadurai to run as independent  masslivecom
10,218 Vermont US Senate candidates
11,Missouri independent candidate ODear files petitions for US Senate  HeraldWhig  
12,Independent US Senate candidate for Maryland Neal Simon says Gov Larry Hogan voted for him  Baltimore Sun
13,Running As An Independent Liberating But Tough  NPR
14,rn  rnt  218 Election Cycle  Unite Americarn  rn
15,Mass Independent Senate Candidate Shiva Ayyadurai Punched In Mouth By Elizabeth Warren Supporter  Video  RealClearPolitics
16,Whoxe2x8x99s Running for President in 22  The New York Times
17,Independent candidate Nathan Altman jumping into US Senate race  218417  Indianapolis Business Journal  IBJcom
18,Marcia Squier  Former candidate for US Senate 218 in Michigan MI  Crowdpac
19,Neal Simon
20,Barry Michaels For US Senate 218  Independent Candidate
21,The Nevada Independent  Your State Your News Your Voice
22,Independent Senate Candidate Neal Simon Seeks To Raise Profile with TV Ad Blitz
23,Independent US Senate candidate Neal Simon endorses Hogan for governor  The Washington Post
24,Outsiders Six Other Candidates Campaign for Senate Seat  NJ Spotlight
