,searched
0,VA secretary has begun planning budget cuts requested by Trump  Veterans  Stripes
1,Trump 22 budget Which department budgets would be cut  Washington Post
2,FACT CHECK Did Donald Trumps 218 Budget Proposal Include Cuts in Support for Disabled Veterans
3,How 14 billion in budget cuts will impact Veterans  VAntage Point
4,n                US Senate Republicans block veterans health bill on budget worry  Reuters
5,The military could save hundreds of billions xe2x8x94 by capping pay scrapping aircraft slashing benefits experts say
6,The Republican Budget for 219 Continues the Destructive Scam  House Budget Committee Democrats
7,Vet Group Demands White House VA Reject Benefits Cuts for Disabled Unemployed Vets  Militarycom
8,CBO Suggests Raising Tricare Fees Cutting Veteran Benefits to Slash Deficit   Militarycom
9,VA spending up again in Trumps fiscal 219 budget plan
10,5 Ways President Trump and Congressional Republicans Are Betraying Veterans  Center for American Progress
11,Trump US Canxe2x8x99t Afford Veteransxe2x8x99 Health Care Without Cuts
12,The Latest Hospital groups protest cuts in Trump budget
13,Trumps proposal to slash benefits for veterans dead on arrival in Congress
14,Donald Trump Budget Who Loses Disability Benefits  Time
15,Cuts to funding for black lung benefits  Appalachian Voices
16,How Trumps Budget Will Affect People with Mental Health Conditions  Mental Health America
17,UPDATE President Trump Calls For Drastic Cuts To Affordable Housing February 12 218  National Low Income Housing Coalition
18,VA slashes program that helps homeless veterans obtain housing report  TheHill
19,Trump Calls For Mental Health Action After Shooting His Budget Would Cut Programs  The TwoWay  NPR
20,Ottawa pouring an extra 36B into veterans benefits  CBC News
