,searched
0,CBO Senate immigration bill would cut deficits by 2 billion over decade  The Washington Post
1,CBO Finds Budget Deal Will Cost 32 Billion  Committee for a Responsible Federal Budget
2,Federal Budget Deficit Projected to Soar to Over 1 Trillion in 22  The New York Times
3,Economic policy of Donald Trump  Wikipedia
4,Barack Obama calls for public to back bipartisan Senate immigration reform  US news  The Guardian
5,Bloomberg  Are you a robot
6,Republican Budget Conference Plan Work Harder Get Less  House Budget Committee Democrats
7,The Budget for All A technical report on the Congressional Progressive Caucus budget for fiscal year 213  Economic Policy Institute
8,Immigration Reform 214 From A Leading Expert
9,Congressional Budget Office Oversight  CSPANorg
10,Clinton And Trumps Final Debate FactCheck From NPR Politics  Vermont Public Radio
11,Federal policy on the budget 217218  Ballotpedia
12,    How Immigration Reduces The Deficit  Business Insidern
13,The Budget and Economic Outlook 218 to 228  Congressional Budget Office
14,An Analysis of the Presidents 216 Budget  Congressional Budget Office
15,House tax reform plan would raise deficit by 17 trillion CBO
