,searched
0,Trumpxe2x8x99s fuzzy math on undocumented immigrants convicted of crimes  The Washington Post
1,Undocumented immigrant rights activist loses her battle to avoid being deported  The Washington Post
2,Trump Immigration Speech Fact Check And Analysis  NPR
3,Read Donald Trumps Speech on Immigration  Time
4,Full text Donald Trump immigration speech in Arizona  POLITICO
5,What is ICE supposed to do The strange history of US Immigration and Customs Enforcement xe2x8x94 Quartz
6,Donald Trumpxe2x8x99s Looming Mass Criminalization  The Nation
