,searched
0,US Debt by President By Dollar and Percent
1,Deficit by Year Compared to GDP Debt and Events
2,National Debt by Year Compared to GDP and Major Events
3,Dont Blame Obama For Doubling The Federal Deficit
4,US National Debt Hits Record 22 Trillion  NPR
5,The Federal Debt Is Rising Concern Is Not  The New York Times
6,That 22 trillion national debt number is huge but heres what it really means
7,    n            National debt at highest level since after WWII  CBS Newsn    
8,National Debt Under Trump Rises to 217 Trillion
9,History of United States debt ceiling  Wikipedia
10,The story behind Obama and the national debt in 7 charts  The Washington Post
11,Despite his preelection hype Trumpxe2x8x99s piling on the debt as president  The Washington Post
12,The National Debt Explained
13,National Debt  Just Facts
14,You are being redirected
15,How much each US president has contributed to the national debt  MarketWatch
16,Obamas Fiscal Legacy An Overview of Spending Taxes and Deficits
17,Obamas Final Numbers  FactCheckorg
18,US national debt reaches a new high under Trump  CNNPolitics
19,Speaker Paul Ryan retires his legacy is debt and disappointment   Vox
20,rntUnited States Gross Federal Debt to GDP  219  Data  Chart  Calendarrn
21,Bloomberg  Are you a robot
22,Budget  Congressional Budget Office
23,US Government Deficit Grew 17 in Fiscal 218  WSJ
24,President Barack Obamaxe2x8x99s First Two Years Policy Accomplishments Political Difficulties
25,Trumps trilliondollarplus deficits put America on path to fiscal ruin
