,searched
0,Retired nuns barred from voting in Indiana  US news  The Guardian
1,28 Indiana Democratic primary  Wikipedia
2,Voter suppression in the United States  Wikipedia
3,Beyond Diebold 1 Ways to Steal This Election  Mother Jones
4,Nuns with dated ID turned away at polls  politics  Decision 8  NBC News
5,When Voter Registration is a Crime  TIMEcom
6,NMelections Electronic Voting 
7,Mike Davis The Last White Election NLR 79 Januaryxe2x8x93February 213
8,Senate Session Part 2  CSPANorg
9,Black Women Voters Emerge as Top Target in 22 Democratic Race  WSJ
10,Colorados 6th Congressional District election 218  Ballotpedia
11,Maine gubernatorial election 218 June 12 Democratic primary  Ballotpedia
12,Americas Most Anti Election Ever  POLITICO Magazine
13,216 United States presidential election  Wikipedia
14,Stacey Abrams Always Knew Theyxe2x8x99d Try to Cheat  The Nation
15,The Daily 22 The Democratic Establishment strikes back in the Acela Primary  The Washington Post
16,IHB Indiana Almanac
17,218 Election Center  Warren County Pennsylvania
