,searched
0,n          Summary of the Latest Federal Income Tax Data 218 Updaten      
1,Bloomberg  Are you a robot
2,Top 2 of Americans Will Pay 87 of Income Tax  WSJ
3,Budget Basics Who Pays Taxes
4,You are being redirected
5,Donxe2x8x99t Fall for the Rightxe2x8x99s Favorite Lie About Taxes
6,More than 44 of Americans pay no federal income tax  MarketWatch
7,What You Dont Know About The Top One Percent
8,Who Pays Income Taxes  Foundation  National Taxpayers Union
9,Highincome Americans pay most income taxes but enough to be fair  Pew Research Center
10,Believe it or Not The Richest Americans Pay Most of the Federal Bills
11,Top 1 pay nearly half of federal income taxes
12,Warren Sanders OcasioCortez propose taxes on the rich ahead of 22 election
13,How Much Money Do The Top Income Earners Make By Percentage
14,Income Inequality  Inequalityorg
15,Income Distribution  Congressional Budget Office
16,Distribution of Federal Taxes  Congressional Budget Office
17,Income tax in the United States  Wikipedia
18,News Article  Toni B Springer CPA PA Altamonte Springs FL 3271
19,How do US taxes compare internationally  Tax Policy Center
20,What are the sources of revenue for the federal government  Tax Policy Center
21,The Hutchins Center Explains Federal budget basics
22,Types of Taxes xe2x8x93 Income Property Goods Services Federal State
23,Income inequality in the United States  Wikipedia
24,Historical Highlights of the IRS  Internal Revenue Service
25,Tax History Project  The Income Tax Arrives
