,searched
0,How many animals does a vegetarian save
1,THE PLANET
2,xe2x8x98Lettuce Ladiesxe2x8x99 Help Congress Pig Out  YouTube
3,How Many Animals Does a Vegetarian Save in the UK  Animal Charity Evaluators
4,9 Things You Wanted to Know About Eating Meat but Were Too Afraid to Ask  Mercy For Animals
5,Sheffield Animal Rights  Vegan Advocacy Group  Sheffield Animal Action
6,Peta Want to Live Mas billboard by Peta  Creative Works  The Drum
7,PETA to Taco Bell We love you right down to your beans  QSRweb
8,PETA Set to Promote Taco Bell Yes Thats Happening  Restaurant News  QSR magazine
9,Letter to the Editor Regarding Oct 2th article xe2x8x9cStudents criticize move to more plantbased menusxe2x8x9d  The Daily Campus
10,FAQ  Long Island Orchestrating for Nature LION
11,n Evanna Lynch shows how to veganise your favourite Hogwarts recipes  n Vegan Food  Living 
12,Evolution and Creation  Misconceptions about Diet  All about Veganism  ADAPTT  Animals Deserve Absolute Protection Today and Tomorrow
13,The Kritic   Meat
14,Cleveland Animal Save  xe5xb8x96xe5xadx9  Facebook
15,Sorry Vegans Heres How MeatEating Made Us Human  Time
