,searched
0,Good news bad news Virginiaxe2x8x99s economy is finally back from recession but threats loom  The Washington Post
1,The State of Small Business Virginia
2, Labor in Virginia during the Twentieth Century
3,The Batten School Announces Class of 218 Employment Outcomes   Frank Batten School of Leadership and Public Policy UVA
4,GovernmentFinanced Employment and the Real Private Sector in the 5 States  Mercatus Center
5,Economic And Environmental Impacts Of Climate Change In Virginia  Demos
6,How todayxe2x8x99s unions help working people Giving workers the power to improve their jobs and unrig the economy  Economic Policy Institute
7,Agriculture Facts and Figures
8,rntrnt219 State of the Citytrnt VBgovcom  City of Virginia Beachrn
9,Cory Booker job guarantee his plan for a pilot program that guarantees everyone a job  Vox
10,VAxe2x8x99s mental health care crisis draws private firms pitching dubious PTSD treatmentsReveal
