,searched
0,Class size controversy Portland elementary schools have much smaller classes than nearby suburbs  oregonlivecom
1,Schools Struggle to Support LGBTQ Students  Edutopia
2,SalemKeizer schools face urgency to improve elementary education  Salem Reporter  News about Salem xe2x8x93 Indepth Accurate Trusted
3,The 1 Best Public High Schools in the US
4,School Art Programs Should They Be Saved  Law Street
5,Education in the United States  Wikipedia
6,Higher education in the United States  Wikipedia
7,CAPE  Private School Facts
8,Who Really Pays  Economic Opportunity Institute Economic Opportunity Institute
9,The Best College In Every State
10,Online College and University Reviews
11,The Top 4 Most Vibrant Arts Communities in America 218  SMU DataArts 
12,5 Great Affordable Colleges in the West
