,searched
0,Rush Limbaugh  By Zev Chafets  The New York Times
1,Rush Limbaugh I hope Obama fails  YouTube
2,Rush Limbaugh  Keynote Speech to the Conservative Political Action rnCommittee
3,Rush Limbaughs Shocking Words for President Obama  Fox News
4,In GOP Spat Steele Tries To Take On Limbaugh  NPR
5,A History of President Obamaxe2x8x99s 8 Years in Office
6,Obama laughs at Rush Oxycontin jab    POLITICOcom
7,Trump Says Democrats Are Treasonous  National Review
8,Trump Addresses UN We Reject The Ideology Of Globalism Must Defend Sovereignty  Video  RealClearPolitics
9,How to Understand Rush Limbaugh  Commentary
10,How Newt Gingrich Destroyed American Politics  The Atlantic
11,  How Conservatives Awoke to the Dangers of Sean Hannity  The Atlantic 
12,The Economist
13,Barack Obama  Wikiquote
14,Hillary Clinton Looks Back in Anger  The New Yorker
15,Countdown with Keith Olbermann for Monday March 2 29  msnbc  Countdown with Keith Olbermann  NBC News
16,David Bromwich xc2xb7 Obamaxe2x8x99s Delusion The Presidential Letdown xc2xb7 LRB 22 October 29
17,Divided States of America  Transcript  FRONTLINE
18,John RiceCameron Wants to Make Stanford Great Again  Stanford Politics
19,CNNcom  Transcripts
20,TalkJargon of The Rush Limbaugh Showholding page  Wikipedia
21,Clearing the air on Obama and conservative hope for his success  Illinois Review
22,Illinois Review War on Terrorism
23,Future of the GOP CQR
