,searched
0,The NRCCxe2x8x99s claim that the IRS will be xe2x8x98in charge of your health carexe2x8x99  The Washington Post
1,John Barrow  Ballotpedia
2,How John Barrows Became One of the Worldxe2x8x99s Best Sales Trainers  Drift
3,xe2x8x8eMake It Happen Mondays  B2B Sales Talk with John Barrows on Apple Podcasts
4,Stephen F Lynch  Wikipedia
5,219 Guide on Borrower Defense to Repayment Discharges  FSLD
6,Bonnie and Clydes descendants want the notorious couple be buried together  Daily Mail Online
7,Court of Appeals of Virginia Published Opinions in PDF Format
8,San Jose Post Record
9,rnLocal News Headlines  Media One Group WWSE WJTN WHUG WKSN WQFX
10,Press Releases  Sustainable Trails Coalition
11,News and South Arkansas Events  Yes Radio Works
