,searched
0, What Obama Really Did to Welfare Reform  The Atlantic 
1,Barack Obama The Country I Love 6  Election Guide 28  The New York Times
2,Barack Obama pulling away  The Daily Star
3,Obama Polishes His Resume  FactCheckorg
4,Obamas Latest Ad The Promised Prince  Blog Posts  VDAREcom
5,Adwatch Obama emphasizes family values in new ad  The Denver Post
6,Obama Country I Love  POLITICO
7,Making It  The New Yorker
8,n44n  Bloomberg Decries Whisper Campaign Against Obaman                
9,Obamas Mission Accomplished
10,Obama emphasizes patriotism in first general election ad  CNN Political Ticker  CNNcom Blogs
11,The Living Room Candidate  Commercials  28  Country I Love
12,28 Presidential Campaign Blog 
13,Bleeding Heartland
14,Persuasion and visual imagery in politics  SYNERGY volume 1 no 1214 wwwsynergyasero  marina militaru  Academiaedu
15,Barack Obama a Wall Street Shill Oh Please An Occassional Series
16,Jon Christian Ryters Conservative World
17,Media Excuse Obamas False Advertising  Accuracy in Media
18,Campaign 28 and Independents  CSPANorg
19, Georgia Unfiltered  Telling the Truth 
20,Democracy for New Mexico Obama Launches First General Election Ad in New Mexico 17 Other States
21,Above Average Jane 6128  7128
22,xd3xa2xcexc4xb7xadxd2xebxbxd9xb6xc8xd6xaaxb5xc
23,ObamaNation Shrugs Obamas New Ad  Another bamawhopper in the making
