,searched
0,Pumpkin Festival Cited as Terror Target Hit by Drunken Riots
1,How John Oliver predicted the New Hampshire pumpkin riots  Vox
2,Last Week Tonight with John Oliver Police Response In Ferguson Wage Differences Between Men and Women  FanFare
3,Keene Pumpkin Festival Riots  The Other Side of the Story  New England Today
4,Dude Thats My Car Keene State College Pumpkin Riot Trashes Students Car  Inside Edition
5,fakenewstestcsv at master xc2xb7 rampkitsfakenews xc2xb7 GitHub
6,The High Price of Security Theater  Reasoncom
7,CNNcom  Transcripts
8,Charged With a Crime Better Check Your Facebook Pictures  Reality Base  Reality Base
9,News topics
10,PDF CIA Secret Warriors Thai Forward Air Guides in the US War in Laos The Untold Story  Paul  Carter  Academiaedu
11,Corsi Liberi di Lingua e Cultura Kurda 
12,zReportage Stories that need to be told
13,Coburn Safety at Any Price  United States Department Of Homeland Security  Congressional Research Service
14,Newshoggerscom
