,searched
0,New Allen West ad features Murphys 23 mug shot Murphy camp raises Wests 23 Iraq incident  Post On Politics
1,With police investigating Murphy the alcoholic and abusive priest is banished from Anchorage  Anchorage Daily News
2,Member of Texas 7 set to be executed in policemans killing  Daily Mail Online
3,Supreme Court halts execution of Texas 7 gang member over policemans killing  Daily Mail Online
4,NFL ArrestDatabase  NFL Football  USA TODAY
5,NFL Arrests 2217  Kaggle
6,NJ police brutality Secret settlements keep bad cops on street public in danger
7,When parents and teachers collide
8,Crime  Herald Democrat  Sherman TX
9,215 Washington Post database of police shootings  Washington Post
10,Principles of Good Policing Avoiding Violence Between Police and Citizens rnRevised September 23
11,When Aaron Hernandez became a murderer  The Boston Globe
12,List of New York Police Department officers killed in the line of duty  Wikipedia
13,Staten Island Crime  silivecom
14,The War at Home Remembering Foster and Laurie  City of New York
15, 27 arrested in Brockton for violent offenses drug charges  News  The Enterprise Brockton MA  Brockton MA
16,Crime  Gainesville Sun  Gainesville FL
17,Inside Slab Murphys multimillion euro crossborder smuggling empire
18,Eugene OR Website
19,Local governments hide public records face few consequences    Reveal
20,Illinois State Police Press Release
