,searched
0,Jim Doyle   Urban Milwaukee
1,nmilwaukee Articles  WTAQ News Talk  975 FM xc2xb7 136 AM  Green Bay WIn
2,Urban Milwaukee    Jeramey Jannene
3,How often have you been asked about  Bucyrus Historical Society  Facebook
4,OutofState Republican Voucher Money Supports Democrats Plale Sanchez and Findley  Shepherd Express
5,NYC Rubber Room Reporter and ATR CONNECT Jun 3 21
6,Full text of Together
7,Full text of Transactions of the Engineering Institute of Canada
8,Venice gondolier sun
9,The Vancouver Sun from Vancouver British Columbia Canada on August 22 1947 xc2xb7 27
