,searched
0,Bloomberg  Are you a robot
1,Texas Senate Ted Cruzxe2x8x99s surprisingly competitive battle with Beto Oxe2x8x99Rourke explained  Vox
2,xe2x8x98Like Dislike Likexe2x8x99 How Trump Changed His Tune on xe2x8x98Lyinxe2x8x99 Tedxe2x8x99 Cruz  WSJ
3,Ted Cruz leads Beto ORourke in Texas Senate race NBC NewsMarist poll
4,Did Beto Blow It  POLITICO Magazine
5,Ted Cruz and Beto Oxe2x8x99Rourke Debate Who Is xe2x8x98Out of Stepxe2x8x99 With Texas  The New York Times
6,NRSC weighs sending more resources to help Ted Cruz against ORourke
7,Subscribe to read  Financial Times
8,Ted Cruz asks Trump to campaign for him in Texas  HoustonChroniclecom
9,The Ted Cruzxe2x8x93Beto Oxe2x8x99Rourke Debate Offers Two Very Different Views of Texas  The New Yorker
10,n                Trump and former rival Ted Cruz rally together in Houston ahead of election  Reuters
11,Ted Cruz Is Getting OutFundraised By His Democratic Rival
12,Beto ORourke Goes On The Attack Against Ted Cruz  NPR
13,Ted Cruz 216 presidential campaign  Wikipedia
14,    Donald Trump calls Ted Cruz weak  Business Insidern
15,Beto ORourke as hopeful as Ive ever been despite narrow loss to Ted Cruz  US news  The Guardian
16,The latest in the 218 Texas Senate race between Ted Cruz and Beto ORourke  Dallas News
17,In Texas midterms leftwing Democrat absolutely could beat Ted Cruz
18,Beto ORourke vs Ted Cruz and the Race for America  GQ
19,Donald Trump gets sweet revenge on Ted Cruz today in Texas  CNNPolitics
20,Ted Cruz  Ballotpedia
21,Outraised and outhustled is Sen Ted Cruz losing his mojo
22,Ted Cruz asks Trump to campaign for him in Texas  Houston Chronicle
23,Ted Cruz Attacked Beto ORourke For Speaking Out Against Police Brutality In A SelfOwn For The Ages
24,    n            Ted Cruz  Beto ORourke debate Highlights live blog from second debate between two candidates for Texas US Senate seat  CBS Newsn    
25,Ted Cruz Rips Stephen King for Endorsement of Opponent
26,Beto ORourke wont beat Ted Cruz in Texas xe2x8x93 heres why
