,searched
0,5 Presidents Who Were Sued By Members of Congress
1, Legislative Standing and the Affordable Care Act Challenge  The Atlantic 
2,Boehners lawsuit against the Obama administration  Ballotpedia
3,Impeachment  HISTORY
4,United States Congress  Wikipedia
5,Can a sitting US president be prosecuted  Chicago Tribune
6,Congress Really Can Demand And Get Trumps Tax Returns Heres How  NPR
7,Can a US President Be Charged With a Crime Its Complicated
8,Trump SCOTUS pick Kavanaugh favors shielding presidents from probes
9,How President Trump Can Be Prosecuted as a Criminal  Time
10,A Timeline of Steve Kingxe2x8x99s Racist Remarks and Divisive Actions  The New York Times
11,Answers to 4 Key Questions About Trumpxe2x8x99s Declaration of an Emergency  The New York Times
12,Can an executive order be revoked xe2x8x94 Quartz
13,GovTrackus  Congressional Misconduct Database
14,rnrnrnHouse Members Who Served as President              rnrn    rn    US House of Representatives History Art  Archivesrn
15,POLITICO Playbook The most reliable politics newsletter  POLITICO
16,An Updated Guide to Every Lawsuit Donald Trump Faces  Fortune
17,US News   Reuters
18,Why President Andrew Johnson was impeached and why we should care today  MinnPost
19, When Obama Had Total Control of Congress  News  Akron Beacon Journal  Akron OH
20,Government shutdown What to know about national emergencies in the USA
21,The History Place  Impeachment Bill Clinton
22,Impeachment of Federal Judges
23,Mueller Report Proves Checks and Balances System Works
