,searched
0,Feds Suing BP Over Spill  Sunshine State News  Florida Political News
1,Feinberg Gulf Oil Spill Claims Paid More Quickly but Tough Calls Ahead  PBS NewsHour
2,Deepwater Horizon oil spill   Sustainability  Boston University
3,Florida CFO Alex Sinks Consumer eViews
4,4 Years after BPs Gulf Oil Spill Compensation Battle Rages  Scientific American
5,6 years after Deepwater Horizon oil spill thousands of people are still sick  Grist
6,n                Factbox Gulf oil spill impacts fisheries wildlife tourism  Reuters
7,From DEMA 1222 Oil Spill Update  Florida CFO and Attorney General Send Strong Letter to Feinberg on Inefficient Claims Process
8,The Deepwater Horizon Disaster An Examination of the Spills Impact on the Gap in International Regulation of Oil Pollution from Fixed Platforms
9,5 years after BP oil spill Florida claims continue
10,Deepwater Horizon oil spill  Wikipedia
11,BP to pay 18 billion to settle federal state claims over Gulf spill  Fortune
12,n  n    Why We Pretend to Clean Up Oil Spillsn     n    Sciencen     Smithsonian
