,searched
0,A fight over education funding in Georgiaxe2x8x99s governorxe2x8x99s race
1,Once Again a Carter Aims to Govern in Georgia   The New York Times
2,Can Stacey Abrams Really Turn Georgia Blue  FiveThirtyEight
3,Dan Baskerville Author at Soapbox
4,October  214  Georgia SchoolWatch
5,Georgia Education  Georgia SchoolWatch
6,Approved  The Economist
7,Mary Margaret Oliver   Media 
8,Recap The 5 Most Important Education Votes in 216    The 74
9,MURPHY outlines budget compromise but still no deal  LEGAL WEED punted medical marijuana delivery proposed  CHRISTIE stripped of state police detail two weeks early readies to buy shore house  POLITICO
10,Sarah Palin  Wikipedia
11,New Deal  Wikipedia
12,Notable Georgia races 216  Ballotpedia
13,CNNcom  Transcripts
14,fakenewstestcsv at master xc2xb7 rampkitsfakenews xc2xb7 GitHub
15,rnLocal News Headlines  Media One Group WWSE WJTN WHUG WKSN WQFX
16,READ IN By The Numbers Edition  The Washington Post
17,Articles by Jeff Bryant  Page 21  Education Opportunity Network
18,Daily Kos Elections Morning Digest Republicans pull out all the stops to save Omaha House seat
