,searched
0,Democrats just got rolled They can blame Barack Obama  The Washington Post
1,President Barack Obamaxe2x8x99s First Two Years Policy Accomplishments Political Difficulties
2,Trump Plus One Did He Keep His Promises  POLITICO Magazine
3,President Obama Also Faced A Crisis At The Southern Border   NPR
4,Trumpxe2x8x99s Immigration Policies Highlight Obamaxe2x8x99s Missteps
5,The Cruelty of Barack Obama  WSJ
6,Has Trump kept his campaign promises  BBC News
7,Opinion  Trumpxe2x8x99s Lies vs Obamaxe2x8x99s  The New York Times
8,Trumps 1 days a scorecard Trump made 28 promises in a Contract with the American people xe2x8x94 Quartz
9,How the Democrats Lost Their Way on Immigration  The Atlantic
10,Trump is 5 days in to his term We graded his progress on the 28 promises he made for his first 1 days xe2x8x94 Quartz
11,In 26 Democrats were saying xe2x8x98build that fencexe2x8x99  The Boston Globe
12,Obamas Whoppers  FactCheckorg
13,Jorge Ramos Obamaxe2x8x99s Latino Legacy
14,The Obama Legacy The Mix of Hope and Fear in Immigration Policy  Talk Poverty
15,Promises Promises What Trump Said He Would Do But Hasnt
16,The campaign promise thatxe2x8x99s still haunting Obama  Vox
17,Government shutdown 219xc2xaall 2 previous shutdowns explained  Vox
18,Read Full Transcript of Barack Obamas South Africa Speech  Time
19,Democrats supported the wall in 26 when it was a fence  WJLA
20,The Border Patrol Was Monstrous Under Obama Imagine How Bad It Is Under Trump  American Civil Liberties Union
21,nt 1 campaign promises Donald Trump kept  or attempted to keep  in his first year  Yellowhammer Newst  nt Yellowhammer News 
22,Barack Obama  Wikipedia
23,Immigration reform in the United States  Wikipedia
24,Divided States of America  Transcript  FRONTLINE
25,Trump has kept many promises during his first year in office
26,Lest We Forget the Horrors A Catalog of Trumpxe2x8x99s Worst Cruelties Collusions Corruptions and Crimes The Complete Listing So Far Atrocities 1546  McSweeneyxe2x8x99s Internet Tendency
