,searched
0,Hyde Amendment  Wikipedia
1,Hyde Amendment  Wikipedia
2,Hyde Amendment  Wikipedia
3,Hyde Amendment  Wikipedia
4,Hyde Amendment  Wikipedia
5,Senate measure banning abortion funds defeated  POLITICO
6,Permanently Banning Federal Funding for Abortions With Exceptions  S 19  116th Congress  Countable
7,Trump Administration Blocks Funds for Planned Parenthood and Others Over Abortion Referrals  The New York Times
8,The Hyde Amendment and Coverage for Abortion Services  The Henry J Kaiser Family Foundation
9,Trump Proposes Cutting Planned Parenthood Funds What Does That Mean  Kaiser Health News
10,Are American Taxpayers Paying For Abortion
11,HR 2 No Taxpayer Funding for Abortion and Abortion Insurance Full Disclosure Act of 219   POPVOX
12,The House just passed a sweeping abortion funding ban Herexe2x8x99s what it does  Vox
13,Federal policy on abortion 217218  Ballotpedia
14,New Rule Restricts Federal Funding for Planned Parenthood
15,No Taxpayer Funding for Abortion Hyde Amendment Moves to Senate  NWYC
16,KEY VOTE xe2x8x9cYESxe2x8x9d On No Taxpayerxe2x8xa6  Heritage Action For America
17,rntUS  S19  BillTrack5rn
18,What Trumps Latest Plan To Cut Planned Parenthood Funds Really Means  Shots  Health News  NPR
19,Trump Administration Curbs Federal Funding for Clinics Providing Abortions  WSJ
20,How the US Health Insurance System Excludes Abortion  Center for American Progress
21, New York and Virginia Push to Expand Abortion Rights  The Atlantic 
