,searched
0,Hillary Clinton Used Personal Email Account at State Dept Possibly Breaking Rules  The New York Times
1,FBI Papers Offer Closer Look at Hillary Clinton Email Inquiry  The New York Times
2,A Clinton Story Fraught With Inaccuracies How It Happened and What Next  The New York Times
3,Emails in Anthony Weiner Inquiry Jolt Hillary Clintonxe2x8x99s Campaign  The New York Times
4,Hillary Clinton emails  whats it all about  BBC News
5,What the FBI Files Reveal About Hillary Clintons Email Server  POLITICO Magazine
6,Fact check 12 questions and answers about Hillary Clintonxe2x8x99s emails
7,Therexe2x8x99s no Hillary Clinton xe2x8x9cemail scandalxe2x8x9d There are four of them Or maybe six Or none  Vox
8,Hillary Clinton  Age Life  Books  Biography
9,Clinton Foundationxe2x8x93State Department controversy  Wikipedia
10,A Timeline of Hillary Clintons Email Saga  ABC News
11,Hillary Clinton Email Everything to Know  Time
12,How Clintonxe2x8x99s email scandal took root  The Washington Post
13,Spinning the FBI Letter  FactCheckorg
14,Hillary Clinton email investigation  Ballotpedia
15,Suspected mail bombs sent to Clinton Obama CNN building and others
16,Will Hillary get charged or what
17,Hillary Clinton Looks Back in Anger  The New Yorker
18,The Corner  National Review
19,FBI in Internal Feud Over Hillary Clinton Probe  WSJ
20,Who is QAnon The Storm Conspiracy Explained  
21,The New York Times nytimes  Twitter
22, Which Republicans Are Against Donald Trump A Cheat Sheet  The Atlantic 
23,Trump Tower meeting emails really bad aide told Trump  News  kokomotribunecom
24,How Biased FBI and DOJ Officials Broke The Law And Tried To Decide The Election  an Annotated Timeline  Political Vanguard
25,FACT CHECK Hillary Clinton to Be Indicted on Federal Racketeering Charges
