,searched
0,Sakineh Mohammadi Ashtiani may not face death by stoning says prosecutor  World news  The Guardian
1,Sakineh Mohammadi Ashtiani subjected to mock execution  World news  The Guardian
2,Sakineh Mohammadi Ashtiani  Wikipedia
3,Iran Indicates Itxe2x8x99s Dropping Stoning Sentence of Woman  The New York Times
4,Irans dilemma over stoning  BBC News
5,MEPs condemn stoning sentence on Iranian Sakineh MohammadiAshtiani
6,French cities rally in support of Iranian sentenced to stoning
7,Sakineh Mohammadi Ashtiani sentenced to death by stoning for adultery NOT released  Daily Mail Online
8,Sakineh Mohammadi Ashtiani Sentenced to be Stoned to Death for Adultery in Iran
9,Iranian stoning case Sakineh Mohammadi Ashtianixc2xb4s forced TV confession  YouTube
10,Iran woman escapes stoning death for adultery  BBC News
11,Irans dilemma over stoning  BBC News
12,Iranian officials Woman may be hanged instead of stoned  CNN
13,Lawyer Who Fled Iran Insists I Had The Right To Defend Sakineh Mohammadi
14,Iran Confession Stoning Sentence a Mockery of Justice  Human Rights Watch
15,Sakineh MohammadiAshtiani Faces Brutal Death by Stoning in Iran  ABC News
16,Ashtianis death sentence suspended says human rights campaigner
17,Will Iran stone Sakineh Mohammadi Ashtiani  The New Republic
18,Iran to air new footage of woman in stoning case  The San Diego UnionTribune
19,Resolution on the human rights situation in Iran in particular the cases of Sakineh Mohammadi Ashtiani and Zahra Bahrami  Marietje Schaake
20,Iranian Woman Not Stoned for Alleged Adultery  Commentary
21,Iranian woman sentenced to death by stoning denounces her lawyer  CNNcom
22,Row over stoning of Iranian woman  Channel 4 News
23,n                Iran TV shows stoning woman acting out husbands murder  Reuters
24,Iran to review womans stoning verdict  World news  MideastN Africa      Iran  NBC News
