,searched
0,Is Obama responsible for a 5 trillion increase in the debt  The Washington Post
1,    n            National debt passes 16 trillion Should you worry  CBS Newsn    
2,National debt reaches 16 trillion as Dems begin their convention  TheHill
3,The National Debt Hit 22 Trillion at the End of 218  Reasoncom
4,Obamas Fiscal Legacy An Overview of Spending Taxes and Deficits
5,Trump I have to straighten out the military before worrying about the 22 trillion debt
6,As Debt Rises the Government Will Soon Spend More on Interest Than on the Military  The New York Times
7,The National Debt How We Got There  ABC News
8,Dueling Debt Deceptions  FactCheckorg
9,Bloomberg  Are you a robot
10,How Paul Ryanxe2x8x99s Hypocritical Fiscal Hysteria Threatens Working Families  Center for American Progress
11,US National Debt Hits Record 22 Trillion  NPR
12,Donald Trump Has US debt fallen since the president took office  BBC News
13,    Obama Debt Doesnt Matter In The Short Term  Business Insidern
14,What Is the National Debt RecordSetting 22 Trillion Doesnt Bother Trump  Rolling Stone
15,CBO Exploding debt under Obama  POLITICO
16,Economic policy of the Barack Obama administration  Wikipedia
17,n                Obama says he will not negotiate with Congress on debt ceiling  Reuters
18,Opinion Mitch McConnell and Congress mix deficits debt and hypocrisy
19,US Deficit by President What Budgets Hide
20,TwentyOne Trillion and Counting How Did We Get Here  Council on Foreign Relations
21,Obama advocates collective action
22,The Five Stages of Obama  WSJ
23,Mitch McConnell Blames Entitlements Not GOP for Rising Deficits  Fortune
