,searched
0,Is Donald Trump right when he says Hillary Clinton deleted 33 emails Yes and no  Vox
1,The FBI Files on Clintons Emails  FactCheckorg
2,xfx9fx94xb4 Trump GOES OFF On Hillary Clinton For Deleting Her 33 Emails After A Subpoena  YouTube
3,Hillary Clinton Deleted 33 Emails After Getting A Subpoena Says Donald Trump  Mango News  YouTube
4,Comments on The Donald dynasty Ivanka Tiffany and the appeal of a dynastic campaign   The Economist
5,Trump cant get it right on Clintons email deletion  POLITICO
6,Is it true that Hillary Clinton deleted 33 emails after being subpoenaed Is that illegal or legal  Quora
7,Why Hillary Clinton Deleted 33 Emails as Secretary of Staten ABC News
8,Trump Twitter Archive
9,Reality Check Donald Trump on Hillary Clinton emails  CNNPolitics
10,Fact Checking Everything Trump and Clinton Said About the FBIs Email Review  NBC News
11,Hillarys 33 emails might not be missing after all
12,Trump Twitter Archive
13,Did Team Clinton destroy evidence under subpoena
14,How hard is it to get a president who actually understands how the Internet works  The Washington Post
15,Fact check Trump Pence xe2x8x98acid washxe2x8x99 facts on FBIs Clinton email probe
16,Trump Clinton Emails Far Bigger Scandal Than Watergate Ever Was Weve Never Seen Anything Like This  Video  RealClearPolitics
17,Donald Trump just openly threatened to throw Hillary Clinton in jail if he becomes president
18,Donald Trump just threatened to prosecute Hillary Clinton over her email
19,Trump Says Hell Imprison Clintons Lawyers Too  Mother Jones
20,Hillary Clintonxe2x8x99s xe2x8x9cObstruction of Justicexe2x8x9d  Email  Server Deletion Was a Crime  National Review
21,FactChecking the Second Presidential Debate
22,Fox News on Twitter 33 emails requested by Congress with a subpoena and they get burned they get deleted and nobody says anything Give me a breakMOMENTS AGO President realDonaldTrump spoke to reporters before departing for NRA conventionxe2x8xa6 httpstcoCoDzqdpTFD
23,Donald Trumps Shocking History of Shredding Documents and Destroying Emails When Hes Under Subpoena  Slog  The Stranger
24,Donald Trump Hillary Clinton should be jailed over deleting 33 emails after Congressional subpoena  MacDailyNews  Welcome Home
25,    n            Factchecking the second presidential debate  CBS Newsn    
26,Hillary Clinton email controversy  Wikipedia
