,searched
0,How I Accidentally Kickstarted the Domestic Drone Boom  WIRED
1,FACT CHECK Insect Spy Drone
2,Its A Bird Its A Plane Its A Drone  NPR
3,Use of Unmanned Aerial Vehicles in Newsgathering The Skyxe2x8x99s the Limit xe2x8x93 Or Is It
4,Unmanned aerial vehicle  Wikipedia
5,Drones and Australian law  CHOICE
6,Amazoncom Prime Air
7,Gifts for people who love flying drones  Popular Science
8,25 Reasons To Love Drones  Popular Science
9,Battle of the drones the little guys taking on the tech giants  Technology  The Guardian
10,Drone Flyaway Tips  What To Do After a Drone Flyaway
11,Loomacres Wildlife Management  Loomacres Wildlife Management Landfills x96 Airport Wildlife Consultants  Wildlife Hazard Assessments x96 Wildlife Hazard Management Plans  Bird Strike Consulting  FAA Qualified Airport Wildlife Biologists x96 BASH x96 Bird Aircraft Strike Hazard Consulting x96 Airport Wildlife Hazard Training x96 Site Visits
12,Gopro facts
13,How can we prevent drone misuse  The Engineer The Engineer
14,Drone DenialofService Attack against Gatwick Airport  Schneier on Security
15,Democratization of Drone Aerial Photography
16,Will This Trick Your Brain Color TEST  YouTube
17,Dji go mod missions
18,What does a survey pilot do
19,Diverse kerbal heads
20,How Do Drones Work  Time
21,Facebookxe2x8x99s new general counsel is a Trump adviser who helped author Patriot Act
22,Whatfinger  Whatfinger News
