,searched
0,Scott Brown vs Jeanne Shaheen in New Hampshire senate race  MSNBC
1,Jeanne Shaheen  Wikipedia
2,WV MetroNews US House voting Wednesday on Obamacare resolution Senate introduces own measure  WV MetroNews
3,Sen Jeanne Shaheen on Twitter Meeting with small businesses in Keene to discuss impact of FCCs repeal of NetNeutrality rules on NH The FCCs decision hurts smallbiz owners  consumers and threatens the innovation economyxe2x8xa6 httpstcoA2YBfniuNY
4,NH Senator Jeanne Shaheen  CSPANorg
5,Jeanne Shaheen  Ballotpedia
6,Fact Check Center  Shaheen for Senate
7,Jeanne Shaheen  New Hampshire Public Radio
8,Scott Brown Announces Senate Campaign In NH Says Health Law Erodes Freedom  WBUR News
9,AlexanderMurray Health Care Bill Faces Challenges From Trump Conservatives  NPR
10,Jeanne Shaheen US Senate  Citizens Count
11,Scott Brown announces NH Senate bid  TheHill
12,Congresswoman Carol SheaPorter  xe5xb8x96xe5xadx9  Facebook
13,Obamacare Fallout Hits Senate Democrats But Not Equally   WUNC
14,rntHassan meets with Concord boy as part of push to save Obamacarern
15,Shaheen Brown Clash in New Hampshire Senate Debate   NECN
16,    n            Alexander and Murray announce 24 cosponsors of bipartisan Obamacare fix  CBS Newsn    
17,One Year from Today
18,You are being redirected
19,Obamacare rescue bill draws 24 sponsors xe2x8x94 GOP and Dems xe2x8x94 in Senate
20,Citizens for a Strong NH Releases First TV Spot What to Cut  Londonderry NH Patch
21,What Can Brown Do For New Hampshire  ABC News
22,Senate Update How This Yearxe2x8x99s Race Sets Up 22  FiveThirtyEight
23,SCOTT BROWN LAUNCHES IN NH Obamacare forces us to live free or log on  CALLS SEN SHAHEEN a nice person but wrong on the issues  TITA FREEMAN to have 3  SNEAK PEEK New Bourdain season  POLITICO
