,searched
0,Romney Tries To Soften Birth Control Message  Shots  Health News  NPR
1,Misleading messages from the Obama campaign on contraceptive mandate  The Washington Post
2,DNC slams Romney pledge to get rid of Planned Parenthood funding  TheHill
3,New Obama TV ad hits Romney over Planned Parenthood funding  TheHill
4,Mitt Romney Bad for Women  Center for American Progress Action
5,Mitt Romney ad says President Obama launched war on religion  National Catholic Reporter
6,Birthcontrol fight unlikely to hurt Obama his strategists say  LA Times
7,Law Fuels Contraception Controversy on Catholic Campuses  The New York Times
8,The xe2x8x9cWar on Womenxe2x8x9d  Books  ideas
9,Day 2 More Convention Canards  FactCheckorg
10,The War on Women  People For the American Way
11,Todays Headlines  Oct 18 212  Kaiser Health News
12,n        Obama and Romney Where they stand on the issues  Center for Public Integrityn            
13,Are your Birth Control Rights Endangered
14,Abortion birth control grab political spotlight  The San Diego UnionTribune
15,A Trump Administration Social Policy Fiats on Day One xe2x8x93 Third Way
16,Political positions of Mitt Romney  Wikipedia
17,Obama and Romney on abortion Iran Israel and more  Jewish Press Omaha
18,MARK WEISBROT GOPs war on women politicizes birth control  The Morning Call
19,Are US Republicans waging a war on women  Catholics for Choice
