,searched
0,The Results Are In Women Are Great For Business But Still Getting Pushed Out
1,Meet the 22 Presidential Candidates  Time
2,Women and the Labyrinth of Leadership
3,As Women Take Over a MaleDominated Field the Pay Drops  The New York Times
4,Tackling Womenxe2x8x99s Underrepresentation in US Politics Comparative Perspectives From Europe  Carnegie Endowment for International Peace
5,The Corner  National Review
6,Women in positions of power  Wikipedia
7,Pew Research Center  Nonpartisan nonadvocacy public opinion polling and demographic research
8,Women in the workforce  Wikipedia
9,Hillary Clinton  Wikipedia
10,Eisenhower Presidential Library
11, The Moynihan Report An Annotated Edition  The Atlantic 
12,UAEU Home
13,The Conversation Indepth analysis research news and ideas from leading academics and researchers
14,  Hours of Work in US History
15,rntOvertheCounter Access to Oral Contraceptives  ACOGrn
16,POLITICO Playbook Get ready for Washingtons annual prom weekend  POLITICO
17,How venture capital must change Gender equality as a business opportunity  TechRepublic
18,Status threat not economic hardship explains the 216 presidential vote  PNAS
