,searched
0,Mass Planned Parenthood Estimates Federal Defunding Would Cut 2 Million A Year In Payments  CommonHealth
1,Fact Check Newts baloneyfilled attacks  Opinion  recordeaglecom
2,n        FACT CHECK Gingrichxe2x8x99s xe2x8x98baloneyxe2x8x99filled attacks on Romney  Center for Public Integrityn            
3,Republicans Against Romney and against Obama who is the lesser of two evils
4,Charlie Baker  Wikipedia
5,Illusions Die Hard
6,Home page
7,FY 217 Final Budget
8,Romney on Romney
9,Mitt Romneyx92s Two Faces
