,searched
0,Mitt super PAC hits Gingrich on China abortion  POLITICO
1,Newt threatens TV stations over ad  POLITICO
2,Romney versus Gingrich a Super PACxe2x8x99s overthetop ad  The Washington Post
3,Gingrich Campaign Threatens to Sue Over Attack Ads  The New York Times
4,Romney Super PAC Ad Hits Newt For Disgusting Attacks  RealClearPolitics
5,Attacks Against Gingrich How Accurate  FactCheckorg
6,rntGingrich Threatens to Sue TV Stations if They Use Romney Ad  Newsmaxcomrn
7,212 Political TV Ads Lies And Videotape  WBUR News
8,212 Political TV Ads Lies And Videotape  NPR
9,Gingrich demands TV stations pull ad  CNN Political Ticker  CNNcom Blogs
10,Fact Checking Anti Gingrich Ad from Romney Group  ABC News
11,ProRomney group goes after Gingrichxe2x8x99s ethics in new ad  TheHill
12,House Session  CSPANorg
13,Truth squadding Romneyxe2x8x99s antiGingrich ads
14,Gingrich Iowa Race a Real Mess  Fox News
15,AMERICAN FREEDOM by BARBARA
16,Thursday January 12  msnbc  Hardball with Chris Matthews  NBC News
17,Hardball Weekend  MSNBCW  January 15 212 4am43am PST  Free Borrow  Streaming  Internet Archive
18,Internet Archive
19,Ted Kennedy  Wikipedia
20,Mike Davis The Last White Election NLR 79 Januaryxe2x8x93February 213
21,test3
