,searched
0,United States Environmental Protection Agency  Wikipedia
1,Text of HR 3641 113th EPA Maximum Achievable Contraction of Technocrats Act of 213 Introduced version  GovTrackus
2,Malignant Mesothelioma Mortality xe2x8x94 United States 1999xe2x8x93215   MMWR
3, What Trumps Budget Proposal Would Mean for the Environment  The Atlantic 
4,Donald Trump Budget Slashes Funds for EPA and State Department  The New York Times
5,FY 211 Annual Report on the Federal Workplace Part II
6,The EPA report on ethanol is 2 years overdue  IGN Boards
7,How the US Governmentxe2x8x99s Deregulation of Mountaintop Removal Threatens Public Health  HRW
8,1K
