,searched
0,Staggering Stats There Have Been More Mass Shootings Than Days This Year
1,Aberdeen Maryland shooting 263 days in 218 262 mass shootings  Vox
2,Mass shootings in the US there have been 1624 in 187 days  US news  The Guardian
3,There Have Been More Mass Shootings in 215 Than Days in the Yearxc2xa
4,There have been 334 days and 351 mass shootings so far this year  The Washington Post
5,There have been 24 mass shootings xe2x8x94 and 24 days xe2x8x94 in 215 so far  The Washington Post
6,Mass shootings in the US 317 mass shootings have occurred in 217 so far
7,    215 massshootings chart  Business Insidern
8,How Often Do Mass Shootings Occur On Average Every Day Records Show  The New York Times
9,No There Has Not Been a Mass Shooting Every Day This Year  Mother Jones
10,There has been at least one mass shooting in the US for every day in 215 xe2x8x94 Quartz
11,A Tally Of Mass Shootings In The US  The TwoWay  NPR
12,Mass shooting  Wikipedia
13,Thousand Oaks shooting is the 37th mass shooting in 218
14,6 Things to Know about Mass Shootings in America  Scientific American
15,Mass shootings in America are a serious problem  and these charts show just why  CNN
16,Florida school shooting brings yearly tally to 17 in 218
17,MAP Every Mass Shooting in America This Year So Far  The Lowdown  KQED News
18,Understanding The Epidemic Of Gun Violence
19,One mass shooting every day Seven facts about gun violence in America
20,215 The Year in Mass Shootings  Rolling Stone
21,FACT CHECK 351 Mass Shootings
22,Mass Shootings Are Getting Deadlier Not More Frequent  POLITICO Magazine
23,Why do some mass shootings make the news and some dont  BBC News
24,Does the Media Cause Mass Shootings  Pacific Standard
