,searched
0,Wild Hog Supper has a twist for legislators
1,Wild Hog Supper  Rising  InsiderAdvantageGeorgia
2,Georgia Food Bank Association  Wild Hog Supper
3,n                n                Ga lawmakers gather for revamped Wild Hog Supper n                  The Covington Newsn            
4,Wild hogs on the loose in Georgia frustrate state officials  Featured Stories  cnhicom
5,Feral hogs on rampage in south Georgia  Farm Progress
6,Wild Hog Supper returns to Atlanta in February
7,Georgia Legislatures Wild Hog Supper rescheduled for February
