,searched
0,Weapons Act WaffG
1,NRA fingerprints in landmark healthcare law  The Washington Post
2,Gun politics in the United States  Wikipedia
3,My Health Record  Australian Privacy Foundation
4,Frequently Asked Questions  State of California  Department of Justice  Office of the Attorney General
5,Laws and Regulations  SAMHSA  Substance Abuse and Mental Health Services Administration
6,FAQ on Government Access to Medical Records  American Civil Liberties Union
7,rntGuns  Gallup Historical Trendsrn
8,26 US Code  613   Confidentiality and disclosure of returns and return information  US Code  US Law  LII  Legal Information Institute
9,Medical assistance in dying  Canadaca
10,Statutes  Constitution rn      View Statutes rn    rn  rn  Online Sunshine
11,The Gun Debate  FactCheckorg
12,The ADA National Network Disability Law Handbook  ADA National Network
13,Party Platform  Democrats
14,Healthcare  Just Facts
15,New Illinois Laws in 219 take effect January 1  abc7chicagocom
16,Overview of the Privacy Act of 1974  OPCL  Department of Justice
17,n      Federal Registern        n      BumpStockType Devicesn    
18,5172 Federal Tax Liens  Internal Revenue Service
