,searched
0,IRS Targeting of Conservatives Wrong Most Say in Poll  The New York Times
1,Attorney general orders criminal review of IRS  LA Times
2, Proof the IRS Didnt Target Just Conservatives  The Atlantic 
3,IRS Focused On Tea Party And Conservative Groups According To Court Filings  NPR
4,As IRS Targeted Tea Party Groups It Went After Progressives Too  NPR
5,Another Court Ruling Confirms IRS Illegally Targeted Tea Party and Conservative Groups  Competitive Enterprise Institute
6,rntAmericans Think Officials Knew About IRS Political Targeting rn
7,    n            IRS targeting scandal Liberal organizations are angry too  CBS Newsn    
8,The IRS Tea Party Scandal Explained  Mother Jones
9,Report Says IRS Approved TaxExempt Status For Twice as Many Conservative Groups as Liberal Groups  Mother Jones
10,IRS targeting controversy  Wikipedia
11,Tea Party IRS Controversy  Resources  Updates  Progress Texas
12,rntIRS Wont Change Targeting Criteria That Includes Tea Party Groups  Newsmaxcomrn
13,New IRS scandal revives past allegations against agency  Fox News
14,TaxProf Blog
15,FBI Opens Criminal Probe of IRS Monitoring of TeaParty Groups  WSJ
16,Internal Revenue Service Scrutiny of NonProfit Groups Panel 2  CSPANorg
17,In Congress Legislation and Scandals Vie for Attention
18,Another Judge Confirms IRS Targeted Tea Party Groups
