,searched
0,Dont Buy the Sales Tax
1,n          What Is the Evidence on Taxes and Growth  Tax Foundationn      
2,n          The Least Harmful Ways to Raise Government Revenue  Tax Foundationn      
3,How do taxes affect the economy in the long run  Tax Policy Center
4,How do taxes affect the economy in the short run  Tax Policy Center
5,On what do economists agree and disagree about the effects of taxes on economic growth  Tax Policy Center
6,Consumption tax  Wikipedia
7,What Could Raising Taxes on the 1 Do Surprising Amounts  The New York Times
8,rnrnrn        Legislative Testimony for LB314 Adopt the Remote Seller Sales Tax Collection Act and change revenue and taxation provisions  Research  Platte Institutern    
9,COST  Council On State Taxation
10,Stamp duty fever the bad economics behind swapping stamp duty for land tax
11,The Good the Bad and the Ugly How Do Tax Incentives Impact Investment  Center For Global Development
12,13 Inspirational Quotes About Taxes  Inccom
13,How tax can reduce inequality  OECD Observer
14,Does Lowering the Corporate Tax Rate Spur Economic Growth
15,Tax experts economists say Daytonxe2x8x99s business sales tax is a bad idea  MinnPost
16,You are being redirected
17,GovHK How Property Tax is Computed
18,Publication 334 218 Tax Guide for Small Business  Internal Revenue Service
19,Experts Address Economic Growth How Far Can Colorado Go  Glendale Cherry Creek Chronicle
20,Trumps Tax Reform Plan Explained
