,searched
0,As 218 campaign looms Rauner could find it tougher to avoid talking Trump  Chicago Tribune
1,Rauner embrace of Trump means more questions about president  Chicago Tribune
2,Madigan Rauner and Trump are Linked Together in Extremism   NBC Chicago
3,Bruce Rauner interview 218 Governor thanks Donald Trump talks about Mike Madigan beating JB Pritzker
4,Gov Bruce Rauner hopes to meet with President Donald Trump during weekend Illinois visit
5,Rauners reluctant embrace of Trump a reelection tightrope
6,Illinois Issues Moneyball  The 218 Illinois Governors Race  News LocalState  Illinois Public Media
7, Democrats at Illinois State Fair taunt GOPs Trump reluctance  News  The State JournalRegister  Springfield IL
8,Chris Christie  Wikipedia
9,Illinois Issues Rauner Trump And The Lure Of The CEO Politician  NPR Illinois
10,Turning Point USA  Wikipedia
11,Mike Pences Man in the Swamp  The Huffington Post
