,searched
0,Iran nuclear deal Key details  BBC News
1,Trumpxe2x8x99s Iran nuclear deal announcement explained 6 questions you need answered  Vox
2,The Impact of the Iran Nuclear Agreement  Council on Foreign Relations
3,What Changes and What Remains in the Iran Nuclear Deal  The New York Times
4,6 Things You Should Know About The Iran Nuclear Deal   The TwoWay  NPR
5,Bloomberg  Are you a robot
6,The Iranian Nuclear Deals Sunset Clauses  Foreign Affairs
7,How We Got the Iran Deal And Why Well Miss It
8,Irans Nuclear Capabilities Fast Facts  CNN
9,rntNuclear Power in Iran  World Nuclear Associationrn
10,US Strategy the JCPOA Iranian Nuclear Arms Agreement and the Gulf Playing the Long Game  Center for Strategic and International Studies
11,The Historic Deal that Will Prevent Iran from Acquiring a Nuclear Weapon  The White House
12,Nuclear program of Iran  Wikipedia
13,Iran  isisreports  Institute for Science and International Security
14,rntThe Iran Nuclear dealxe2x8x94facts issues stakeholders and Australian policy a quick guidern    rn      Parliament of Australiarn
15,Iranxe2x8x99s nuclear file recommendations for the future  American Academy of Arts and Sciences
16, Two Years on the Iran Deal is Working  The Atlantic 
17,The Trump Administration and the Iran Nuclear Deal Analysis of Noncompliance Claims  Carnegie Endowment for International Peace
18,Fact check Trumpaposs claim that Iran could build nuclear weapons in seven years  Chicago Tribune
19,Iran Nuclear Agreement and US Exit  EveryCRSReportcom
