,searched
0,Ahead of 22 Florida GOP tries to rein in ballot measures
1,Republican Party of Florida
2,Republican Party United States  Wikipedia
3,Floridas Vote Counting Controversy Spells Trouble for 22  Time
4,Joe Gruters for Florida State Senate  District 23  Joe Gruters Common Sense Conservative
5,Sandersbacked progressive Andrew Gillum will win Florida Democratic governors race CNN projects  CNNPolitics
6,Turmoil in another Florida election Slow counts ballot design questions and conspiracy theories  Sun Sentinel
7,Three candidates seek Brevard Republican Party chairman post
8,Green New Deal Spurs Republicans to Form Conservation Caucus  Time
9,United States Senate election in Florida 218  Ballotpedia
10,Rick Scott  Ballotpedia
11,Sandersbacked progressive Andrew Gillum will win Florida Democratic governors race CNN projects  CNNPolitics
12,Primary results Dems pick Berniebacked progressive for Florida governor and other takeaways   CNNPolitics
13,Is the GOP having a senior moment in 218  CNNPolitics
14, Ron DeSantis and the Future of the GOP  The Atlantic 
15,Florida primary 218 A look at Central Florida candidates issues  Orlando Sentinel
16,Issues Archive  League of Women Voters of Florida
17,Party Platform  Democrats
18,Congressman Matt Gaetz  Representing the 1st District of Florida
19,House Committee on Financial Services  GovTrackus
20,How the Rapper Pitbull Has Divided Floridas Top Politicians
21,Top Republicans are already talking about cutting Medicare and Social Security next  Vox
22,Bloomberg  Are you a robot
