,searched
0,rntEmployment by industry statistics a quick guidern    rn      Parliament of Australiarn
1,Manufacturing Job Loss Trade Not Productivity Is the Culprit  Economic Policy Institute
2,US manufacturing producing more with fewer workers  Pew Research Center
3,Trumps Numbers Second Quarterly Update  FactCheckorg
4,Occupational employment projections to 224  Monthly Labor Review US Bureau of Labor Statistics
5,US has lost 5 million manufacturing jobs since 2 
6,Portrait of Canadas Labour Force
7,How Technology Is Destroying Jobs  MIT Technology Review
8,rntWhat the future of work will mean for jobs skills and wages Jobs lost jobs gained  McKinseyrn
9,rntTechnology jobs and the future of work  McKinseyrn
10,1 facts about American workers  Pew Research Center
11,218 Employee Engagement  Loyalty Statistics
12,Global manufacturing scorecard How the US compares to 18 other nations
13,4 Ways Companies Kill Employee Vacations  Inccom
14,NAFTAs Winners and Losers
15,A World Without Work  The Atlantic
16,Economy of Japan  Wikipedia
17,Trumps Numbers  FactCheckorg
18,UK Manufacturing Statistics
19,Trade and Globalization  Our World in Data
20,Job applications online for 15 year olds
21,As Ford Exits the Russian Car Market Its Sacked Workers Fight for a Fair PayOff
22,Young employees  Employment New Zealand
23,Boeing The Boeing Company General Information
