,searched
0,List of automobiles manufactured in the United States  Wikipedia
1,Texas may pass a law preventing Tesla from fixing its own cars xe2x8x94 Quartz
2,The Future of American Manufacturing
3,The Transformation of the Texas Economy  The Texas Politics Project
4,Manufacturing  Honda In America
5,Toyota USA  Toyota Operations Map  Design Engineering  Marketing
6,Top selling products from each state
7, Ford xe2x8x93 New Cars Trucks SUVs Crossovers  Hybrids  Vehicles Built Just for Youxe2x8x8e  Fordcom
8,Economy  Alliance of Automobile Manufacturers
9,Buying a New or Used Car  Office of the Attorney General
10,Where Are Toyota Trucks Built  Street Toyota
11,Economy of Texas  Wikipedia
12,Requirements for importing a personal vehicle  vehicle parts
13,Remanufactured engines transmissions and differentials  JASPER Engines
14,TriState Ford  New Used Cars Trucks SUVs  Amarillo TX
15,Innovation 1 Years of the Moving Assembly Line  Ford Motor Company 
16,Top states to find a job in America in 217
17,Texas Sales Tax Guide for Businesses
18,Floridas Economy The 6 Industries Driving GDP Growth
19,Facility Locations  HarleyDavidson USA
20,  The History of the Aerospace Industry
21,See Maps Showing Where FBI Planes Are Watching From Above
22,n            Oil and Texas A Cultural History  Texas Almanac        
23,Automax Ford  Ford Dealership in Killeen TX
24,rntUniversal Technical Institutern
25, United States Traveling by Car in the United States  TripAdvisor 
