,searched
0,Planned Parenthood Fact v Fiction  House Committee on Oversight and Reform
1,Court affirms media was wrong Those videos of Planned Parenthood dealing in baby parts were not deceptively edited
2,Planned Parenthood Guilty of Selling Baby Body Parts for Profit One Year Later PPSellsBabyParts  YouTube
3,Planned Parenthood Investigations Find No Fetal Tissue Sales  NPR
4,FACT CHECK Does This Video Prove Planned Parenthood Sells Fetal Tissue Illegally
5,Justice Dept Investigating Fetal Tissue Transfers by Planned Parenthood and Others  The New York Times
6,Planned Parenthood 215 undercover videos controversy  Wikipedia
7,Court rules against Planned Parenthood in Texas xe2x8x98sting videosxe2x8x99 case bringing it a step closer to getting defunded  The Washington Post
8,Planned Parenthood Ordered to Answer Questions About its Sale of Aborted Baby Parts  California Family Council
9,Planned Parenthood to testify on illegal selling of baby body parts  California Catholic Daily
10,Grand jury indicts 2 behind Planned Parenthood videos
11,Unspinning the Planned Parenthood Video  FactCheckorg
12,Planned Parenthood Is Not Harvesting Baby Parts  Rolling Stone
13,The Man Who Secretly Taped Planned Parenthood Could Be Going To Prison xe2x8x94 Alongside His Criminal Lawyers
14,rntAn Early Christmas Present FBI Investigating Planned Parenthood over Baby Part Salesrn
15,Portal STF Internacional
16,Planned Parenthood under investigation by Justice Department over sale of fetal tissue  Fox News
17,The bizarre new allegations about Planned Parenthood and landfills explained  Vox
18,The real story behind those Planned Parenthood videos  CNNPolitics
19,Fetal Tissue Attack Is Latest Tactic In Long GOP Fight Against Planned Parenthood  Kaiser Health News
20,Companies admit illegal fetal tissue sales end California operations Is Planned Parenthood next  Catholic World Report
