,searched
0,What were the first words spoken on the moon  Quora
1,What is the name of the person who did the countdown for the moon landing  Quora
2,Were Neil Armstrongs first words on the Moon approved by NASA before the mission  Quora
3,Who said The eagle has landed and where did they say it  Quora
4,What did Neil Armstrong say on the moon  Quora
5,Houston we have a myth What was really the first word spoken from the moon  khoucom
6,The Real first words spoken on the Moon 1969 Untransmitted  YouTube
7,Hear what Neil Armstrong really said on the moon  Houston Chronicle
8,What was the first word spoken from the Moon
9,What were the last words spoken on the moon
10,What was the first word spoken from the surface of the moon
11,The Real First Words Spoken On The Moon  And What They Meant  YouTube
12,Remembering Apollo 11s historic Moon landing
13,44 Years of Debating the First Words Ever Spoken on the Moon  Facts So Romantic  Nautilus
14,Orion Spacecraft on Twitter Houston First word spoken from the moon Looking forward to hearing it from Mars Happy MCC5th httptcorsKNGtJLTy
15,Neil Armstrong  Wikiquote
16,45 years of Apollo 11 Of first words and of aliens on moon  Tech Times
17, What Were the Last Words Spoken on the Moon  The Atlantic 
18,Neil Armstrongs First Words One Small Fib or Giant Leap by Brother  Space
19,First word spoken from the Moon  collectSPACE Messages
20,First words from the moon Houston or other  collectSPACE Messages
21,First Words spoken on the Moon by the Apollo Astronauts
22,Is Neil Armstrongs famous Moonlanding quote really a misquote
23,Houston First Words Spoken from the Moon
24,First word said from the moon Houston Actually the first words were Contact Light as the module touched down  Science and Space  Nasa space program xe2x8xa6
25,FACT CHECK Neil Armstrongs First Words on the Moon
26,The first word spoken from the moonHouston Tranquility Base here  Review of Space Center Houston Houston TX  TripAdvisor
