,searched
0,PolitiFact NJ Christie blasts Corzine for giving away 14 percent raises vowing to fight for union workers  njcom
1,NJ Senate race Bob Menendez stance with voters has gone up and down
2,Exit everyman How the Jersey Democratic bosses destroyed Dick Codey and unleashed Chris Christie
3,Chuck Schumer  Wikipedia
4,Commanding Heights  Episode 3  on PBS
5,Simon Johnson The Quiet Coup  The Atlantic
6,The Worker Voice Series When Worker Voice is Only a Whisper Part 1 of 3  Ulula
7,Stephen Sweeney  CBS New York
8,House Vote 111417  CSPANorg
9,Todays news from PoliticsNJcom  Observer
10,EnlightenNewJersey March 25
11,Sources United Lobbyist Now Christie Cabinet Member Tried to Stop Bridgegate Probe  WNYC  New York Public Radio Podcasts Live Streaming Radio News
12,  
13,Step It Up
14,GOP Guvs With 16 Ambitions Hamstrung By Budget Crises Of Own Making  Talking Points Memo
15,Inside the Koch Brothers Toxic Empire  Rolling Stone
16,CNNcom  Transcripts
17,CNNcom  Transcripts
18,n        Takdaxs nya hemsida  Takdax    
19,Jersey Conservative
