,searched
0,PolitiFact NJ Chris Christie says New Jersey has highestever education funding level  njcom
1,    n            Election 216 Chris Christie says eliminating teachers unions would be nirvana  CBS Newsn    
2,Chris Christie says Trump and Kushner thought firing Michael Flynn would make Russia probe go away  Daily Mail Online
3,NJ Gov Chris Christie Seeks Schools ShakeUp  WSJ
4,PolitiFact NJ Chris Christie claims states gained 143 new privatesector jobs  njcom
5,Interview with Chris Christie New Jerseys Failed Experiment  WSJ
6,    Chris Christie The national teachers union deserves to be punched in the face  Business Insidern
7,Gov Christie spars with teacherxe2x8x99s husband about pensions  YouTube
8,You didnt get firedxe2x8x99 Christie offers new evidence Trump avoids confrontation  US news  The Guardian
9,Christie Teachers union deserves punch in the face  POLITICO
10,Chris Christie  Wikipedia
11,Governor Christiexe2x8x99s Talk Is Not Always Straight  The New York Times
