,searched
0, RI tops in use of marijuana and illicit drugs survey finds  Interactive  News  providencejournalcom  Providence RI
1,216 Drug Trends in Rhode Island
2,RIgov Rhode Island Government
3,Drug Abuse and Treatment Options in South Kingstown Rhode Island  Clinical Services of Rhode Island Treatment Center
4,    n            Which states have the biggest drug problems  CBS Newsn    
5,Rhode Island Inpatient Drug Rehab and Addiction  Addiction Center
6,How the Smallest State is Defeating Americas Biggest Addiction Crisis  POLITICO Magazine
7,Alcohol the Biggest Addiction Problem in New Hampshire  Sobering Up
8,Rhode Island Prisons Push To Get Inmates The Best Treatment For Opioid Addiction  Vermont Public Radio
9,Bleak New Estimates in Drug Epidemic A Record 72 Overdose Deaths in 217   The New York Times
10,Rhode Island Opioid Summary  National Institute on Drug Abuse NIDA
11,Delegation Announces 125 Million in Opioid Funding Available to Rhode Island  Congressman Jim Langevin
12,Pawtucket Rhode Island Drug Abuse Rehab
13,Study the USxe2x8x99s drug overdose crisis is the worst among wealthy nations  Vox
14,Facts About Drug Abuse and Homelessness in America
15,Substance Abuse Facts Questions and Answers  Learn More
16,State Estimates of Adolescent Marijuana Use and  Perceptions of Risk of Harm From Marijuana Use 213 and 214
