,searched
0,Expanding Medicaid in All States Would Save 14 Lives Per Year  Center for American Progress
1,Crist Rick Scott To Blame For Deaths Through Refusal To Expand Medicaid  Talking Points Memo
2,This 32YearOld Florida Woman Is Dead Because Her State Refused To Expandxc2xaMedicaid  ThinkProgress
3,Will RedState Voters Expand Medicaid This Fall
4,Effect of the Affordable Care Act in Florida  Ballotpedia
5,n     A statebystate guide to Medicaid Do I qualifynnn        Policygeniusn
6,Three deep red states vote to expand Medicaid  The Washington Post
7,The battle over Medicaid expansion in 213 and 214 explained  Vox
8,Many ExInmates Left Out Of Medicaid Expansion That Was Supposed To Help Them  Shots  Health News  NPR
9,The death toll from blocking Medicaid expansion  Facing South
10,Medicaid coverage in your state  healthinsuranceorg
11,Medicaid expansion tied to fewer heartrelated deaths study finds
12,The PPACAxe2x8x99s Health Insurance Exchanges and Medicaid Expansion  Cato Institute
13, GUEST EDITORIAL Red states expanding Medicaid  News  Northwest Florida Daily News  Fort Walton Beach FL
14,The votes have been counted the results are mostly in Whatxe2x8x99s next for health care
15,These Volunteers Are Battling Idahoxe2x8x99s Government To Expand Medicaid
16,Proposed Changes to Medicaid Expansion in Kentucky  The Henry J Kaiser Family Foundation
17,Why Medicaid is a Humanitarian Catastrophe
