,searched
0, PolitiFact Release of criminal immigrants not all Obamas choice  News  Austin AmericanStatesman  Austin TX
1,Your Turn May 31  San Antonio ExpressNews
2,Why Hillary Clinton  John Kerry Share Responsibility for Criminal Alien Releases  Center for Immigration Studies
3,rntThailand 218 Crime  Safety Report Bangkokrn
4,Immigration Enforcement  CSPANorg
5,fakenewstestcsv at master xc2xb7 rampkitsfakenews xc2xb7 GitHub
6,xe6x82xa8xe6xadxa3xe5x9cxa8xe8xaexbfxe9x97xaexe7x9ax84xe5x9fx9fxe5x9x8dxe5x8fxafxe4xbbxa5xe8xbdxacxe8xaexa9xe5x87xbaxe5x94xae
7,Obama And Immigration  Refugee Policy  Discover the Networks
8,Howell Woltz  Blog
9,prismacarcere1
10,Immigration Issues  Violating the Law
