,searched
0,As of July 1 guns are legal oncampus in Georgia
1,Common Arguments Against Campus Carry
2,Georgia Gun Law Prompts Backlash From Churches  Time
3,More states are allowing guns on college campuses
4,Gun Control  Just Facts
5,Gun politics in the United States  Wikipedia
6,Concealed carry in the United States  Wikipedia
7,The ADA National Network Disability Law Handbook  ADA National Network
8,Sex Offender Laws in the US  HRW
9,Hammonton nj police scanner
10,FREEDOM OF EXPRESSIONxe2x8x94SPEECH AND PRESS  US Constitution Annotated  US Law  LII  Legal Information Institute
11,Understanding the Working College Student  AAUP
12,Party Platform  Democrats
13,Advancing Diversity in Law Enforcement
14,One War Two Races  Sarasota HeraldTribune Media Group  Punishment
15,the demands
