,searched
0,PolitiFact NJ Chris Christie touts record in video preview of State of the State address  njcom
1,Chris Christie Accomplishments  Governor of New Jersey
2,Governor Chris Christie The Jersey Comeback Has Begun  YouTube
3,Full transcript  George Osborne  212 Budget speech  House of Commons  21 March 212
4,Budget for Federal  Balancing Act
5,Can the Government Create Jobs  The Takeaway  WNYC Studios
6,George Osbornes Budget speech in full  Telegraph
7,Budget Speech
8,Simple PAYE Taxes Guide  Tax Refund Ireland
9,How To Pay Little To No Taxes For The Rest Of Your Life
10,n      Budget 213 Chancellorxe2x8x99s statement  GOVUKn  
11,You are being redirected
12,Live Budget 219  The Irish Times
13,Government Policies and Actions that Are Impediments to Job Creation  Center for American Progress Action
14,rnt25 Reforms in 211 xe2x8x93 Michigan Capitol Confidentialrn
15,Remarks by the President at a Backyard Discussion in Des Moines Iowa  whitehousegov
16,Mayor Greg Fischers prepared budget address  LouisvilleKygov
17,Hansard xe2x8x94 Tuesday February 2 218 pm xe2x8x94 Number 82 HTML
18,nWashingtonPostcom Text of Presidential Debaten
19,If You Cant Live on 4 Per Year Its Your Own Fault  Len Penzo dot Com
20,Request Rejected
21,Tell Us Why The Flat Tax System Isnt Fair Because It Is
