,searched
0,PunditFact Calls an Accurate Assertion About the Clinton Foundation by the Federalist and Rush Limbaugh Mostly False
1,Conservative webmag goes to war with Clintonconnected factchecker
2,The Bombardment of the Clinton Crime Family Foundation Continues  The Rush Limbaugh Show
3,What Bill and Hillary Clintons Controversial Foundation Actually Does  Fortune
4,Where Does Clinton Foundation Money Go  FactCheckorg
5,Comparing The Donald Trump And Hillary Clinton Foundations  NPR
6,How to Save the Clinton Foundation  The New Yorker
7,What do the Clinton charities actually do and where does their money go
8,Clinton And Trumps Final Debate FactCheck From NPR Politics  Vermont Public Radio
9,Kaine And Pences Vice Presidential Debate FactCheck From NPR Politics  Vermont Public Radio
10,Mr Punky Kitten April 215
11,Donald Trump Raised More Than 5 Million in June beating expectations page 3
12,How Much Money Do The Top Income Earners Make By Percentage
13,NonProfit Organizations and Politics  CSPANorg
