,searched
0,FACT CHECK Photograph Shows President Obama Holding Che Guevara TShirt
1,Barack Obama Cuban Che Guevara Mural Photo Sparks Fury  Time
2, Conservatives React Harshly to Obama Photo in Front of Che Guevara Mural  The Atlantic 
3,    Obama photographed with Che Guevara mural in Cuba  Business Insidern
4,Che Guevara Mural Looms Large Behind Obama During Cuba Visit
5,Che Guevaras son on Obama in Cuba Maybe we can influence US in a positive way  World news  The Guardian
6,DisgraceObama stands in front of Che Guevara sculpture during photo op
7,Barack Obama Che Guevara and the American People  National Review
8,Obama Che Guevara Flag Scandal
9,Obamas In Cuba xe2x8x94 Heres What You Should Know  Digg
10,Obama meets Castro for first time in historic meeting in Cuba  World News  Haaretzcom 
11,The Enduring Image of Obama and Mass Murderer Che Guevara  The Stream
12,Would Che Guevara oppose warmer USCuba relations  BBC News
13,Obama and Raxc3xbal Castroxe2x8x99s Awkward Embrace in Cuba  The New Yorker
14,rntTed Cruz Blasts Disastrous Cuba Trip as Obama Poses at Che Guevara Mural  Newsmaxcomrn
15,President Obamas visit to Cuba  The Boston Globe
16,Son of Che The life of Camilo Guevara
17,Che Guevara in popular culture  Wikipedia
18,Barack Obama Che Guevara Mens TShirts  CafePress
19,New hope for Cuba  CNN
20,Barack Obama brings message of change to Cuba meeting with Raul Castro  CBC News
21,n                Leaders pay tribute to Fidel Castro but critics scathing of tyrant  Reuters
