,searched
0,The states where pensions are safe xe2x8x94 and where theyxe2x8x99re in trouble   MarketWatch
1,    Rhode Islands Pension Liabilities Are Now The Worst In The Country  Business Insidern
2,Is your public pension safe States with the best retirement funding
3,US Pensions In Crisis But Not In Rhode Island  NPR
4, Dickinson attacks Raimondo on pension overhaul  News  providencejournalcom  Providence RI
5,n          How WellFunded are Pension Plans in Your State  Tax Foundationn      
6,For Rhode Island the Pension Crisis Is Now  The New York Times
7,Crowdfunded Rhode Island State Pension Investigation Finds 2 Billion in Preventable Losses
8,Bloomberg  Are you a robot
9,Bloomberg  Are you a robot
10,RIxe2x8x99s precarious pension path Time has come to pay for past promises   SABEW
11,The Best And Worst States For Retirement All 5 States Ranked  Bankratecom
12,Overpromising has crippled public pensions A 5state survey xe2x8x93 Wirepoints Special Report  Wirepoints
13,The best and worst states to retire
14,State Fiscal Rankings  Mercatus Center
15,Pew Study Finds Shortfall in States Retirement Systems Has Grown To At Least 138 Trillion  The Pew Charitable Trusts
16,How Congress Can Help State Pension Reform  National Affairs
17,Every states pension crisis ranked
18,Investment Performance  Investment Information Center  Rhode Island State Investment Commission
19,Alaskaxe2x8x99s bold solution to its pension crisis
