,searched
0,No Flag on Obamas Plane  FactCheckorg
1,FACT CHECK Barack Obama Removes Flag from Air Force One
2, Fact Check Air Force Ones logos still the same  News  The Florida TimesUnion  Jacksonville FL
3,Trump Wants to Redesign Air Force One Heres Why Its Blue  Time
4,A History of President Obamaxe2x8x99s 8 Years in Office
5,QA A look at Trumps call to cancel new Air Force One
6,Chart Almost Every Obama Conspiracy Theory Ever  Mother Jones
7,Air Force One  History and Facts  Britannicacom
8,Obama TRUTH
9,CALIFORNIA  YANKEE Obama Replaces American Flag With Obama Logo
10,Presidential Politics Obama Replaces American Flag With Obama Logo
11,Politico ABCs The Note spotlighted Wash Times article reviving Obama flag smears
12,American Flag Disappears From Obama Campaign Jet  Now The End Begins
13,Barack Obama  Wikiquote
14,McClatchy Watch Obamas campaign removes American flag from campaign plane replaces it with O emblem
15,Trump Wants to Redesign Air Force One Heres Why the Presidential Plane Looks the Way It Does
16,Air Force One  whitehousegov
17,USCuban relations are about to get worse
18,Donald Trump  Wikipedia
19,Two Additions to the Political Reading List xe2x8x98Unbelievablexe2x8x99 xe2x8x98Thanks Obamaxe2x8x99  The Atlantic
20,Godxe2x8x99s Plan for Mike Pence  The Atlantic
21,UpsideDown Flags Mark Conservative Anger Over Obama  The New York Times
22,The white flight of Derek Black  The Washington Post
23,Reddit and the Struggle to Detoxify the Internet  The New Yorker
24,John McCain Wasnt a Hero
