,searched
0,Exsenator uses American Hustle connection in Oscar ad  TheHill
1,rntGOP ExSen Pressler Ties Comeback Bid to American Hustle   Newsmaxcomrn
2,Larry Pressler quote American Hustle shows the FBI making reallife bribes to Washington
3,Biography xe2x8x93 US Senator Larry Pressler xe2x8x93 217
4,Meet Larry Pressler the Most Interesting Candidate of 214  VICE
5,Pressler American Hustle ad to air during Oscars  The Daily Republic
6,Monday March 3  msnbc  Hardball with Chris Matthews  NBC News
7,Abscam  Wikipedia
8, How Did Members of Congress Get So Wealthy  The Atlantic 
9,Larry Pressler Real quote American Hustle shows the FBI making realli
10,How xe2x8x98American Hustlexe2x8x99 Is Helping One Former Senatorxe2x8x99s Campaign 
11,Bribes Quotes Pictures Phrases Thoughts Sayings  Status Images
12,Full text of Various Christian Literature Works And Deviant Teachings
13,CNNs GUT CHECK for March 3 214  CNN Political Ticker  CNNcom Blogs
14,Larry Pressler quotes top 2 famous quotes by Larry Pressler
15,We have a political problem no one wants to talk about very old politicians  Vox
16,The Daily Show with Trevor Noah  Series  Comedy Central Official Site  CCcom
