,searched
0,Harry ReidSharron Angle race gets even uglier in Nevada  LA Times
1,Adwatch Angle on Privacy  Sex Offenders
2,Angle ad He gives predators Viagra  POLITICO
3,Vote 21 Elections Sharron Angle Attacks Harry Reid in Nevada Senate Debate  ABC News
4,ReidAngle ad war turns sordid  Las Vegas ReviewJournal
5,Nevadas Reid Angle To Face Off In Debate  NPR
6,Sharron Angle  Political Correction
7,Harry Reid Sharron Angle Debate Part 4 xcexbcxcexb5 xcfx85xcfx8xcfx8cxcfx84xcexb9xcfx84xcexbbxcexbfxcfx85xcfx82  Amara
8,CrazyStupid Republican of the Day xe2x8x94 Sharron Angle
9,Nevada Harry Reid Says Republicans Dont Want a GOP quotWith Her Brand On Itquot
10,This years attack ads cut deeper  seattlepicom
11,Nevada Senate Race  CSPANorg
12,Adwatch Harry Reid Viagra  Sex Offenders
13,This years attack ads cut deeper  Molly Ball  POLITICOcom
14,Democrats settle bruising primary for Nevada governor
15,rnttNevada Primary Tees Up Battleground Governor Senate Races  capradioorgrnt
16, Sharron Angle on the Issuesrn
17,Angles Shocking  and Misleading  Viagra Claim  FactCheckorg
18,The truth behind 1 big lies this election year
19,The Moneyball of Campaign Advertising Part 1  FiveThirtyEight
20,Health Reform Viagra Sex Offenders  CHEAP MEDICATIONS ONLINE
21,Desert Storm  The New Yorker
