,searched
0,Stimulusbailout confusion  The New York Times
1, Campaign ad watch Jon Husted for Ohio  News  The Columbus Dispatch  Columbus OH
2,218 Campaign for a Family Friendly Economy Questionnaire Responses  Campaign for a Family Friendly Economy
3,Ohio 15th District Jon Husted    Not to be trusted
4,Ohio 15th District September 21
5,Itxe2x8x99s the politiciansxe2x8x99 turn to step up as central banks vacate extraordinary stimulus OECD   MarketWatch
6,We cant just be the party of redistribution of wealth Cong Tim Ryan DOH  Daily Business News
7,xdx9exd1x84xdxb8xd1x86xdxb8xdxbxdxbbxd1x8cxdxbdxd1x8bxdxb9 xd1x81xdxbxdxb9xd1x82 xdxbexd1x82xdxb5xdxbbxd1x8f Green House Detox  SPA 4 xdxb2 xdxa1xdxbexd1x87xdxb8
8,American Economic Association 215 ASSA Preliminary Program
9,Brad DeLongs Grasping Reality
10,rnt Orca Network News Archive  July 29rnt
11,The Automatic Earth August 5 29 Millions long for immortality
