,searched
0,n                Congress wins relief on Obamacare health plan subsidies  Reuters
1,Hensarling We Need Fairness for the American People
2,4 ways Obamacare is changing for 219  CNNPolitics
3,Obamacare 219 is already in trouble
4,Why Is Obamacare Enrollment Down  The New York Times
5,Trump strikes a blow for healthcare freedom
6,Groups opposing the American Health Care Act  Congressman Jim Cooper
7, The Federal Government Is Shutting Down  The Atlantic 
8,American Health Care Act of 217  Wikipedia
9,Trump Administration To End Obamacare Subsidies For The Poor  NPR
10,Section 1332 Waiver Gives States Option In 22 For Marketplace Subsidies On Health Plans Without Comprehensive BenefitsKaiser Health News
