,searched
0,Oil and natural gas extraction on federal land  Ballotpedia
1,Fossil Fuel Extraction on Public Lands Produces One Quarter of US Emissions  Scientific American
2,How Has Fracking Changed Our Future
3,Clinton and climate activists have some real disagreements over fossil fuels  Grist
4,In the Blink of an Eye a Hunt for Oil Threatens Pristine Alaska  The New York Times
5,The Trump Administration Is Selling Your Public Lands on the Internet  Center for American Progress
6,Obamas Drilling Denials  FactCheckorg
7,Congress moves to give away national lands discounting billions in revenue and millions of jobs  Environment  The Guardian
8,Economic Impact of Public Lands Increases by 4 Million in First Year Under President Trump  US Department of the Interior
9,138 things Trump did this year while you werent looking
10,Federal Oil and Gas Royalty and Revenue Reform  Center for American Progress
11,New Mexico  State Energy Profile Analysis  US Energy Information Administration EIA
12,Trump budget cuts 219 What Trump proposed cutting in his budget  Washington Post
13,Northern Fights  Earthjustice
14,Hydraulic fracturing in the United States  Wikipedia
15,California invested heavily in solar power Now theres so much that other states are sometimes paid to take it  Los Angeles Times
16,Trump Shrinks Bears Ears And Grand StaircaseEscalante National Monuments  The TwoWay  NPR
17,How to Sustainably Feed 1 Billion People by 25 in 21 Charts  World Resources Institute
18,GSA Today  Land transformation by humans A review
19,COWSPIRACY The Sustainability Secret
20,The most important science policy issue in every state  Popular Science
21,LCV Victory Fund Announces 99K Ad Campaign Exposing Matt Rosendalexe2x8x99s Ties to Texas Billionaires Whoxe2x8x99ve Blocked Access to Public Lands  League of Conservation Voters
