,searched
0,Republican Candidates Hold First Debate Differing on Defining Partyxe2x8x99s Future  The New York Times
1,Transript The debate  The New York Times
2,RealClearPolitics  Articles  Romney After Straw Poll
3,March for Life  CSPANorg
4,The ProLife Journey of President George HW Bush  Life IssuesLife Issues
5,Bushs Abortion FlipFlop  The Nation
6,California Republican debate transcript  politics  The Debates  NBC News
7,Hardball with Chris Matthews for May 4  msnbc  Hardball with Chris Matthews  NBC News
8,Hardball with Chris Matthews for Dec 12  msnbc  Hardball with Chris Matthews  NBC News
9,Abortion  Just Facts
10,Island Guardian
11,Republican Presidential Candidates Participare in a Debate Sponsored by The Des Moines Register  Dec 12 27 washingtonpostcom
12,Edward J Derwinski Oral History Secretary of Veterans Affairs  Miller Center
13,Palins New Pals  The American Spectatort
14,Letters to the Editor  The Catholic Virginian
15,Keweenaw Issues
16,Stu Spencer  Gerald R Ford Foundation
17,n                    Vatican official attacks US Democrats as party of death            
18,Albion Monitor Quote of the Day Archive
