,searched
0,How Many Jobs Has Walkers WEDC Created  PR Watch
1,Scott Walker scraps agency mergers hours after critical audit  Politics and Elections  madisoncom
2,Hold Scott Walker Accountable for WEDC Failures  Shepherd Express
3,Electronic Newsletter
4,Audit rips WEDC Walker drops merger plans
5,Eyes on Milwaukee Foxconn Loves Wisconsin Walker   Urban Milwaukee
6,Scott Walker  SourceWatch
7,Scott Walker scraps agency mergers hours after critical audit  Agriculture and Farming News  agupdatecom
8,WEDC  Badger Democracy
9,Wisconsin gubernatorial election 218 August 14 Democratic primary  Ballotpedia
10,QA Candidates for governor address the issues  News  kenoshanewscom
11,Walker drops WEDC merger plans hours after brutal audit is released  Local  lacrossetribunecom
12,The DidSomething Candidate  Reasoncom
13,Jakes Wisconsin Funhouse
14,Stop Common Core In Wisconsin  Take Action to Stop CCSS In Wisconsin
15,fakenewstestcsv at master xc2xb7 rampkitsfakenews xc2xb7 GitHub
16,The Political Environment
17,Crony Capitalism Wisconsin Edition  Econbrowser
18,State jobs agency pulls proposal to gag its board members  Stateandregional  wiscnewscom
