,searched
0,Arizonas Smoking Ban Reduced Hospital Visits UA Study Finds  UANews
1,Impact of smokefree legislation on acute myocardial infarction and stroke mortality Tianjin China 27xe2x8x93215  Tobacco Control
2,The Effect of a Smoking Ban on Hospitalization Rates for Cardiovascular and Respiratory Conditions in Prince Edward Island Canada
3,Smokefree Policies Improve Health  CDC
4,WHO EMRO  Role of smokefree legislation on emergency department admissions for smokingrelated diseases in Kocaeli Turkey  Volume 2 issue 12  EMHJ volume 2 214
5,Hospital Admissions for Acute Myocardial Infarction Angina Stroke and Asthma After Implementation of Arizonas Comprehensive Statewide Smoking Ban  Request PDF
6,WorkSHIFTS Tobacco Cessation News Archive  Public Health Law Center
7,Impact of 2 Successive Smoking Bans on Hospital Admissions for Cardiovascular Diseases in Spain  Revista Espaxc3xb1ola de Cardiologxc3xada English Edition
8,Swiss Medical Weekly  Incidence of acute myocardial infarction after implementation of a public smoking ban in Graubxc3xbcnden Switzerland Two year followup
9,Cardiovascular Events Following SmokeFree Legislations An Updated Systematic Review and MetaAnalysis  SpringerLink
