,searched
0,    n            Palin Obamas Plan Is Experiment With Socialism  CBS Newsn    
1,Like Socialism  The New Yorker
2,Conor Clarke US tax policy is designed to spread the wealth  Opinion  The Guardian
3,What Kind of Socialist Is Barack Obama  Commentary
4,Does Socialism Work A Classroom Experiment  International Liberty
5,Smearing Socialism
6,Radical right make the most of the Sword
7,Palin xe2x8x98Ixe2x8x99m Not Going To Callxe2x8x99 Obama xe2x8x98A Socialistxe2x8x99 But He Believes In Socialism  ThinkProgress
8,Palin Obama experimenting with socialism  CNN Political Ticker  CNNcom Blogs
9,Bernies Rightxe2x8x94America Should Be More Like Sweden  Reasoncom
10,Trump stays tough on socialism
11,Lessons From A Capitalist Thanksgiving
12,Leftier than thou  Channel 4 News
13,Geoffrey Nunberg  on socialistic
14,Bank nationalization would test Obama  TheHill
15,rnAzSCAorg  Arizona School Counselors Association
16,Obama McCain storm battlegrounds on election eve  The San Diego UnionTribune
17,Donation Record as Colin Powell Endorses Obama  The New York Times
18,    Obama Gets Real  Business Insidern
19,Media Downplay Any Talk of Obamaxe2x8x99s xe2x8x98Socialismxe2x8x99
20,Fact Check Palins Alaska spreads its wealth  KGBT
21,Venezuela why Trump backs Guaido and protestors want Maduro out  Vox
22,Jon Gabriel  Stephanie Hamill on Venezuelas Collapse into Socialism  YouTube
23,Socialism Hardly  Orlando Sentinel
