,searched
0,Federal Assault Weapons Ban  Wikipedia
1,New Zealand Banned All Assault Weapons Could That Work in the US  Time
2,The Effects of Bans on the Sale of Assault Weapons and HighCapacity Magazines  RAND
3,New Zealand to ban assault weapons after Christchurch mosque shootings  Vox
4,New Zealand is moving to ban assault weapons Why cant we  CNNPolitics
5,Federal Assault Weapons Ban  Wikipedia
6,Federal Assault Weapons Ban  Wikipedia
7,Federal Assault Weapons Ban  Wikipedia
8,Federal Assault Weapons Ban  Wikipedia
9,How Do We Ban Assault Weapons Banish The Filibuster  Cognoscenti
10,New Zealand Is Banning Assault Weapons America Wont Do That Anytime Soon  Mother Jones
11, A New Ballot Initiative Aims to Ban Assault Weapons in Florida  The Atlantic 
12,Assault Weapon Ban 219  Here We Go Again  YouTube
13,Feinstein Assault Weapon Ban of 219 EXPLAINED  GunUniversitycom
14,Assault weapons ban push tests Dem support  TheHill
15,New Zealand bans assault weapons after mosque massacre  New Zealand attack News  Al Jazeera
16,Washington State Bans Sale of Semiautomatic Assault Rifles to Those Under 21  The New York Times
17,The Whimsical Illogic of Assault Weapon Bans  Reasoncom
18,Assault Weapons Ban  Deerfield IL
19, Political Insider Assault weapon ban could be on 22 ballot  News  Sarasota HeraldTribune  Sarasota FL
20,New Zealand bans assaultstyle weapons after mosque massacres  The Washington Post
21,Assault Weapons Ban Latest News Top Stories  Analysis  POLITICO
22,DeGette sponsors legislation to ban militarystyle assault weapons  Congresswoman Diana DeGette
23,MoveOn Petitions  Ban Assault Weapons Now
24,Frequently Asked Questions about the Assault Weapons Ban Enforcement Notice  Massgov
