,searched
0,Results found for deborah ross  Beaufort County Now
1,59 Best Wake Up Iran Nuclear Deal images  Conservative politics Iran Ballistic missile
2,US says 4M to Iran was contingent on release of prisoners  Daily Mail Online
3,Daily Kickoff Whats holding up the Taylor Force Act in Congress  Bolton joining the Trump admin  The Qatar ransom that reshaped the Middle East  Jewish Insider
4,New Information On Cash To Iran No Response From Deborah Ross  Beaufort County Now
5,Jewish Insider  Politics  Business News  The Jewish Angle  Part 221
6,United States Senate election in North Carolina 216  Ballotpedia
7,The Tap How to fill a vacancy at the top of a ticket  Ballotpedia
8,To those who support Trump what is an example of a lie that the media has spread about him  Quora
9,FrenchIsraelis said to swindle millions by impersonating foreign minister  The Times of Israel
10,Jewish Insiders Daily Kickoff March 15 218  US News  Haaretzcom 
11,List of kidnappings  Wikipedia
12,PDF United Statesxe2x8x99 Cultural Terrorism against Iran Punishing nonconformity to the American Protestant and republican image  Yuram Abdullah Weiler  Academiaedu
13,Mornings With Maria Bartiromo  FBC  August 3 216 6am91am EDT  Free Borrow  Streaming  Internet Archive
14,Big Ghost Ltd    POLITICAL THEATER STUPID IS AS STUPID DOES by IronsideHex
15,Archives
16,Master blog  The Israel Project
17,Fake News TFIDF  Naive Bayes  Kaggle
