,searched
0,Does the Center for Disease Controls campus really destroy itself  Quora
1,Epidemics after Natural Disasters  Volume 13 Number 1xe2x8x94January 27  Emerging Infectious Diseases journal  CDC
2,Natural Disasters Hospital Management  215122  AHC Media Continuing Medical Education Publishing
3,7  Disaster Preparedness   HospitalBased Emergency Care At the Breaking Point  The National Academies Press
4,Cigarettes The Rise and Decline But Not Demise of the Greatest Behavioral Health Disaster of the 2th Century  Agency for Healthcare Research  Quality
