,searched
0,Countdown With Keith Olbermann  MSNBC  September 16 29 1pm11pm EDT  Free Borrow  Streaming  Internet Archive
1,Countdown with Keith Olbermann for Wednesday September 16  msnbc  Countdown with Keith Olbermann  NBC News
2,You are being redirected
3,You are being redirected
4,Sen Bernie Sanders IVT Do the Rich and Powerful Need More  CSPANorg
5,Minimum Global Effective Corporate Tax Rate as General AntiAvoidance Rule  Columbia Journal of Tax Law
6,nMcDonald  Osborne PA A professional tax and accounting firm in Naples Florida Blogn
7,Posts by admin  taxsavingproscom
8,Tax Cuts in 218 Will We Feel Them Will It Matter  Tax Policy Center
9,nCharlotte Tax and Accounting CPA Blogn
10,Lowwage fastfood jobs leave hefty tax bill report says
11,Excise Tax on Comprehensive Health Insurance Plans Cadillac Tax  US Health Policy Gateway
12,grkbadmin  GRKB  Certified Public Accountants  Page 6
13,Why Do Half of Americans Pay No Federal Income Tax  Donald Marron
14,Max S Baucus  Congressional Scorecard  FreedomWorks
15,JCS2
