,searched
0,Five and a half things to remember about Rick Perryxe2x8x99s time as Texas governor  The Washington Post
1,Texas governor threatens secession  Peoples World
2,Texas governor says secession possible  CNN Political Ticker  CNNcom Blogs
3,Maybe Itxe2x8x99s Time for America to Split Up
4,Governorship of Rick Perry  Wikipedia
5,Texas Governorxe2x8x99s Secession Talk Stirs Furor  The New York Times
6,    n            States petition to secede from union  CBS Newsn    
7,Americaxe2x8x99s Future Is Texas  The New Yorker
8,n                Factbox Republican Texas Governor Rick Perry  Reuters
9,Campaign 212 Hello Rick Perry GOP Presidential Candidate  Council on Foreign Relations
10,Rick Perry Tapped to Run Energy Agency He Vowed to Kill  Climate Central
11, Former Texas Governor and Republican Presidential Candidate Rick Perry Isnt a Cowboy Hes an American Caudillo  The Atlantic 
12,Former Gov Rick Perry Texas  CSPANorg
13,Gov Rick Perry for decriminalization of pot  San Antonio ExpressNews
14,Rick Perry suggests Joan Rivers might not have died under Texas abortion laws  World news  The Guardian
15,Businesses Will Push Perry to Rethink Medicaid Expansion  Kaiser Health News
16,Nine Things We Wonxe2x8x99t Miss About Rickxc2xaPerry  ThinkProgress
17,Rev Dr Chuck Currie Why Does Rick Perry Hate America 
18,Should Texas secede from the US A case can be made  seattlepicom
19,Rick Perry Black Lives Matter  And So Does Black Liberty
20,Perry Exits Texas Stage Making a Case for His Past and His Future  The New York Times
21,How Rick Perry survives in Trumps troubled Cabinet  POLITICO
22,Rick Perry  Wikipedia
