,searched
0,US Eyes Plans to Cut Diplomatic Staff in Afghanistan Iraq  Foreign Policy
1,Under Peace Plan US Military Would Exit Afghanistan Within Five Years  The New York Times
2,Why The War Powers Act Doesnt Work  NPR
3,General Petraeus and the Debacle in Afghanistan  Rolling Stone
4,Dan Coats Contradicts Trump on Threats From ISIS Russia  Time
5,Why Defense Matters A New Narrative for NATO  Carnegie Europe  Carnegie Endowment for International Peace
6,Why couldnt the US Armed Forces win against the Taliban  Quora
7,American Exceptionalism Reclaimed  The Atlantic
8,Faking it xe2x8x94 scammersxe2x8x99 tricks to steal your heart and money  Consumer Information
9,Obamas Afghanistan Strategy Panel Transcript
10,Trump at War  The Huffington Post
11,The Iraqi Interim Government
12,Transcript of first presidential debate  CNNcom
13,American war is off the charts
14,James Meek reviews xe2x8x98The Good Warxe2x8x99 by Jack Fairweather xe2x8x98Investment in Bloodxe2x8x99 by Frank Ledwidge xe2x8x98British Generals in Blairxe2x8x99s Warsxe2x8x99 edited by Jonathan Bailey Richard Iron and Hew Strachan and xe2x8x98An Intimate Warxe2x8x99 by Mike Martin xc2xb7 LRB 18 December 214
15,Transcript for Dec 7  Meet the Press  NBC News
16,David Limbaughrn
17,US Troops Should Stay in Afghanistan This War Is Winnable  The New Republic
18,Afghanistan War  History Combatants Facts  Timeline  Britannicacom
19,War in Afghanistan 21xe2x8x93present  Wikipedia
20,The US War in Afghanistan  Council on Foreign Relations
21,Trump commits to openended Afghan war NATO praises move  World News
22,Entries about   Rolls Royce defense contracting database by category
