,searched
0,Charlie Crist I Would Have Voted For Obamacare
1,Charlie Crist Jrs Issue Positions Political Courage Test  The Voters Self Defense System  Vote Smart
2,There Is Almost Nothing Charlie Crist Hasnt FlipFlopped On
3,Is Charlie Crist Floridas Next Governor  New Times BrowardPalm Beach
4,Is Charlie Crist Floridas Next Governor  Miami New Times
5,Opinion Journal The Charlie Crist Party
6,Charlie Crists Fan  CSPANorg
7,Charlie Crist  Ballotpedia
8,Democrats press William Barr on DOJs legal position against Obamacare
9,Charlie Crists principles  Hoystorycom
10,William Barrxe2x8x99s confusing testimony about Obamacare decoded  Vox
11,FactChecking Crist FlipFlops  WUSF News
12,David Jolly  Wikipedia
13,Charlie Crist Archives  FactCheckorg
14,Rick Scott  Wikipedia
15,Charlie Crists History Shows He Knows How to Use Black Folks
16,Marco Rubio  US Representative  Biography
17,Congressman Charlie Crist  xe5xb8x96xe5xadx9  Facebook
18,A flip or a slip for Crist  POLITICO
