,searched
0,Texas Conservatives Win Vote on Textbook Standards  The New York Times
1,Texas Education Agency blasts Faux TruthOMeter   Page 2  AARP Online Community
2,Texas Board of Education cuts Thomas Jefferson out of its textbooks  ThinkProgress
3,Factchecking false statements about Christmas  Naked Politics
4,The Culture Wars New Front US History Classes in Texas  WSJ
5, Everson v Board of Education  33 US 1 1947  Justia US Supreme Court Center
6,Americaxe2x8x99s Future Is Texas  The New Yorker
7,Tinker v Des Moines Independent Community School District  Wikipedia
8,School Censorship CQR
9,rntPart II Core Issues for All Schools to Considerrn
10,The Declaration of Independence A History  National Archives
11,5 The American Revolution  THE AMERICAN YAWP
12,What gives the school the right to give my child homework  Town Square  Palo Alto Online 
