,searched
0,What We Know About Electronic Cigarettes  Smokefreegov
1,Clearing up some myths around ecigarettes  Public health matters
2,ECigs and SecondHand Vaping  Scientific American
3,Ecigarettes Where do we stand   CNN
4,Behind the Vapor  Research
5,The evidence keeps piling up ecigarettes are definitely safer than smoking  Science  The Guardian
6,Ecigarettes and health xe2x8x94 heres what the evidence actually says  Vox
7,Electronic cigarette  Wikipedia
8,Ecigarettes Teens should not be using them at all
9,Are ECigarettes Safe Heres What the Experts Say  Time
10,Vaping Is Far From Harmless  NOVA  PBS  NOVA  PBS
11,Vapers beware 1 things to know about ecigarettes  University of California
12,ECigs and Diabetes  Vaping and Effect on Blood Glucose
13,Your Teen Is Underestimating the Health Risks of Vaping  Stories at Yale Medicine
14,So Your Teenager Is Vaping ECigarettes xe2x8x93 Should You Worry  IFLScience
15,BBC Two  Trust Me Im a Doctor Series 2 Episode 3  Are ecigarettes safe
16,Is Vaping Bad for You What About Juuling  Tonic
17,Five myths about ecigarettes and what science actually says  WDG Public Health
18,Vaping What You Need to Know for Teens  KidsHealth
19,Vaping and ECigarettes  Read Top Public Health Implications
