,searched
0, PolitiFact Acrosstheboard stat about gender gap falls short  News  Austin AmericanStatesman  Austin TX
1, Wendy Davis undershoots oversimplifies in saying Texas women earn 82 cents for every dollar earned by men  News  Austin AmericanStatesman  Austin TX
2,FutureChallenges   Bridging the Gender Pay Gap in Texas 
3,Women Are Still Paid Less Than Men  Even In The Same Job
4,What to Do If Youre Being Paid Less Than a Man  Time
5,PolitiFact on Equal Pay Mostly True Mostly False and Half True  National Review
6,Are women paid less than men for the same work  Daily chart
7,Gender pay gap Men still earn more than women at most firms  BBC News
8,    12 countries where men earn significantly more than women  Business Insidern
9,occupations
