,searched
0,Working class voters why Americas poor are willing to vote Republican  US news  The Guardian
1,xe2x8x9cI dont believe itxe2x8x9d Republicans are unfazed that corporate tax cuts poll really badly  Vox
2,Democrats are replacing Republicans as the preferred party of the very wealthy  Vox
3,Trump Won Because Voters Are Ignorant Literally  Foreign Policy
4,Study Congress Overestimates the Publicxe2x8x99s Conservatism
5,Americaxe2x8x99s electoral system gives the Republicans advantages over Democrats  The minority majority
6,Midterm elections Your complete guide to what the vote means for your money
7,Democrats Are Wrong About Republicans Republicans Are Wrong About Democrats  FiveThirtyEight
8,The Five Types of Trump Voters  Democracy Fund Voter Study Group
9,Reuters Polling
10,How Paul Ryan lost the Republican Party  The Washington Post
11,Top voting issues in 216 election  Pew Research Center
12,A closer look at who identifies as Democrat and Republican  Pew Research Center
13,Evers Republicans offer competing income tax cut plans
14,3 Republican senators want to reopen government without a border deal xc2xaAxios
15,Where Government Is a Dirty Word but Its Checks Pay the Bills   The New York Times
16,The Corner  National Review
17,Who Ruined Illinois 
18,As tax refunds shrink Republicans scramble to defend Trump tax cut  POLITICO
19,The Education Gap That Explains American Politics  The Atlantic
20, The Republican Partys PublicEducation Dilemma  The Atlantic 
21,Your guide to the 22 Democratic presidential candidates xe2x8x94 Quartz
22,The Reasons Why White Women Vote Republicanxe2x8x94and What to Do About It  The Nation
23,Increasing Voter Participation in America  Center for American Progress
24,data for politics 14 Who is Trumps Base  Data For Progress
25,22 Candidate Andrew Yang Wants to Give You 1 a Month  Time
26,Voter Turnout Is Low In Midterms Why Dont More Americans Vote   NPR
27,What the GOP Tax Bill Means for the Middle Class  Money
