,searched
0,Water use in Georgia by county for 21 and wateruse trends 1985xe2x8x9321
1,Trends in Water Use in the United States 195 to 215
2,Shaping Georgia The Effects of  Immigration 19722  Center for Immigration Studies
3,Georgia US state  Wikipedia
4,Where It All Went Wrong  Atlanta Magazine
5,n  n    The Changing Demographics of American     n    Traveln     Smithsonian
6,Georgias Own Doomsday Stonehenge Monument  The Crux
7,Adolescents and Tobacco Trends  HHSgov
8,Aral Sea Recovery
9,WEO 217
10,National Trends in Grade Inflation American Colleges and Universities
11,Water climate change and sustainability in the southwest  PNAS
12,The most vulnerable victims of Americaxe2x8x99s opioid epidemic
13,WHO World Water Day Report
14,More Guns Do Not Stop More Crimes Evidence Shows  Scientific American
15,n    n        n    n    n    droughtn  National Geographic Society
16,The mystery of the great American lobster boom and how it could go bust xe2x8x94 Quartz
17,National Climate Report  Annual 217  State of the Climate   National Centers for Environmental Information NCEI
18,rntNuclear Power in the USA  World Nuclear Associationrn
