,searched
0,City considers help from private sector to realize Beltline
1,4 Reasons a 25 Billion BrooklynQueens Streetcar Doesnt Add Up  Streetsblog New York City
2,How Detroits Streetcar Overlooked Real Transit Needs to Satisfy a WellConnected Few  Streetsblog USA
3,Commercial Development In Oklahoma City Expands  KGOU
4,Mayor Durkan Backs Streetcar Pledges to Seek Funding Solution with Council  The Urbanist
5,rntRail InsiderStreetcars make a comeback as US cities seek to stimulate economy increase transit options Information For Rail Career Professionals From Progressive Railroading Magazinern
6,QA Oakland Urban Visionary Discusses Citys New Streetcar Plan xe2x8x94TheCityFix
7, Seattle Wants to Change the Whole Conversation on Streetcars  CityLab 
8, The Streetcar Boondoggle Continues This Time In Detroit  CityLab 
9,About  BeltLine Rail Now
10,METRO WEEK 2M Tucson Streetcar Opens For Service  AZPM
11,A Streetcar Named Development  Feature  Tucson Weekly
12,National Community Fund I LLC completes NMTC financing for Detroit streetcar project  United Fund Advisors
13,Eyes on Milwaukee Council Okays Streetcar to Bucks Arena   Urban Milwaukee
14,Portland Streetcar  Wikipedia
15,Thanks to Amazon Seattle is now Americaxe2x8x99s biggest company town  The Seattle Times
16,Derailed  Fort Worth Weekly
17,RIVERSIDE Streetcars may roll in the citys future  Press Enterprise
18,Ready for the QLINE Detroits streetcar gets ready to debut
19,Streetcar Desires The Austin streetcar has a consensus  it could use a few champions  News  The Austin Chronicle
20,FAQ  can you remind me the history of Beltline transit  ryangravel
21,OKC VeloCity  Oklahoma City Streetcar  Investment Impact Analysis
