,searched
0,nttTwo companies fail after getting 14 million from Gov Scott Walkerxe2x8x99s jobs agency  WisconsinWatchorgWisconsinWatchorgt
1,Scott Walkers eight years as Wisconsin governor were consequential
2,Data Wonk Did Walker Save Wisconsinxe2x8x99s Economy   Urban Milwaukee
3,Scott Walker BornAgain Centrist
4,Welcome to Jobs Inc Where States Have Little Say in Economic Development
5,Scott Walker Crushed Wisconsinxe2x8x99s Teachers Union Can He Win a Third Term Against Its Superintendent of Schools    The 74
6,Scott Walker  SourceWatch
7,Scott Walker is Not Big Labors Nemesis  Reasoncom
8,n        State probusiness organizations are publicly funded but privately controlled  Center for Public Integrityn            
9,n                On the Wisconsin border little enthusiasm for Walkers tax cuts  Reuters
10,Scott Walker politician  Wikipedia
11,138 things Trump did this year while you werent looking
12,Scott Walker  Ballotpedia
13,Scott Walkers Gift to the One Percent  Shepherd Express
14,Read it Reaction to Gov Walkers State of the State address  FOX6Nowcom
15, The Fragile State of the Midwestxe2x8x99s Public Universities  The Atlantic 
16,Wisconsin Gubernatorial Debate  CSPANorg
17,Scott Walker Official Ignored Law that Protected LowIncome Kids  Talk Poverty
18,States Seek Laws to Curb Power of Unions  The New York Times
19,How real is Trumps jobs miracle  BBC News
