,searched
0,xe2x8x98Righttoworkxe2x8x99 is hot election issue between unions business in Va  The Washington Post
1,Greitens Koster square off in Missouri governor debate
2,ProUnion St Louis xe5x85xacxe9x96x8bxe7xbexa4xe7xb5x84  Facebook
3,With party switch in his past Koster hopes to blaze a new trail as governor  KCUR
4,Amid contentious week Koster and Greitens attend first headtohead forum  The Missouri Times
5,Eric Greitens  Wikipedia
6,Missouri Gubernatorial Debate  CSPANorg
7,April 16  Assessing Humphreys Power Move  Missouri Scout
8,Business Archives  Page 76 of 173  Missourinet
9,Missourixe2x8x99s boughtandpaidfor legislators are about to get a Sauer taste in their mouths
10,GOPs Greitens Dem Koster Part Ways On Host Of Issues  Election Coverage  timesnewspaperscom
11,Byron DeLear 216 for Missouri State Representative
12,johncombestcom  Missouri Political News
13,Tefere Gebre America is about expanding democracy not shrinking it  Peoples World
14,rnLabor Council News  St Louis Labor Council
15,In diverging from their parties governor candidates create race defined by policy  Missouri Business
16,Missouri Proposition A Right to Work Referendum August 218  Ballotpedia
17,Candidates Face Off in Missouri Governors Debate  CSPAN  October 5 216 1157pm1am EDT  Free Borrow  Streaming  Internet Archive
