,searched
0,Health reform with a mandate the Massachusetts story  The Washington Post
1,Two Health Plans Romney Versus Obama  NPR
2,Bakers Health Price Cap Plan May Be Seen As A Hybrid Between A Free And Regulated Market  CommonHealth
3,Session Law  Acts of 26 Chapter 58
4,How Would StateBased Individual Mandates Affect Health Insurance Coverage and Premium Costs  Commonwealth Fund
5,Massachusetts health care reform  Wikipedia
6,Health Care Reform Is a xe2x8x9cThreeLegged Stoolxe2x8x9d   Center for American Progress
7,rnFY21 H1  Budget Development  Health Carern
8,Health Care Reform
9,Health Care
10,Massachusetts health care reform  Health and Human Rights Journal
11,RomneyCare Facts and Falsehoods  FactCheckorg
12,The US Does Not Have A Debt Problem  It Has A Health Care Cost Problem
13,United States Health Care Reform Progress to Date and Next Steps  Health Disparities  JAMA  JAMA Network
14,Massachusetts health insurance marketplace history and news of the states exchange Obamacare enrollment  healthinsuranceorg
15,How The GOP Health Care Plan Would Affect Massachusetts
16,Healthcare policy in the United States  Ballotpedia
17,Obamacare and Romneycare same framework doesnt mean same results  Gabrielle Gurley  Opinion  The Guardian
