,searched
0,From Headline to Photograph a Fake News Masterpiece  The New York Times
1,How Does One Create A Fake News Masterpiece And What Happens Next  NPR
2,FACT CHECK Tens of Thousands of Fraudulent Clinton Votes Found in Ohio Warehouse
3,Aide to Md lawmaker fabricated article on fraudulent votes for Clinton  The Washington Post
4,Major Fake News Operation Tracked Back to Republican Operative
5,n  n    How Fake News Breaks Your Brainn     n    Sciencen     Smithsonian
6,BREAKING xefxbfxbdTens of thousandsxefxbfxbd of fraudulent Clinton votes found in Ohio warehouse
7,Birmingham Mail pic used in bogus Hillary Clinton vote fraud story which was shared 6m times  Press Gazette
8,Student made 1 an hour for fake news during US election
9,TRUMP TV xe2x84xa2 on Twitter BREAKING xe2x8x9cTens of thousandsxe2x8x9d of fraudulent Clinton votes found in Ohio warehouse httpstcoyU1AyAVRHp via FoxNews  CBSNews ABC
10,Ohio Secretary of State debunks false story about fake Clinton votes  WKRC
11,BREAKING Tens of thousands of fraudulent Clinton votes found in Ohio warehouse  All About GOD
12,News Voter fraud Tens of thousands of fraudulent Clinton votes found in Ohio warehouse  CAIRCO immigration reform
13,xe2x8x9cTens of thousandsxe2x8x9d of fraudulent Clinton votes found in Ohio warehouseupdate  
14,This Young Republican Aide was Fired for Planting Fake News Stories About Hillary Clinton   Teen Vogue
15,BREAKING xe2x8x9cTens of thousandsxe2x8x9d of fraudulent Clinton votes found in Ohio warehouse  RallyPoint
16,Our top ten fake news stories of the 216 Election
17,Davidson graduate fired amid fake news confession  wcnccom
18,INMA A lesson in deception in the era of fake news
19,Davidson graduate behind viral fake news article  Story  WJZY
20,Fake news and alternative facts  Media Watch  Media Watch  Media Watch
