,searched
0,Is the US in an illegal immigration crisis Border patrol data suggests otherwise  US news  The Guardian
1,Court Backlog May Prove Bigger Barrier for Migrants Than Any Wall  The New York Times
2,Fact Checkers Cant Handle the Truth  Center for Immigration Studies
3,Google
4,Decapitating the snakeheads  Illegal immigration
5,Factchecking the first day of the 216 Republican National Convention  The Washington Post
6,Arizonaxe2x8x99s Alarm Bell for Immigration Reform  Council on Foreign Relations
7,Sen Jeff Sessions talks trade immigration for Trump
8,At this weeks convention  Great quotes on immigration connection with lives of American workers  NumbersUSA
9,MIGRATION NEWS Vol 3 No 9 September 1996
10,FactCheck did 12 refugees die at sea under Labor
11,Transcript Sen Jeff Sessions speaks at the 216 Republican National Convention
12,Immigration  Just Facts
13,Trump tent cities The cost of Trumpxe2x8x99s tent cities is huge  Vox
14,Trumpxe2x8x99s Latin America advisors Who are they
15,Effects of EU policies inxc2xaNiger  Multilateral Damage
