,searched
0,Alfred E Smith Memorial Dinner  CSPANorg
1,Watch Donald Trump vs Hillary Clinton at the Al Smith Dinner Best jokes  UPIcom
2,The Al Smith Dinner Caught in the Crossfire
3,The Rachel Maddow Show Transcript 12216  MSNBC
4,Read the full speeches Clinton and Trumpxe2x8x99s awkward Al Smith charity dinner roasts  Vox
5,When fear and hatred of Irish Catholics set fire to an American city
6,When a Catholic Terrified the Heartland  The New York Times
7,Clinton at Al Smith Dinner In Order to Achieve Salvation We Need Both Faith and Good Works  Christian News Network
8,Jack Chick evangelist cartoonist and antiCatholic firebrand
9,A History of President Obamaxe2x8x99s 8 Years in Office
10,Bob Jones University  Wikipedia
11,Freedom of religion in the United States  Wikipedia
12,Lyndon B Johnson  Wikipedia
13,Religion and politics in the United States  Wikipedia
14,Church of God in Christ  Wikipedia
15,School District of Abington Township Pennsylvania v Schempp  US Law  LII  Legal Information Institute
16,Last words  Wikiquote
17,7  Roaring Twenties  History Hub
18,Four Years Later Still the Most Dangerous Person at the Al Smith Dinner  Christ or Chaos
19,See Respect Listen Love  Starting to Look Up
20,rntFirst Ladies  Ancestral Identity Edith Wilsonrn
21,xe2x8x9cBetrayal of the Democratic Partyxe2x8x9d  Teaching American History
22,Civil War Records
