,searched
0,Subscribe to read  Financial Times
1,US rallying support from allies for military strike on Syria  MarketWatch
2,US Presses Allies to Back a Military Strike on Syria  WSJ
3,Western Allies Offer Support for US to Strike at Syria With Conditions
4,By two to one the public oppose missile strikes on Syria  YouGov
5,Congress offers swift support criticism of latest US military strikes in Syria
6,rntSnapshot Half of Americans Approve of Strikes on Syria rn
7,Poll Americans Support President Trumps Strike on Syria  Chicago Council on Global Affairs
8,US Britain and France Strike Syria Over Suspected Chemical Weapons Attack  The New York Times
9,US strikes on Syria see support opposition from both parties in Congress
10,Syria air strikes US and allies attack chemical weapons sites  BBC News
11,US military launches rare strike on Syrian governmentbacked troops
12,World reacts to overnight strikes on Syria by US UK and French forces  World news  The Guardian
13,218 missile strikes against Syria  Wikipedia
14,217 Shayrat missile strike  Wikipedia
15,US and allies warn Syria of more missile strikes if chemical attacks used again  The Washington Post
16,Trudeau supports USled military action after Syrian chemical attack  National  Globalnewsca
17,Russia warns of consequences for USled strike on Syria
18,NATO supports USled strikes in Syria UN calls for restraint  World News
19,The US strike on Syria could start war with Russia xe2x8x94 but itxe2x8x99s not likely  Vox
20,Syria  Pew Research Center
21,Trump Just Launched Another Illegal Attack Against Syria  The Nation
22,rntUS DEPARTMENT OF DEFENSE  News  Special Reports  Syriarn
23,n                Germany wont join any Syria strikes but supports allies  Merkel  Reuters
24,Rep Bacon Statement on US Military Strikes in Syria  Congressman Don Bacon
25,    Netanyahu reportedly said the US will order a military strike in Syria  Business Insidern
