,searched
0,9 percent of Travis County eligible voters now registered
1,9 Percent of Travis County Is Registered to Vote  KUT 
2,93 Percent Of Eligible Voters In Travis County Are On Track To Register xe2x8x93 A Modern Record  KUT 
3, PolitiFact Travis County vote registration hits 9  News  Austin AmericanStatesman  Austin TX
4,Travis County breaks voter registration record Texas may soon have online voting  The Daily Texan
5,Travis County sets goal to register 9 percent of eligible voters  The Daily Texan
6,Travis County Texas Entices Millennials to Register to Vote via Text
7,Travis County breaks record for registered voters  KEYE
8,More than half of newlyregistered Travis Co voters 1834 years old  KEYE
9,Record voter registrations in Travis and Williamson Counties  Story  KTBC
10,Theres No Easy Way For Texas To Vet Its List Of Alleged Noncitizen Voters Just Ask Florida  KERA News
11,Volunteers make the difference in Travis County voter registration
12,Strengthening Our Democracy by Expanding Voting Rights  Center for American Progress
13,Voting Problems 218  Brennan Center for Justice
14,Texas Educators Vote  Teach the Vote
15,If Did Not Vote Had Been A Candidate In The 216 US Presidential Election It Would Have Won By a Landslide  Brilliant Maps
16,Our democracy is broken Why cant technology fix it
17,Voting Rights Act of 1965  Wikipedia
18,Utah Proposition 3 Medicaid Expansion Initiative 218  Ballotpedia
19,   Bexar County  Off the Kuff
20,Slideshow 218 California primary election Newsom Cox secure spots in general election for governor  893 KPCC
