,searched
0,How will NJs next governor fix the pension system We asked the candidates  njcom
1,NJ pension funds sue Christie over 24B money grab  njcom
2,Full text Gov Chris Christies farewell State of the State address 218  POLITICO
3,New Jersey Gov Chris Christie Plans to Take on Drug Epidemic in Final Year   NBC 1 Philadelphia
4,State Pension Plans Scramble to Avoid Bankruptcy
5,New Jerseys Woes May Test Christies Allure  The New York Times
6,Pensions Haunt Christie 4 Years After Being xe2x8x98Fixedxe2x8x99  The New York Times
7,Behind Christiexe2x8x99s budget claims a more controversial legacy  The Washington Post
8,The Ticking Time Bomb Faced by Next NJ Governor  WNYC  New York Public Radio Podcasts Live Streaming Radio News
9,Governorship of Chris Christie  Wikipedia
10,The full text of Gov Chris Christies budget address  Observer
11,Democratic policy agenda what New Jersey can teach other state parties  Vox
12,The Weekend Interview with Gina Raimondo The Democrat Who Took on the Unions  WSJ
13,Chris Christies Eurotrip goes bad
14,Even with Stock Markets Rise Many Pensions Havent Recovered from Recession
15,State pension funds invested millions in hedge fund that controls xe2x8x9cNat
16,n      Taking on the Tough Issues  Chris Christie for Presidentn    
17,Crossing Chris Christie  The New Yorker
18,EXCLUSIVE Convicts profiting from pensions
19,New Jersey state budget and finances  Ballotpedia
20,Deconstructing Gov Chris Christies Bridge To Redemption   NPR
21,Christiexe2x8x99s New Jersey Window on American Recovery  WhoWhatWhy
22,Chris Christie closes NJ government for first time in over a decade
23,Analysis Liberal Analysts Drop 42 Billion Bombshell Into NJ Pension Debate  NJ Spotlight
