,searched
0,Opinion  You Know Who the Tax Cuts Helped Rich People  The New York Times
1,Stop Cutting Taxes for Corporations and the Wealthy  Center for American Progress
2,Opportunity Zones Can a tax break for rich people really help poor people  The Washington Post
3,Smaller Income Tax Refunds Bring Anger Confusion Over Trump Tax Overhaul  NPR
4,Property Taxes By State Why We Should All Embrace Higher Property Taxes
5,nAshland OR CPA  Full service tax and business consulting  Nagel  Padilla LLC Certified Public Accountants and Business Advisorsn
6,Does Cutting Taxes on the Wealthy Lead to Greater Growth  Carnegie Endowment for International Peace
7,Were Going to Need More Tax Revenue Heres How to Raise It
8,Tax protester constitutional arguments  Wikipedia
9,Raising Americas Pay Why Its Our Central Economic Policy Challenge  Economic Policy Institute
10,How Donald Trump Could Build an Autocracy in the US  The Atlantic
11,Remarks by President Trump at the National Federation of Independent Businesses 75th Anniversary Celebration  The White House
12,Michelle Alexander A System of Racial and Social Control  Prison State  FRONTLINE  PBS  Official Site
13,How to avoid capital gains taxes when selling your house
14,Tax History Project  Tax History  The Terrible Horrible No Good Very Bad Filing Season of 1914
15,Legal Weed Isnxe2x8x99t The Boon Small Businesses Thought It Would Be  FiveThirtyEight
16,The Pitchforks Are Coming For Us Plutocrats  POLITICO Magazine
17,Robert Reich
18,Were being sold the trickledown economics con  ABC News Australian Broadcasting Corporation
19,Frequently Complained Questions
20,5 Jobs over 5  Without a Degree Part 1
21,Millennials Are Screwed  The Huffington Post
22,The Rules Will Change but Thatxe2x8x99s Probably OK  Mauldin Economics
23,Warren Proposes Student Loan Forgiveness and Free College
