,searched
0,Farm Bill Squeaks By in Win for GOP Leaders Updated
1,The House Agriculture Committeexe2x8x99s 218 Farm Bill HR 2 A SidebySide Comparison with Current Law  EveryCRSReportcom
2,The House and Senate 218 Farm Bills HR 2 A SidebySide Comparison with Current Law  EveryCRSReportcom
3,Text of HR 2 115th Agriculture Improvement Act of 218 Passed Congress version  GovTrackus
4,How will farm bill be tackled during lame duck session  Farm Progress
5,How the Senate vs House farm bill compares  Farm Progress
6,Senate passes farm bill setting up food stamp battle with the House  POLITICO
7,Morning Agriculture  POLITICO
8,Tipton Statement on the House Passage of the 218 Farm Bill  Congressman Scott Tipton
9,Senate Session  CSPANorg
10,Hemp is now legal in the US so what does that mean for pot companies  MarketWatch
11,Tracking Congress In The Age Of Trump  FiveThirtyEight
12,n                    News  Blog n                National WIC Associationn    
13,UPDATED US Wants China to Lift Tariffs on US Farm Products in Return for Truce on US Tariffs  Pro Farmer
14,n        Farm Bill States Weigh In on CBD and Hemp in Marijuana Laws    
15,Facts on Food Stamp Work Requirements  FactCheckorg
16,The Equal Pay Act of 1963 EPA
17,State map of where CBD is legal after the 218 midterms xe2x8x94 Quartzy
18,Animals  Politics Federal Legislation
19,STAR Assessor Guide
20,rntt     Circle of Protection  An Alliance of Christian Leaders Committed to Ending Povertyt
