,searched
0,PolitiFact  We check a chain email that says Michelle  Facebook
1,FACT CHECK Michelle Obama Waves Communist Flags
2,Michelle Obama Charles Koch Marco Rubio PolitiFact Oregon Roundup  oregonlivecom
3,State worker resigns after watchdog uncovers racist emails about the Obamas  Chicago Tribune
4,On Visit to China Michelle Obama Eases In Some Political Messages  The New York Times
5,Taiwan  Wikipedia
6,Kick the Obamas Out of America Michelle Obama Waves Red Communist Lags on Her Taxpayer Funded Visit to China Anyone Remember Her Ever Waving an American Flag SHARE IF YOU AGREE Remember This SHARE IT Dean James III  America Meme on MEME
7,US China first ladies in Beijings Forbidden City
8,American First Ladies in China A Fascinating Untold Saga Part 2
9,288 Best Mooochelle Obama disgrace images  Barack obama Michelle obama Conservative politics
10,Michelle Obama Proudly And Wildly Waves The Flags Of Red Chinese Communism  Now The End Begins
11,Michelle Obama Urges Cambodian Students to Seek More Freedoms  engtecoaseanbeyond Tempoco
12,Obama arrives in Havana for historic visit first US president in Cuba in 88 years
13,n                Obama in Cuba on historic visit  Reuters
14,Michelle Obama Proudly And Wildly Waves The Flags Of Red Chinese Communism  From the Trenches World ReportFrom the Trenches World Report
15,March 214  ChinaFile
16,Castro lectures Obama on Americas human rights failures and denies Cuba has political prisoners  Daily Mail Online
17,Brazils new farright president promises sweeping changes  KCFJ 57 Radio Network
18, Michelle Obama Proudly And Wildly Waves The Flags Of Red Chinese Communism
19,The AI Cold War With China That Threatens Us All  WIRED
20,Making China Great Again  The New Yorker
21,Barack Obama  Wikiquote
