,searched
0,Current and Recent Cases  CIVIL  Department of Justice
1,Practical Law UK Signon
2,Court  police records  Court cases in Australia  Research Guides at State Library of Victoria
3,Going to court  The Crown Prosecution Service
4,People with Criminal Records Denied Access to Public Housing  HRW
5,Chapter 132
6,Need access to historical banking information Better read the fine print
7,Supreme Court of Virginia Opinions
8,Information disclosed in a criminal record check  nidirect
9,Obama administration sets new record for withholding FOIA requests  PBS NewsHour
10,Expungement in the United States  Wikipedia
11,The most vulnerable victims of Americaxe2x8x99s opioid epidemic
12,The Case for Reparations by TaNehisi Coates   The Atlantic
13,Children and Guns The Hidden Toll  The New York Times
14,The Man Who Cracked the Lottery  The New York Times
15,Losing Earth The Decade We Almost Stopped Climate Change  The New York Times
16,18 US Code  359   Child victimsxe2x8x99 and child witnessesxe2x8x99 rights  US Code  US Law  LII  Legal Information Institute
17,Criminal Enforcement Actions  Medicare and Medicaid Fraud  Office of Inspector General  US Department of Health and Human Services
18,Recently published case reviews  NSPCC Learning
19,Statutes  Constitution rn      Constitution rn    rn  rn  Online Sunshine
