,searched
0,No 7 of the worldxe2x8x99s poor arenxe2x8x99t women but that doesnxe2x8x99t mean poverty isnxe2x8x99t sexist  Lets Talk Development
1,Are women really 7 of the worlds poor How do we know  From Poverty to Power
2,Why the majority of the worldxe2x8x99s poor are women  Oxfam International
3,15 Billion People Living in Absolute Poverty Makes Its Eradication Humankindxe2x8x99s Most Significant Challenge Second Committee Told  Meetings Coverage and Press Releases
4,Gender Equality and Womenxe2x8x99s Empowerment Are Key to Addressing Global Poverty  Center for American Progress
5,Extreme poverty  Wikipedia
6,Women and Poverty in America  Legal Momentum
7, The Female Face of Poverty  The Atlantic 
8,Nigerias has the highest rate of extreme poverty globally xe2x8x94 Quartz Africa
9,7 things you should know about poverty and housing  Habitat for Humanity
10,Psychological Perspectives on Empowering Poor Rural Women and Girls
11,Poverty in Asia
12,Philadelphiaxe2x8x99s Poor Experiences From Below the Poverty Line  The Pew Charitable Trusts
13,Poverty causing misery in UK and ministers are in denial says UN official  BBC News
14,Just the Facts  Poverty in Canada  Canada Without Poverty
15,Why the World Bank is taking a wideangle view of poverty
