,searched
0,Americans spend 6 billion hours doing taxes Better get moving
1,Tax Waste 61 Billion Hours Spent Complying With Federal Tax Code
2,Simplifying Federal Taxes The Advantages of ConsumptionBased Taxation
3,PolitiFact Roundup for past week
4,Trumps pick for health chief rides the TruthOMeter
5,Publication 17 218 Your Federal Income Tax  Internal Revenue Service
6,Employers steal billions from workersxe2x8x99 paychecks each year Survey data show millions of workers are paid less than the minimum wage at significant cost to taxpayers and state economies  Economic Policy Institute
7,Legal Obstacles to Affordable Housing Development  Published in Houston Law Review
8,Impaired Driving Get the Facts   Motor Vehicle Safety  CDC Injury Center 
9,Taxes  Just Facts
10,How Casinos Enable Gambling Addicts  The Atlantic
11,How Much Money Do The Top Income Earners Make By Percentage
12,rntMarketing obesity Junk food advertising and kidsrn    rn      Parliament of Australiarn
13,Iran nuclear deal Key details  BBC News
14,Frequently Asked Questions  The American Road  Transportation Builders Association ARTBA
