,searched
0,HighProfile Politicians Who Changed Their Positions on Gay Marriage  ABC News
1,Cheney at odds with Bush on gay marriage  politics  NBC News
2,Naked Politics  September 216   Miami Herald  MiamiHeraldcom
3,John Barron  ABC News Australian Broadcasting Corporation
4,Early and Often  New York Magazines Politics Blog  Posts for October 22 26  October 28 26
5,Pelosi On National Gay Marriage In Five Years I Would Certainly Hope So  Video  RealClearPolitics
6,Dick and Lynne Cheney talk Ukraine Benghazi and Hillary  Fox News
7,PollTrack  All posts tagged voter enthusiasm in Presidential Race
8,Political positions of John McCain  Wikipedia
9,xe6x82xa8xe6xadxa3xe5x9cxa8xe8xaexbfxe9x97xaexe7x9ax84xe5x9fx9fxe5x9x8dxe5x8fxafxe4xbbxa5xe8xbdxacxe8xaexa9xe5x87xbaxe5x94xae
10,7 Best PEOPLE BILL images  Political views Presidents Thoughts
11,Politics  Boston Spirit Magazine  LGBT Leaders  LGBT Events  Bostoncom
12,2 minutes or so on why I am 4Barack  Lessig
13,Climate Change  Many Things Considered
14,The Rachel Maddow Show Transcript 119216  MSNBC
15,WikiLeaks  The Podesta Emails
16,Search Studies
17,CNNcom  Transcripts
18,hillary clinton  Suffragio
19,Now that we have gay marriage we have got their names and addresses on record Time to round them up and ship them to the Middle East where that kind of thing is a way of life xe2x8xa6 or to Michael Jacksons house whichever     thesunchroniclecom
20,Compared to Trump Hillary cant be that bad Can she  The Spectator Australia
21,My Thoughts on the MSM Getting President Trump Elected and Then Some  blog maverick
