,searched
0,Your guide to the 22 Democratic presidential candidates xe2x8x94 Quartz
1,Democratic Presidential Candidates Chase Donors to Secure Debate Slots   WSJ
2,22 Democratic Debates Which Candidates Have Qualified
3,DNC Announces Framework for the 22 Democratic Presidential Primary Debates  Democrats
4,Progressive Populism Will Save the Democratic Party  All Debates  Debate  IQ2US Debates
5,Whatxe2x8x99s Wrong With the Democrats  The Atlantic
6,216 Democratic Party presidential debates and forums  Wikipedia
7,Everyonexe2x8x99s Running xe2x8x94 And That Could Be Dangerous For The Democrats  FiveThirtyEight
8,Fix Our Broken System  wwwgporg
9,The Political Culture of the Democratic and Republican Parties
10,Americaxe2x8x99s electoral system gives the Republicans advantages over Democrats  The minority majority
11,Bernie Sanders He Speaks About Attacks Democratic Platform  Time
12,Campaign for Labour Party Democracy
13,Grayson County Democratic Party 
14,A National Popular Vote for President  FairVote
15,22 Democratsxe2x8x99 debate over filibuster reform explained  Vox
16,California gubernatorial election 218 June 5 toptwo primary  Ballotpedia
17,Kansas Democratic Party Platform  Kansas Democratic Party
18,Florida election 218 Here are the candidates and amendments on the ballot  Orlando Sentinel
19,Want A Better Economy History Says Vote Democrat
20,Democratizing The Debates  The Annenberg Public Policy Center of the University of Pennsylvania
