,searched
0,Message To Obama Abort The StupakPitts Amendment
1,Progressives may have a stronger hand than they thought Stupak amendment only brought in 61 votes  Reids speed round Sections of bill hashed out privately to try to meet Christmas deadline  Live Pulse  POLITICOcom
2,National Right to Life Responds to Obama Statement on StupakPitts Amendment  National Right to Life
3,JivinJehoshaphat January 21
4,A Penigma  a mystery under a pseudonym And the Winner of the Politifactcom 29 Lie of the Year Contest IS
5,Political  AnalogPimp
6,UNITED STATES Obamacare the ego has landed
7,USCCB Blog Obama Should Value Stupak Amendment
8,POLITIFACT 29 LIE OF THE YEAR AND THE WINNER IS
9,   Sarah Wins   Delaware Liberal
10,CNN Sarah Palins Death Panel Comment Wins Lie of the Year
11,Tampa Bay Times from St Petersburg Florida on December 1 29 xc2xb7 8
