,searched
0,Feinstein in 1995 Mr and Mrs America Turn Them All In  YouTube
1,Cruz There is Evidence Obama Wants to Go After Guns
2,Senator Dianne Feinstein Introduces Bill to Rescind US Travel Ban  CSPANorg
3,Dianne Feinstein Out of Touch Not Liberal Enough She Begs to Differ  The New York Times
4,Do people in the United States actually believe that gun reform will cause them to lose their right to own a weapon  Quora
5,Dem Sen Harris Trump Admin Planned Separation Of Children For Purposes Of Deterrence  Video  RealClearPolitics
6,Republican debate CNNs Reality Check Team inspects the claims
7,You are being redirected
8,Democrats launch fresh push for gun control after Las Vegas shooting  The Salt Lake Tribune
9,Who is Christine Blasey Ford the Palo Alto professor accusing Kavanaugh of sexual misconduct  Palo Alto Daily Post
10,We Hear You Brett Kavanaugh and Christine Blasey Ford State Their Cases to America  Countable
11,6th Republican debate transcript annotated Who said what and what it meant  The Washington Post
12,Joe Biden  Wikipedia
13,Repealing the 2nd Amendment Wont Make Gun Bans Any Easier  Reasoncom
14,Donald Trump  Wikiquote
15,Itxe2x8x99s about Mr Trump  Editorials  carolinacoastonlinecom
16,The Ten OClock News on KTVU Fox 2  KTVU  November 1 218 1pm159pm PDT  Free Borrow  Streaming  Internet Archive
17,The Conservative Zone  Start Here
18,In the News  Cheryl Kagan  Maryland State Senator  District 17
19,Supreme Court nominee Kavanaugh hearing hit by protest after protest  Daily Mail Online
20,Comments on The Supreme Court Will an allegation of assault jeopardise Brett Kavanaughxe2x8x99s confirmation  The Economist
