,searched
0,Trump Twitter Archive
1,The military has a whitepower problem  The Washington Post
2,Opinion  Why Saying xe2x8x98Radical Islamic Terrorismxe2x8x99 Isnxe2x8x99t Enough  The New York Times
3,Trump Media Wont Say Radical Islamic Terrorism Because They Dont Want To Offend President Obama  Video  RealClearPolitics
4,Hillary Clinton Ill say the words radical Islamism  CNNPolitics
5,    HR McMaster says the phrase radical Islamic terrorism is counterproductive  Business Insidern
6,Americans are more likely to be attacked by farright terrorists than Islamists
7,EUxe2x8x99S ANTIRACISM BODY WANTS A MEDIA GAG ORDER xe2x8x94 DOES CLINTON TOO The Daily Caller  LAT
8,xe2x8x9cThese are radical Islamic terrorists  Washington Post Opinions and Outlook  Facebook
9,Why Republicans want Obama to denounce radical Islam xe2x8x94 and why he wont do it  Vox
10,Why Wont Obama Say Radical Islam
11,If youxe2x8x99re going to say xe2x8x9cradical Islamic terrorismxe2x8x9d you need to say xe2x8x9cradical Christian terrorismxe2x8x9d tooxe2x8x9d  HelloGiggles
12,Trumpxe2x8x99s national security adviser wants to avoid phrase xe2x8x9cradical Islamic terrorismxe2x8x9d 
13,Trump Hillary Clinton wont say radical Islamic terrorism
14,Presidential Debate Donald Trump v Hillary Clinton Read Transcript  Fortune
15,Conservative Twitter Pounces on Obama Clinton for Expressing Sympathy for Easter Worshippers Killed in Sri Lankan Attacks  Reasoncom
16,Clinton And Trumps Second Debate FactCheck From NPR Politics  Vermont Public Radio
17,Terrorism and Trump and Clinton and radical Islamic terrorism
18, LUPICA Trump was quick to ditch the rhetoric he used to get elected for speech in Saudi Arabia  New York Daily News
19,Fact Check Second Presidential Debate Hillary Clinton And Donald Trump Meet Again  NPR
20,    n            Trump Obamas word choice causes Orlandostyle attacks  CBS Newsn    
21,Trump attacks Obama Hes got something else in mind  POLITICO
22,How will you help MuslimAmericans avoid being labeled as threats against the US  CSPANorg
