,searched
0,Obama hits McCain on help for cities levees  CNNcom
1,Obama jab over McCains antiflood project vote snags McCaskill   Political Fix  stltodaycom
2,Obama criticises McCain over flood prevention
3,Obama McCain quarrel over flood prevention programs  TheHill
4,rn        Obama and McCain clash on flood preventionrn    
5,Obama McCain clash over flood relief
6,Obama Urges Mayors to Focus on Urban Growth but Not to Expect Increased Federal Aid  The New York Times
7,Obama meets with mayors to unify party  LA Times
8,McCain Seeks Message Targets Obama  ABC News
9,Rivals spar about votes on levees  The Mercury News
10,Obama McCain would let infrastructure decay    Govtandpolitics  tucsoncom
11,Obama tells mayors federal deficit will compromise aid to their cities  SFGate
12,Obama New urban policy vital  The Seattle Times
13,Uncategorized  Show Me Progress  Page 993
14,The Philadelphia Inquirer from Philadelphia Pennsylvania on June 22 28 xc2xb7 Page A17
15,This Week With Barack Obama This Week With Barack Obama The Presumptive Democratic Nominee June 1621 28
16,Rapid Response
17,celebrity June 28
18,Flood zones become new battleground for Obama McCain  Worldnewscom
19,Obama McCain spar on levees  politics  Decision 8  NBC News
