,searched
0,More Tax Deceptions  FactCheckorg
1,New McCain ad paints Obama as outoftouch celeb  CNN Political Ticker  CNNcom Blogs
2,Obama camp factchecks the new Thatcher  Macleansca
3,n44n  New McCain Ad Hits Obama on Celebrity Taxesn                
4,Campaign 28  CSPANorg
5,FOXNewscom  AdWatch McCain ad claims Obama bad for families  Politics  Republican Party  Democratic Party  Political Spectrum
6,    n            McCain Hits Obama On Taxes  CBS Newsn    
7,Obsidian Wings John McCain Is A Liar
8,nttMcCain Another attack on Obamas celebrity  NMPoliticsnett
9,McCain contrasts celeb Obama with average Americans    POLITICOcom
10, Painful Ad  New York Daily News
11,   Taxes and the truth   Delaware Liberal
12,fiscal policy  Not a Hedgehog
13,Countdown with Keith Olbermann for Friday August 8   msnbc  Countdown with Keith Olbermann  NBC News
14,Olympics Mood Varies A Savior And A Sore Spot For NBC 81428
15, HCCN Fwd HCCN  need letters to the editor to help Obama win intNovembern   
16,August  28  John Ironss Blog
17,Liar Liar  HYSTERICAL   RAISINS
18,The Truth About Obama 1117 Lies and Smears About Obama Refuted
19,Nouvelle Blogger Palin Speech Fact Check
