,searched
0,Superhero Subsidies  Reasoncom
1,Reason December 212  Ayman Al Zawahiri  Democratic Party United States
2,21321 outlook ohio magazine by Outlook Media Inc  Issuu
3,April 213 Ohio Gas  Oil Magazine by GateHouse Media NEO  Issuu
4,Natural Processing Langugage and Swift KeyTHe importance of Word Predicition
5,12712 by I75 Newspaper Group  Issuu
6,3713 by I75 Newspaper Group  Issuu
7,American University  Unionpedia the concept map
8,Glenn Beck  Overmanwarriors Wisdom
9,Mike Dovilla touts his big ideas like expanding the film credit as reason for Ohio job creation PolitiFact Ohio  clevelandcom
10,Ohio House GOP May 212
11,Xiuang WWXNet SWSsandiegocaliforniastreamMejicanosElSalvadorMejicanosElSalvadorkiyphpxa1
12,Xiuang WWXNet SWScharleroibelgiummlRajshahiBangladeshRajshahiBangladeshkazphpxa1
13,Xiuang WWXNet SWSmalagaspainracingOviedoSpainOviedoSpainljphpxa1
14,Xiuang WWXNet SWSmiamifloridapartyArhusDenmarkArhusDenmarkkdphpxa1
15,Poissy France
16,Poissy France
17,Googliercom  billion  Search Date 21815 
18,douai nord
19,douai nord
