,searched
0,Environmental programs grow a better prison system  GreenBiz
1,Criminal Justice Facts  The Sentencing Project
2,2 Rising Incarceration Rates  The Growth of Incarceration in the United States Exploring Causes and Consequences  The National Academies Press
3,US Has Worlds Highest Incarceration Rate  Population Reference Bureau
4,An End to Mass Incarceration  University of Chicago  SSA
5,This Is Why Women Are the FastestGrowing Prison Population  Fortune
6,United States incarceration rate  Wikipedia
7,Shut the Revolving Door of Prison  Brennan Center for Justice
8, The PrisonIndustrial Complex  The Atlantic 
9,Mass Incarceration The Whole Pie 218  Prison Policy Initiative
10,rntWisconsin Lawyer How Did We Get Here Wisconsins Mass  Disparate Incarceration rn
11,Why Oklahoma Has The Highest Incarceration Rate In The US  Here  Now
12,rntSubstance Abuse  National Criminal Justice Associationrn
13,Whats driving Oklahomas prison population growth  Oklahoma Policy Institute
14,The Aging Prison Population in the United States  HRW
15,These Criminal Justice Activists Are Taking the System HeadOn  Vogue
16,Sentencing and Prison Practices in Germany and the Netherlands  Vera Institute
