,searched
0,Scott Brown politician  Wikipedia
1,An Important Message for New Hampshire  Shaheen for Senate
2, Scott Brown goes from Senate to cycle assembly  News  seacoastonlinecom  Portsmouth NH
3,Shaheen Brown Clash Over Independence and Outsourcing  New Hampshire Public Radio
4,Senator Scott Brown  NH LABOR NEWS
5,World Workplace Europe meets Facility for Future   Your Facility Conference
6,The Corner  National Review
7,rntHelp to Find a Job Return to Work or Live More Independently  APM   Australiarn
8,SCOTUSblog  The Supreme Court of the United States blog
9,International Civil Society Support
10,Nominations announced for Port of Antwerp Sustainability Award  Port of Antwerp
11,Western Sydney Airport
12,William F White International Inc 
13,Homepage  Hardesty LLC
14,Dell workers walk off job over prayer dispute  Business  US business  NBC News
15,Home  Sky News Australia
16,Cincinnati Enquirer   cincinnaticom
17,Messebau Messeservice Standbau und Messesysteme von SYMA 
18,rntrntBrown Schoolrnt  Brown School at Washington University in St Louisrnrn
19,Funding  Jobs for NSW
20,World Trade Center Savannah  Internation Business  Trade Georgia
21,Supreme Court of Virginia Opinions
22,Teamsters Local 355  355 News
23,FAQs
24,Florida Supreme Court upholds DeSantis decision to suspend Broward County sheriff xc2xaAxios
