,searched
0,Fill Up On Facts
1,E15 ethanol is coming like it or not Herexe2x8x99s what you need to know
2,Gas Prices  Page 2
3,puregasorg  comments
4,Is Cheap Costco Gas Worth the Membership
5,Lawn Mower Storage Why Draining the Tank is a Mistake  Gold Eagle Co
6,Why Ethanol Free Gas is More Popular than E85
7,Best Rated in Fuel Additives  Helpful Customer Reviews  Amazoncom
8,valueofethanol
9,Can Acetone Dramatically Increase Your Gas Mileage
10,Triton 24 petrol fuel consumption 
11,E85 often gives drivers more bang for their buck than regular gasoline  Minnesota Corn Growers Association
