,searched
0,Military Readiness CQR
1,Lawrence J Korb Archives  Center for American Progress
2,Remarks by the President at the National Defense University  whitehousegov
3,Top Twelve Defense Sequestration Scare Tactics  Council on Foreign Relations
4,Obamas Plan To Seize Control Of Our Economy And Our Lives
5,Barack Obama  US Presidency Family  Quotes  Biography
6,In Cyberwar There are No Rules  Foreign Policy
7,Authorization to Attack What Does the Constitution Say
8,15 Years After 911 Is America Any Safer  The Atlantic
9,United States Army  History Generals Battles  Structure  Britannicacom
10,Foreign policy of the United States  Wikipedia
11,Chinaxe2x8x93United States relations  Wikipedia
12,Dwight D Eisenhower  Wikipedia
13,These Military Construction Projects Could Be Cut to Fund a Border Wall  Militarycom
14,The future of USChina relations in light of domestic developments
15,History of United States foreign policy  Wikipedia
16,US armed forces  USA Gov Policy
17,Transcript And Analysis President Trumps Inauguration Speech  NPR
18,Withdrawing from Overseas Bases Why a ForwardDeployed Military Posture Is Unnecessary Outdated and Dangerous  Cato Institute
19,Franklin D Roosevelt  Wikiquote
20,NPR Staff  WBFO
