,searched
0,Legal Age 21  National Minimum Drinking Age  Choose Responsibility
1,3 Interventions to Reduce Drinking to Impairment  Getting to Zero AlcoholImpaired Driving Fatalities A Comprehensive Approach to a Persistent Problem  The National Academies Press
2,Current Issues  Alcohol
3,Current Issues  Alcohol
4,The risks of alcohol marijuana and other drugs explained  Vox
5,The Chief Public Health Officers Report on the State of Public Health in Canada 215 Alcohol Consumption in Canada  Canadaca
6,News Archive  DRIVE SMART Virginia
7,Opinion  How to Reduce Shootings  The New York Times
8,Statutes  Constitution rn      View Statutes rn    rn  rn  Online Sunshine
9,Binge drinking  Wikipedia
10,Highway Safety Tips  Highway Fatalities  Consumer Reports
11,Uganda And The New Alcohol Control Bill 216  IOGT International
12,News
13,Why America Still Doesnt Have Any Good Data on Guns  WIRED
