,searched
0,ProNathan Deal attack ad blasts Jason Carters Obamacare support
1,Jason Carter sharpens call for a Medicaid expansion
2,Republicans blast Jimmy Carterxe2x8x99s grandson over ObamaCare  TheHill
3,Carter Deal clash over parimutuel betting and more
4,Georgia governors race a bellwether for Obamacare  Al Jazeera America
5,Medicaid Expansion Could Be In Play In Georgia After Election Day  Kaiser Health News
6, A health care QA with Jason Carter  News  Athens BannerHerald  Athens GA
7,Jimmy Carters Grandson Dodges DC on Path to Georgia Governors Mansion  ABC News
8,Deal or no Deal  The Georgia governorxe2x8x99s race
9,Jason Carter on Medicaid early voting xe2x8x93 and snow
10,Jimmy Carter campaigns with Stacey Abrams on issue of health care
11,How Two Centrist Dems May Herald a Progressive Future for Georgia
12,The Daily 22 Georgia governor candidates are both targeting probusiness GOP moderates in the home stretch  The Washington Post
13,Jimmy Carter  Wikipedia
14,Exclusive Q  A with Democratic gubernatorial candidate Jason Carter  the Southerner Online
15,Georgia race pits politically incorrect Republican against Democrat who would be the first black female governor  Los Angeles Times
16,In Swing States Is Obamacare an Asset  The New Yorker
17,Georgia gubernatorial debate  CSPANorg
18,How the House and Senate Voted on Health Care Bills
19,Landrieus Loss a Harsh Milestone for Southern Democrats  Time
20,Stacey Abrams could forge a new path for Democrats in the Old South  CNNPolitics
21,Hotly debated in Georgia Education  POLITICO
