,searched
0, Should Cops Have to Live Where They Work  CityLab 
1,Should Public Workers Have to Live Where They Work  The Pew Charitable Trusts
2,Wisconsin Republican Dad Milwaukee and Detroit
3,Murphyxe2x8x99s Law Is Milwaukee the Next Detroit   Urban Milwaukee
4,Murphyxe2x8x99s Law How to Crush Milwaukee   Urban Milwaukee
5,Black flight to suburbs masks lingering segregation in metro Detroit  Bridge Magazine
6,Detroit bankruptcy  Wikipedia
7,1967 Detroit riot  Wikipedia
8,Bowie knives Ranch Girl Cincinnati chili beer News from around our 5 states
9,Thanks for the answer Denise However you are one of the group that blames Bush for everything While he spent his time trying to right the wrongs of the terrorists Clinton spent his time in office messing sround with interns etc Nice job rating there But you dont hate him xe2x8xa6 why Why is Bush blamed for every crappy mess left him by the previous presidents ie BillHill If our so called allies lined up with us this whole mess would have been over long ago But no they turn tail and run and leave it up to us to fend off the terrorist bastards and YOU BLAME BUSH Wrong country So SH was worth leaving alone to his murdrerous ways What the hell is wrong with you You are so far off base it will be an easy pickoff when the terrorists decide to march down the streets of Spring Hill Florida Then again you may get lucky and one of your famous sinkholes will swallow you up first If your guy wins good luck in the socialist system you will be living in Denise Oh and Bush is to blame for some countrys labs making bad vaccine Man there is no end to what he did to us huh Did he really start the Civil War Did he secretly tell Japan to bomb Pearl Harbor I hear he was there on DDay telling the Germans our plans For sure he was in on the Kennedy assassinations Of late he must have drugged up the Yankees so they would come out lethargic in game 7 Sound stupid It is what you and your cohorts sound like GO BUSH      thesunchroniclecom
10,Matthew Desmond Evicted Poverty and Profit in the American CityEPUB  Bob X  Academiaedu
11,Elvis Presley  Wikiquote
12,Daily Great Lakes and Seaway Shipping News  BoatNerdCom
13, Due Process of Law  Fourteenth Amendment  Rights Guaranteed Privileges and Immunities of Citizenship Due Process and Equal Protection  US Constitution Annotated  Justia
14,Obituaries
