,searched
0,Full text of The Chief Executives 218 Policy Address with photos
1,Video Gallery  RTHK
2,Bill would require paid sick leave for Nevada workers  Las Vegas ReviewJournal
3,POLITICO Playbook The most reliable politics newsletter  POLITICO
4,Donald Trumpxe2x8x99s New World Order  The New Yorker
5,The Wall Street Journal  Breaking News Business Financial and Economic News World News and Video
6,A Psychologist Analyzes Donald Trumpxe2x8x99s Personality  The Atlantic
7,The FreeCollege Movement in America Is Dying  The Atlantic
8,What It Costs to Be Smuggled Across the US Border  The New York Times
9,Somalia  Wikipedia
10,James Monroe  Wikipedia
11,Building and Learning from the Australasian Placemaking Movement
12,Use it in a sentence  it sentence examples
13,Art student destroys her own painting in front of class after bad review  Daily Mail Online
14,PDF Media culture Cultural studies identity and politics between the modern and the postmodern  rebecca chan  Academiaedu
15,Americaxe2x8x99s Future Is Texas  The New Yorker
16,6 Fundraising Event Ideas Updated April 218
17,  Wayne Byers Show  Morning  Apr 19
18,CRS Insights  EveryCRSReportcom
19,CAPITOL RECAP A look at this weeks work in Springfield  Alton Telegraph
20,This NJ hospital ER billed thousands for a stomach ache The patient fought back xe2x8x94 and won
21,pinalcentralcom  Pinal Countys Information Source
22,The California Report  NPR
23,All of Trumpxe2x8x99s false and misleading claims the first 1 days  Washington Post
