,searched
0,Mitt Romney Medicare fraud allegations and xe2x8x98Blood Moneyxe2x8x99  The Washington Post
1,ProObama group ties Romney to unpopular Florida governor  TheHill
2,Romney Supervised Medical Testing Company Guilty Of Massive Medicare Fraud
3,Dem super PAC ad ties Romney to Medicare fraud  CNN Political Ticker  CNNcom Blogs
4,Greed and Debt The True Story of Mitt Romney and Bain Capital  Rolling Stone
5,Steering the Rightxe2x8x99s Vast Money Machine  The New York Times
6,GOP keeps Medicare cuts it attacked under Obama
7,Candidates Discuss MedicareInsurance GOP ElectionAARP
8,ntttt  Get the facts in the deliberately deceptive Medicare debate  The Standttttt
9,GOP Convention Forces Mitt Romney Onto Same Stage as Unpopular Florida Gov Rick Scott  Retired Americans
10,LePage repeats disputed claim about Medicare funding during Fox News interview  Portland Press Herald
11,n                Special report Romneys steel skeleton in the Bain closet  Reuters
12,Clip Mitt Romney State of the Union Address Rebuttal  CSPANorg
13,Romney Immigration a winning issue for Republicans  NBC News
14,Mitt Romney assails Republicans silence on growing deficit xc2xaAxios
15,Beneath Mediscare talk whos right   Jennifer Haberkorn  POLITICOcom
16,Why LBJs fight for Medicare sounds familiar  medicareresourcesorg
17,Romney Proposes Benefit Program Changes  The New York Times
18,Mitt Romney Proposes Voucher Option for Medicare Plan  WSJ
19,Mitt tries to explain Medicare stance  POLITICO
20,Romneyxe2x8x99s use of small business owners is just as misleading as his use of Obamaxe2x8x99s you didnt build this quote  The New Republic
21,n        Super PACs spend big for Romney in final weeks of campaign  Center for Public Integrityn            
22,Obama More Flexible on Medicare Privatization Than Rhetoric Suggests  HealthcareNOW
23,Immigration and Social Security undocumented immigrants pay billions in taxes   Vox
24,Medicare Fraud Costs Taxpayers More Than 6 Billion Each Year  ABC News
25,Approved  The Economist
