,searched
0,Reform Library  FairVote
1,A National Popular Vote for President  FairVote
2,The Democratsxe2x8x99 choice The midterm elections and the road to 22
3,Why Electoral College wins are bigger than popular vote ones  Pew Research Center
4,Americaxe2x8x99s Electoral Future  Center for American Progress
5,Voter Trends in 216  Center for American Progress
6,212 United States presidential election  Wikipedia
7,Obama Victory Proof that the Sleeping Latino Giant is Wide Awake  Fox News
8,Why Trump Had an Edge in the Electoral College  The New York Times
9,Heres What Happened with the Latino Vote  NYTimescom
10,931 Myths that a Nationwide Vote for President would Favor One Political Party Over the Other  National Popular Vote
11,What really happened in 216 in 7 charts  Vox
12,Trump will be the 4th president to win the Electoral College after getting fewer votes than his opponent  Vox
13,Projecting Latino Electoral Influence in 212 What Percent of the Latino Vote Candidates Need to Win Each State  Latino Decisions
14,The Latino Votexc2xa Toward More Polarization
15,The National Popular Vote Explained  Brennan Center for Justice
16,Americaxe2x8x99s electoral system gives the Republicans advantages over Democrats  The minority majority
17,What We Actually Know About Electability  FiveThirtyEight
18,Colorado National Popular Vote Bill Passes State Legislature
19, Republicans Cant Win With White Voters Alone  The Atlantic 
20,rntPredicting State Presidential Election Results Using National Tracking Polls and Multilevel Regression with Poststratification MRP  Public Opinion Quarterly  Oxford Academicrn
21,PolitiFact NJ Sen Menendez says Latino voters made history as deciding factor in Obamas popular vote victory  njcom
22,Larry J Sabatos Crystal Ball 
23,How Trump won the presidency with razorthin margins in swing states  Washington Post
24,Election 218 exit poll analysis Voter turnout soars Democrats take back the House ABC News projects  ABC News
25,Viva Latino Voters  The Cairo Review of Global Affairs
