,searched
0,Harry S Truman Life in Brief  Miller Center
1,Harry Truman  HISTORY
2,When Harry Truman Nearly Doubled the Minimum Wage  The New York Times
3,Harry S Truman  Facts Life  WW2  Biography
4,Public Papers Harry S Truman 19451953
5,The Truman Administration  Boundless US History
6,Presidency of Harry S Truman  Wikipedia
7,Harry S Truman  Wikipedia
8,The best speech Obama has given on the economy  The Washington Post
9,Harry S Truman  US President  History  Britannicacom
10,President Harry Trumans Economic Policies
11,Harry S Truman
12,Stock market performance Dow under every president in past 1 years
13,1 Things You Might Not Know About Harry S Truman  Mental Floss
14,State of the Union 1953  Harry S Truman  Presidents  American History From Revolution To Reconstruction and beyond
15,How will history judge President Trump  BBC News
16,n  n    Power and the Presidency From Kennedy to Obaman     n    Historyn     Smithsonian
17,Harry S Truman  Wikiquote
18,Heres Every Time Queen Elizabeth Met a US President  Time
19,Tax History Project  Tax History  The Fifties  From War to Peace
20,Executive orders What they are and how they work
21,Obamas Final Numbers  FactCheckorg
22,Harry S Truman National Historic SitePresidents A Discover Our Shared Heritage Travel Itinerary
23,Before She Leaves the Senate Claire McCaskill Gives an Exit Interview  The New Yorker
24,FACT CHECK President Harry Truman on Republicans
