,searched
0,Proposed cuts to Oregon juvenile justice would eliminate hundreds of beds  oregonlivecom
1,A talk with Multnomah County Chairman Jeff Cogen on whatxe2x8x99s wrong whatxe2x8x99s right and what could be  Street Roots
2,Multnomah County Cuts Ties With Consultant Over Conflict Of Interest Allegations  Willamette Week
3,Saving Ryan  Willamette Week
4,Racism at Multnomah County insidious and farreaching many say  oregonlivecom
5,Amid recordsetting homelessness response Multnomah County Portland deliver on pledge to add supportive housing  Multnomah County
6,In the News  Multnomah County
7,November 24 General Election  Measure No 2664  Multnomah County
8,Portland Oregon  Wikipedia
9,Oregon Business  Mental Math
10,Oregon Watchdog  Your source for political news
11,rntFilms Media Group  Lockdown Multnomah County Detention Centerrn
