,searched
0,More disabled workers paid just pennies an hour  NBC News
1,Goodwill paying disabled employees pennies per hour  Al Jazeera America
2,Does Goodwill Industries Exploit Disabled Workers
3,Some Disabled Workers Paid Just Pennies an Hour
4,Many People With Disabilities Are Being Paid Way Below the Minimum Wage and Its Perfectly Legal  Mother Jones
5,Disabled people are allowed to work for pennies per hour xe2x8x94 but maybe not for much longer  The Washington Post
6,Goodwill Pays Disabled Workers As Little As 22 Cents Perxc2xaHour  ThinkProgress
7,The Fair Labor Standards Act allows companies to pay disabled workers less than minimum wage  Vox
8,Federal law lets Goodwill pay disabled workers pennies per hour  UPIcom
9,Goodwill Pays Workers With Disabilities Less Than Minimum Wage
10,Goodwill Pays Less Than Minimum Wage To Disabled Workers Millions To Executives  CalNewsroomcom
11,CEO of Goodwill Raked In Almost 73 in Salary While Paying Employees with Disabilities Pennies
12,Is Goodwill a Nonprofit  Goodwill CEO Salary
13,Goodwill Industries  Wikipedia
14,Do Goodwill CEOs Make Millions While Paying Disabled Employees Pennies An Hour  719Womancom 
15,Goodwill Gets Thrifty With Many Disabled Employees Pays Pennies For Hours of Labor
16,Subminimum wage must end  TheHill
17,Marylandaposs apossubminimum wageapos for disabled workers is bad public policy  Baltimore Sun
18,Section 14c of the Fair Labor Standards Act 1 Percent Wrong  Michael Hingson Group
19,Goodwills Lack of Good Will by Jessie Dumas on Prezi
