,searched
0,The Chief Executives 217 Policy Address  Policy Address
1,The Chief Executives 218 Policy Address  Policy Address
2,Full text of The Chief Executives 218 Policy Address with photos
3,Text of Gov Walkers State of the State speech
4,Puerto Rico governor signs bill for 2 billion in tax relief
5,Office of the Governor  Governor Murphy Presents Fiscal Year 22 Budget  A Blueprint for the Middle Class 
6,219 Ontario Budget  Foreword
7,Jamie Dimons Letter to Shareholders Annual Report 218  JPMorgan Chase  Co
8,Newsroom
9,1 questions with Rick Norlock Conservative  NorthumberlandNewscom
10,Iowans for Tax Relief
11,The Overview Clinton Claims Bragging Rights to Nationaposs Prosperity
12,Social Security  Just Facts
13,Rolling Back Inclusion
14,Full text Gov Chris Christies farewell State of the State address 218  POLITICO
15,Full Transcript Idaho Gov Brad Littles first State of the State address  KBOI
16,Budget Narrative
