,searched
0,    n            Astrodome Full More Shelters Open  CBS Newsn    
1,zReportage Stories that need to be told
2,Texas Baptists  News
3,Houston mayor asks residents to open their homes and garages  Fire marshal cuts Astrodome capacity to 15 refugees  SFGate
4,New Orleans West Houston is home for many evacuees 1 years after Katrina  US news  The Guardian
5,Jonathan Chancellor
6,Corsi Liberi di Lingua e Cultura Kurda 
7,I may declare a national emergency dependent on whats gonna happenxe2x8xa6  MetaFilter
8,215 Year End Newsletter  VISION LONG ISLAND
9,Chronological list of Real Estate Investors Monthly articles by John T Reed
10,Latest Posts  PolicyLink
11,NATSvocab at master xc2xb7 tshi4NATS xc2xb7 GitHub
