,searched
0,The Future of US Health Care Replace or Revise the Affordable Care Act  RAND
1,rntTrump and the Affordable Care Act Congressional Repeal Efforts Executive Federalism and Program Durability  Publius The Journal of Federalism  Oxford Academicrn
2,rntTrump and the Affordable Care Act Congressional Repeal Efforts Executive Federalism and Program Durability  Publius The Journal of Federalism  Oxford Academicrn
3,rntTrump and the Affordable Care Act Congressional Repeal Efforts Executive Federalism and Program Durability  Publius The Journal of Federalism  Oxford Academicrn
4,rntTrump and the Affordable Care Act Congressional Repeal Efforts Executive Federalism and Program Durability  Publius The Journal of Federalism  Oxford Academicrn
5,Compare Proposals to Replace The Affordable Care Act  The Henry J Kaiser Family Foundation
6,Repeal And Replace Watch  Kaiser Health News
7,Trump Retreats on Health Care After McConnell Warns It Wonxe2x8x99t Happen  The New York Times
8,Donald Trump on Health Care Consequences of His Plan
9,Efforts to repeal the Patient Protection and Affordable Care Act  Wikipedia
10,American Health Care Act of 217  Wikipedia
11,Groups opposing the American Health Care Act  Congressman Jim Cooper
12,How to Replace Obamacare  National Affairs
13,Midterms put the brakes on Republicansxe2x8x99 healthcare agenda xe2x8x94 so whatxe2x8x99s next  MarketWatch
14,Repeal and Replace Obamacare What Could It Mean  Health Care Reform  JAMA  JAMA Network
15,ACA Repeal Resource Page  California Health Care Foundation
16,Republican and conservative proposals to repeal the Affordable Care Act Obamacare  Ballotpedia
17,Improving the Health Care System
18,NRF  Health Care Reform
