,searched
0,Herexe2x8x99s how much the 28 bailouts really cost  MIT Sloan
1,US Declares Bank and Auto Bailouts Over and Profitable  The New York Times
2,Where the Bank Bailout Went Wrong  The New York Times
3,The Truth About Lehman Brothers and AIG  Time
4,Subscribe to read  Financial Times
5,The true cost of the bank bailout  Need to Know  PBS
6,An Inconvenient Truth It Was George W Bush Who Bailed Out the Automakers  The New Yorker
7,Where did the Greek bailout money go  World news  The Guardian
8,The Size of the Bank Bailout 29 Trillion 
9,Taxpayer support for UK banks FAQs  National Audit Office NAO
10,28 United Kingdom bank rescue package  Wikipedia
11,Did General Motors Really Repay Its Taxpayer Bailout  Fox News
12,The Truth About Car Payments  DaveRamseycom
13,Time banks build economies xe2x8x94 and communities xe2x8x94 without the almighty dollar  The Washington Post
14,Overdraft Protection Policies
15,Dime Bank Amazoncom
16,Home  March of Dimes  Healthy Moms Strong Babies
17,Why Nigerian Banks will Never Lend you a Dime  Financial Technology
18,Ieduplicates  DIME Wiki
19,Ieboilsave  DIME Wiki
20,Invest or Pay Off Your Mortgage How to Decide  NerdWallet
21,3 Easy Ways to Save Money This Semester  Fastweb
22,President Hooverxe2x8x99s Response  US History II OS Collection
