,searched
0,Mark Udall Says He Would Vote For ObamaCare Again  YouTube
1,GOP claim about Sen Mark Udall and Obamacare ruled mostly false  The Denver Post
2,Senate Dems vent at Obama on ACA  POLITICO
3,The war over Obamacare resumes
4,Mark Udall says hed vote for ObamaCare all over again  FreedomWorks
5,Colorados Gardner positions himself as ACA victim  MSNBC
6,McConnell No Shutdowns No Full Obamacare Repeal  Time
7,You are being redirected
8,How Each Senator Voted on Obamacare Repeal Proposals  The New York Times
9, Mark Udall vs Cory Gardner What to Watch in the Colorado Senate Race  The Atlantic 
10,How the House and Senate Voted on Health Care Bills
11,n                As Senate campaigns begin some Democrats flee Obama  Reuters
12,Millions Lost Insurance  FactCheckorg
13,Mark Udall  Wikipedia
14,Bloomberg  Are you a robot
15,rnttUdall Heinrich vote against first steps to repeal Obamacare  The NM Political Reportt
16,HR 359 111th Patient Protection and Affordable Care Act  GovTrackus
17,The Daily 22 Trump faces many obstacles if hexe2x8x99s serious about trying to make Republicans xe2x8x98the party of health carexe2x8x99  The Washington Post
18,United States Senate elections in Colorado 214  Ballotpedia
19,Colorado Senate Debate Ebola  CSPANorg
20,The Road To Repeal  Americans for Prosperity
21,214 Election Results Heres Why Democrats Lost the Senate to GOP  The New Republic
22,Obama spends anniversary of reelection reassuring Democrats over healthcare  World news  The Guardian
23,Colorado US Senate race Udall Gardner and Kent on the issues  CPR
