,searched
0,Obamas exaggerations
1,Obama Confronting an economic crisis  The Denver Post
2,Obamas First 1 Days What Hes Done So Far
3,Obamas First 1 Days What Hes Done So Far
4,Obamas New Glass House  TheHill
5,nFact Checkern  Did Obama author the stimulus packagen                
6,Framing Obamas Stimulus Package  Stanford Graduate School of Business
7,House Passes Stimulus Plan With No GOP Votes  The New York Times
8,Obamas A Liar Also Just In The Sky Is Blue  Ed Gruberman xd9x83xd8xa7xd9x81xd8xb1
9,Countdown with Keith Olbermann for Tuesday September 16  msnbc  Countdown with Keith Olbermann  NBC News
10,Will Obamas economic plan stimulate bipartisan support  CNNcom
11,Obama Economic Stimulus Package How ARRA Worked
12,Bush Calls for 145 Billion Economic Aid Package  The New York Times
13,Obama calls for Wall Street crackdown  POLITICO
