,searched
0,Study RomneyCare Killed 18 Massachusetts Jobs
1,RomneyCare killed more than 18 jobs in Massachusetts  United Liberty  Free Market  Individual Liberty  Limited Government
2,Study RomneyCare killed 18 Massachusetts jobs  Free Online Library
3,Perry links job loss to Romneys health care plan  The Boston Globe
4,Romneys Health Care Law Killed Jobs  FactCheckorg
5,Romneycare Cost Massachusetts Jobs Perry Tells Conservatives  The New York Times
6,ObamaCare Undermined by Study that RomneyCare Killed 18 Jobs Cost 8 billion
7,Mitt Romney refutes report on Massachusetts health law  Boston Herald
8,Daily Rounds Perrys Health Record Factcheck On RomneyCare Why Doctors OverOrder Parental Roadmap  CommonHealth
9,New Perry ad compares Romney to Obama on healthcare reform  TheHill
10,Rick Perryxe2x8x99s new ad about Mitt Romney and xe2x8x98RomneyCarexe2x8x99  The Washington Post
11,Michelle Malkin    Confirmed Romneycare  Obamacare
12,Vox Verax Romneys Health Care Law Killed Jobs
13,n                Special report The legacy of Romneys healthcare Rx  Reuters
14,TIME  Rick Perry rejects the notion that Washington is  Facebook
15,AMERICAN FREEDOM by BARBARA
16,Perry seeks to put shaky debate performance behind him  CNN Political Ticker  CNNcom Blogs
17,The Humble Libertarian Mitt RINOs RomneyCare Legacy
18,Per Capita Disposable Income  How is Per Capita Disposable Income abbreviated
19,Friday September 16     TODAYcom
20,Universal Healthcare The Wrong Type of Change Essay  healthcare syste
21,Why hasnt Massachusetts suffered any job lost and still has excellent healthcare with the Obamacare model  Yahoo Answers
22,Massachusetts health care reform  Wikipedia
