,searched
0,Forfeiture Georgia was once one of the worst Now Its not so bad
1,Civil forfeiture in the United States  Wikipedia
2,Freedom in the 5 States 217218 Massachusetts Asset Forfeiture  Cato Institute
3,Asset Forfeiture  Reasoncom
4,The Rise of Civil Forfeiture  The New Yorker
5,Forfeiture laws vary by state 5 have enacted reforms since 215
6,Foundation Georgia Should Rewrite Civil Asset Forfeiture Laws  Georgia Public Policy Foundation
7,218 US Animal Protection Laws State Rankings  Animal Legal Defense Fund
8,Southern Black Codes  Constitutional Rights Foundation
9,1 Conflicts to Watch in 219  Foreign Policy
10,These are the top 1 betrayals of civil liberties in 215
11,How Cities Make Money by Fining the Poor  The New York Times
12,Georgia
13,Donald Trump and Criminal Conspiracy Law  Center for American Progress
14,Abused How An Alabama Countys OverTheTop Approach To Law Enforcement Nearly Ruined One Mans Life  Alabama Appleseed
15,The Two Faces of Kamala Harris
