,searched
0, PolitiFact Payday lenders charge high interest but 1 is rare contrary to Wendy Davis statement  News  Austin AmericanStatesman  Austin TX
1,Thanks to Trump Payday Lenders Will Keep on Merrily Bilking the Poor
2,How Payday Loans Work
3,BBC Consumer  Monthly interest calculator the payday loan trap
4,This map shows the states with the highest payday loan rates 
5,Banks Making Big Profits From Tiny Loans  The New York Times
6,Payday loan caps come into force  Money  The Guardian
7,Americas Captains of Industry Poverty Baron Edition  Mother Jones
8,How Can 1 Percent Interest Be Legal
9,Payday loans xe2x8x93 what you need to know  Money Advice Service
10,xe2x8x98A way of monetizing poor peoplexe2x8x99 How private equity firms make money offering loans to cashstrapped Americans  The Washington Post
11,Payday loans What you should know about your options
12,State Laws Put Installment Loan Borrowers at Risk  The Pew Charitable Trusts
13,Borrow 5 repay 42 xe2x8x94 How super highinterest loans have boomed in California  Los Angeles Times
14,How World Finance makes a killing lending on the installment loan plan
15,Car Title Loans  Consumer Information
16,How Do Payday Loans Work Dangers  Payday Loan Alternatives
17,What Is a CreditBuilder Loan  NerdWallet
18,Best  credit cards interest free for 28 mths
19,Easy Money Impossible Debt How Predatory Lending Traps Alabamaxe2x8x99s Poor  Southern Poverty Law Center
20,Confessions of a Payday Lender xe2x8x93 The Intercept
21,Banks Urged to Take On Payday Lenders With Small LowerCost Loans  The New York Times
22,How Payday Loans Work Interest Rates Fees and Costs
