,searched
0,Fact Sheet Health Disparities by Race and Ethnicity
1,California Black Health Network
2,Time for Whites to Stop Dumping Their Pollution on People of Color  Dr Robert Bullard
3,Mass incarceration and childrenxe2x8x99s outcomes Criminal justice policy is education policy  Economic Policy Institute
4,In Speech on Ending Racism Hillary Clinton Offers 125 Billion Plan to Help Poor Minorities  First Draft Political News Now  The New York Times
5,Baton Rouge Shooting Transcript of Hillary Clinton Speech  Time
6,Racial Disparities  The Center for Community Solutions
7,Management of Asthma in Children  American Family Physician
8,Is My Child at Risk of a Fatal Asthma Attack
