,searched
0,Georgia roadway deaths on the rise but why
1,Ga officials Distracted driving likely tied to more highway
2,EDITORIAL Phone distraction causing surge in Georgia road deaths  Opinion  mdjonlinecom
3,The US states where youxe2x8x99re most likely to be texting while driving but distracted driving is more common than ever xe2x8x94 Quartz
4,Even As Cars Get Safer Traffic Fatalities Still High  Georgia Public Broadcasting
5,Drunk Driving vs Distracted Driving Which is More Dangerous  Quoted
6,The Dangers Of Zoning Out While Driving Distracted Driving Laws in Georgia
7,Distracted Driving   Motor Vehicle Safety  CDC Injury Center 
8,Distracted Driving Fatalities still high despite handsfree law  Local News  valdostadailytimescom
9,Deadly Roadways Traffic fatality spike linked to distracted driving  Local News  valdostadailytimescom
10,Yes smartphone use is probably behind the spike in vehiclerelated deaths So why isnxe2x8x99t more being done to curb distracted driving
11,Cell PhoneDistracted Driving Category Archives  Atlanta Personal Injury Lawyer Blog Published by Atlanta Georgia Personal Injury Attorney xe2x8x94 Kevin C Ford Trial Lawyer
12,Texting while driving  Wikipedia
13,News Archive  DRIVE SMART Virginia
14,distracted driving Tag Archives  Atlanta Injury Lawyer Blog
15,Car Crash Costs and Statistics
16,Cellphone talking and texting laws and penalties by state  CarInsurancecom
17,Distracted driving makes Atlantaxe2x8x99s roads the most dangerous in the country Drive Smart Georgia
18,What Are the Augusta Distracted Driver Laws  Dr Ted Greve Law Firm
