,searched
0, WHO SHOULD GRADE TEACHERS Cuomo battles with union and many educators over evaluations in New York schools  New York Daily News
1,Chazs School Daze Can A Developing Rating Terminate A Teacher  Yes If You Are Not Tenured
2,Jersey Jazzman What School Choice Is Really About
3,The Price of Tenure  How badly does the Susanville school district want to get rid of high school teacher Ed Murin Well their efforts to dismiss him have cost taxpayers more than 85  so far  SFGate
4,  Whatxe2x8x99s wrong with the Vergara ruling  EdSource
5,Firsttime homeless students on the rise in New York City
6,Remarks By Governor Christie At Harvard Graduate School Of Education On April 29 211
7,Perdailycom LAUSD Archives
8,News  Chicago Teachers Union
9,Teacher Evaluation  Building Better Schools  Bill Honig
10,ICEUFT Blog May 216
