,searched
0,Countries that could go bankrupt in 218  IOL Business Report
1,Four Countries That Went Bankrupt But Lived to Tell the Tale  Tharawat Magazine
2,Seven countries near bankruptcy
3,rntBankruptcies  Countries  Listrn
4,Countries that could go broke in 218
5,Bankruptcy  Wikipedia
6,Sovereign default  Wikipedia
7,What happens when a country goes bust  The Economist explains
8,What Happens When a Country Declares Bankruptcy  Bizfluent
9,China Debt Trap These eight countries are in danger of debt overloads from Chinas Belt and Road plans xe2x8x94 Quartz
10,What will happen to a country if it goes bankrupt  Quora
11,83 countries went bankrupt in 2 years  Daily Sabah
12,Ten years on how countries that crashed are faring  Business  The Guardian
13,Can I travel overseas during bankruptcy  Australian Financial Security Authority
14,What Happens If A Country Goes Bankrupt  YouTube
15,Iceland Economy GDP Financial Crisis Bankruptcy
16,24 Countries Face A Debt Crisis How Worried Should The World Be  Goats and Soda  NPR
17,Trump Is Turning America into Another Bankrupt Casino  Vanity Fair
18,xe2x8x98This One Here Is Gonna Kick My Buttxe2x8x99xe2x8x94Farm Belt Bankruptcies Are Soaring  WSJ
19,Michael Bloomberg Medicareforall would bankrupt us for a very long time  CNNPolitics
20,BBC iWonder  Did World War One nearly bankrupt Britain
21,Bankruptcy  Insolvency and Trustee Service
