,searched
0,USDA  National Agricultural Statistics Service  Texas  County Estimate Map  Cattle
1,Texas  Wikipedia
2,USDA ERS  Agricultural Production and Prices
3,USDA ERS  Irrigation  Water Use
4,rntIndustry Statistics  NCBArn
5,USDA ERS  FAQs
6,AUSTIN COUNTY  The Handbook of Texas Online Texas State Historical Association TSHA
7,GOLIAD COUNTY  The Handbook of Texas Online Texas State Historical Association TSHA
8,Agriculture in the United States  Wikipedia
9,Cattle Inventory Ranking of All 5 States  Drovers
10,Cowboys  HISTORY
11,Where does beef come from Part 1  A geographic perspective  MSU Extension
12,  Slavery in the United States
13,Home  Nine Bar Real Estate
14,Bloomberg  Are you a robot
