,searched
0,5 facts about the minimum wage  Pew Research Center
1,Who makes minimum wage  Pew Research Center
2,Characteristics of minimum wage workers 216  BLS Reports US Bureau of Labor Statistics
3,Minimum Wage Who Makes It  The New York Times
4,Gradually raising the minimum wage to 15 would be good for workers good for businesses and good for the economy Testimony before the US House of Representatives Committee on Education and Labor  Economic Policy Institute
5,Raising the federal minimum wage to 15 by 224 would lift pay for nearly 4 million workers  Economic Policy Institute
6,PressProgress
7,Teens fighting to be included in faster minimum wage phasein
8,Undisputed facts about the minimum wage  PBS NewsHour
9,Its Getting Harder To Move Beyond A MinimumWage Job  FiveThirtyEight
10,The minimum wage for younger workers  why is the level different  Low Pay Commission
11,Recent changes in the composition of minimum wage workers workers
12,Perspectives on Labour and Income
13,Teen Voices in the Fight to Raise the Minimum Wage in Massachusetts  Inequalityorg
14,Work rights for under 18s  SpunOutie  Irelands Youth Information Website
15,Federal minimum wage  Issue paper  Canadaca
16, Should We Raise the Minimum Wage 11 Questions and Answers  The Atlantic 
17,US Minimum Wage Federal State Cities Territorial  US Paywizardorg  Paywizardorg
18,Minimum Wages Issues and Options for Ontario
19,Minimum wage in the United States  Wikipedia
20,Should a higher minimum wage apply to teen workers
21,Chicagos minimum wage is about to jump to 12 per hour Who are the winners and the losers  Chicago Tribune
22,Millions of lowwage workers in the US are struggling to survive  Oxfam
