,searched
0,Trump offshore drilling order unlawful judge rules  BBC News
1,Trumpxe2x8x99s Order to Open Arctic Waters to Oil Drilling Was Unlawful Federal Judge Finds  The New York Times
2,Trump Would Open Nearly All US Waters to Drilling But Will They Drill  The New York Times
3,Donald Trump Seeks to Open Most US Waters to Oil Drilling  Time
4,Donald Trump to offer offshore oil plan but many in GOP dont want it
5,Trump administration plan would widely expand drilling in US continental waters  The Washington Post
6,Trump Administration Announces Plans to Open Nearly All US Waters to Offshore Drilling  Oceana
7,Trump aims to open California Florida Atlantic waters for oil drilling  POLITICO
8,The Trump Administration Wants Offshore Drilling In Florida The Majority Of Floridians Oppose It  WJCT NEWS
9,Trump moves to vastly expand offshore drilling off US coasts
10,Trump signs executive order to expand offshore oil and gas drilling in Arctic and beyond  The Verge
11,Trump proposes vast expansion of offshore drilling  Science  AAAS
12,Trump executive order aims to allow Arctic drilling  BBC News
13,Bloomberg  Are you a robot
14,One more time No oil drilling near Florida  Editorial  Sun Sentinel
15,Offshore Drillings Environmental Impacts From the Gulf of Mexico to the Arctic
16,Stop New Offshore Drilling  Surfrider Foundation
17,Trump moves to vastly expand offshore drilling  CBC News
18,USChina trade war why Trumpxe2x8x99s radical China strategy is failing  Vox
19,Latest Trump plans would open Alaskan Arctic to drilling by next summer  TheHill
20,Where did Trump Org get the money to build a village in Scotland xe2x8x94 Quartz
21,Trump Administration Proposes Massive Expansion of Oil Drilling  WSJ
22,Tracking the Trump Administrationxe2x8x99s Attacks on Our Air Water and Public Lands  Center for American Progress Action
23,Offshore Drilling Plan Under Fire Zinke May Have Violated Law Senator Says  InsideClimate News
24,Protect the Arctic National Wildlife Refuge  NRDC
