,searched
0,House panel recommends cutting funding for Planned Parenthood reigniting old debate  The Washington Post
1,GOPs antiPlanned Parenthood panel descends into farce  MSNBC
2,    n            Planned Parenthoods president on the offensive  CBS Newsn    
3,House Votes to Create Panel to Investigate Planned Parenthood
4,House creates panel to investigate Planned Parenthood  TheHill
5,GOP lawmakers reality They wont cut Planned Parenthood  POLITICO
6,House plans special committee to probe Planned Parenthood  POLITICO
7,Republican effort to defund Planned Parenthood 215  Ballotpedia
8,House GOP Looks Outside for Advice on Planned Parenthood Panel
9, FetalTissue Research And The Long Fight to Defund Planned Parenthood  The Atlantic 
10,Shooting at Planned Parenthood Adds to Challenges for Congress  The New York Times
11,Fetal tissue bank resists Republican subpoena demands
12,CQ Almanac Online Edition
13,Party Platform  Democrats
14,Joe Manchin  Wikipedia
15,House Republicans move to bar funding for NIH fetal tissue research  Science  AAAS
16,Graham Democrats Hate Trump So Much They Cant Understand That America Needs A Wall  Video  RealClearPolitics
17,Report reveals Trumps plans for luxe Moscow tower xe2x8x93 as it happened  US news  The Guardian
18,Brett Kavanaugh may not be solid ally abortion opponents were expecting
19,Meet the New Agenda Setters in the House  WSJ
20,rntCongressman Nadler Leads Democratic Member WalkOut from Republican Select Panel Attacking Womens Health  US Representative Jerry Nadlerrn
21,Unplanned Bad Drama But Good Propaganda For the ProLife Choir  Variety
22,Congressional Investigation into Planned Parenthood  CSPANorg
23,GOP moves fast to vote on abortion restrictions  State House Sound Bites  witforg
