,searched
0,Visa Overstays Outnumber Illegal Border Crossings Trend Expected to Continue
1,Herexe2x8x99s the Reality About Illegal Immigrants in the United States  The New York Times
2,Half of the Illegal Population Are Overstays  Center for Immigration Studies
3,For 7th Consecutive Year Visa Overstays Exceeded Illegal Border Crossings  NPR
4,Why Trumpxe2x8x99s wall contradicts todayxe2x8x99s immigration trends  Washington Post
5,More than 7 foreigners overstayed visas last year
6,Jorge Ramos Donald Trumps Wall Is Totally Useless  Time
7,Many People in US Illegally Overstayed Their Visas   WSJ
8,    n            Trumps border wall would stop less than half of illegal immigration in the US  CBS Newsn    
9,Illegal Immigration Statistics  FactCheckorg
10,PunditFact Jorge Ramos claim about undocumented immigrants
11,Turner Entertainment
12,The 2 Mile Wall in Search of a Purpose Since 27 Visa Overstays have Outnumbered Undocumented Border Crossers by a Half Million  The Center for Migration Studies of New York CMS
13,Modes of Entry for the Unauthorized Migrant Population  Pew Research Center
14,Coming not going Immigrant visa overstays on the rise
15,FACT CHECK Jeb Bush is right on visa overstays
16,The Facts on Immigration Today 217 Edition  Center for American Progress
17,Trump wall  all you need to know about US border in seven charts  BBC News
18,5 facts about illegal immigration in the US  Pew Research Center
19,The US Immigration Debate  Council on Foreign Relations
20,While Immigration Debate Focuses on Border Visa Overstayers Get Overlooked  The California Report  KQED News
21,KUOW  What happens after a person is deported Many people try again
