,searched
0,Economy Notches 1th Straight Month of Increased Employment  WSJ
1,US adds 312 jobs in December far surpassing expectations  Business  The Guardian
2, State Employment and Unemployment Summary 
3,Longest Consecutive Positive Monthly Job Growth in United States History  The White House
4,The most vulnerable victims of Americaxe2x8x99s opioid epidemic
5,Statutes  Constitution rn      View Statutes rn    rn  rn  Online Sunshine
6,Statutes  Constitution rn      View Statutes rn    rn  rn  Online Sunshine
7,rntInformation Technology Institutern
8,19 Good Jobs That Dont Require a 4Year College Degree  Wealth Pilgrim
9,How to handle a relapse after treatment for prostate cancer  Harvard Health Blog  Harvard Health Publishing
10,Economic climate The best and worst states for business
11,Facebook earnings Boeing crisis Teslas wild ride  NBC2 News
12,Understanding The Pay Scale For Truck Drivers  TruckDriversSalarycom
13,Ixe2x8x99m autistic I just turned 36 xe2x8x94 the average age when people like me die  Vox
14,History of Florida  Wikipedia
15,Definitions Of A Middle Class Income Do You Consider Yourself Middle Class
16,Walmart Store Manager Exposes Systematic Attack on Employee Benefits  Jobs With Justice
17,rntNews and Research  Business economy politics social issues and more xe2x8x93 Gallup Newsrn
18,Myrtle Beach Area Tourism Economic Update  Myrtle Beach Area CVB Partner Connect
19,Working as a Bartender at Royal Caribbean Cruises Ltd Employee Reviews  Indeedcom
20,How long can I keep a temporary or contract employee on assignment  PACE Staffing
