,searched
0,McAuliffe restores voting rights for 26K exfelons GOP calls it move to boost Clinton  State  Region  fredericksburgcom
1,Governor McAuliffe Restores More Voting Rights Than Any Governor in American History  Public Statements  The Voters Self Defense System  Vote Smart
2,Indonesia TsunamiEarthquakes  Sep 218  ReliefWeb
3,Colorado gubernatorial and lieutenant gubernatorial election 218  Ballotpedia
4,A History of President Obamaxe2x8x99s 8 Years in Office
5,Assembly Republicans sue McAuliffe over mass rights restoration order  Virginia  richmondcom
6,New Jersey  Wikipedia
7,First Battle of Bull Run  Wikipedia
8,Alabama  Wikipedia
9,What every American needs to know about Puerto Ricoxe2x8x99s Hurricane Maria disaster  Vox
10,State of the Homeless 218  Coalition For The Homeless
11,Hurricane Mitch slams into Central America  HISTORY
12,n      The Fishin Protests at Franks Landingn      n      Seattle Civil Rights and Labor History Projectn    
13,Supreme Court of Virginia Opinions
14,IHB Indiana Almanac
15,Meet the California Couple Who Uses More Water Than Every Home in Los Angeles Combined  Mother Jones
16,The Origins and Evolution of the Palestine Problem Part I 19171947  Study 3 June 1978
17,Vermonts Most Powerful Offices Are Up For Grabs This Election So Why Is It So Slow  Politics  Seven Days  Vermonts Independent Voice
18,Gun Control  Just Facts
19,Chapter II Growing the Economy and Creating Good Jobs  Ontarioca
20,Are there any universal moral values
