,searched
0,The Plan  Pickens Plan
1,United States energy independence  Wikipedia
2,Obamaxe2x8x99s Speech in Lansing Michigan  The New York Times
3,My Plan to Escape the Grip of Foreign Oil  WSJ
4,The MilitaryPetroleum Complex  FPIF
5,How we can end our addiction to oil  Grist
6,US spends 81 billion a year to protect oil supplies report estimates
7,Can we get off oil now  Scientific American Blog Network
8,The Electric Car Pledge 2 Degrees Institute
9,Energy Sources Renewable Energy Oil Coal  National Geographic
10,Saudi Arabiaxe2x8x99s spending addiction is bad for oil markets 
11,Talking Points for Energy Reform  Young Conservatives for Energy Reform
12,Venezuela The Rise and Fall of a Petrostate  Council on Foreign Relations
13,Why Energy Security Might Not Be a Good Idea  TIMEcom
14,Using Tax Incentives to Drive the Clean Energy Economy  Center for American Progress Action
15,22  Investigative Journalism  News Magazine  ABC News
16,Saudi Arabias Ambitious Economic Overhaul Hinges On Reducing Its Oil Addiction  NPR
17,RX for Oil Addiction The Middle East and Energy Security  Middle East Policy Council
18,Party Platform  Democrats
19,The US Marshall Plan Dollar as a Weapon and Impact on BRI Nations
