,searched
0,Geithners Tax History Muddles Confirmation  WSJ
1,How the Treasury Secretary Got His Groove Back  The New Republic
2,Geithner questioned about former housekeeper taxes  CNNcom
3,Obama Geithner will be confirmed at Treasury  politics  White House  NBC News
4,Geithners Tax Troubles Are Serious
5,Geithnerxe2x8x99s Nomination for Treasury Hits Snag Over Issue of Past Unpaid Taxes  The New York Times
6, Inside Man Timothy Geithner  The Atlantic 
7,Confirmations of Barack Obamas Cabinet  Wikipedia
8,Geithner taxes for dummies  POLITICO
9,International Tax and Wealth Management Specialists     Common Tax Mistakes Made by US Citizens Working for International Organizations
