,searched
0,Point Austin Just How Super Is Your PAC Outside money hits Austin and the reverberations begin  News  The Austin Chronicle
1, Austin City Council Member Mike Martinez to run for mayor  News  Austin AmericanStatesman  Austin TX
2, Adler fundraising crosses 1 million mark in Austin mayoral campaign  News  Austin AmericanStatesman  Austin TX
3,Mike Martinez Mayor of Austin Texas Candidate  Ballotpedia
4,Austin mayoral candidate Mike Martinez  kvuecom
5,Poll Steve Adler Increases Runoff Lead Over Mike Martinez  KUT 
6,Mayoral candidate Mike Martinez talks transportation affordability  The Daily Texan
7,Mike Martinez and the Name Game New poll says council member winning in name recognition  News  The Austin Chronicle
8,Austin Mayor Steve Adler targets dark money election donations  City Blog
9,Heres Whos Running for Austin Mayor and City Council  KUT 
10,Daniel Guerra  KUT 
11, At Austin mayoral debate Mike Martinez and Steve Adler trade jabs  News  Austin AmericanStatesman  Austin TX
12,QA with Austins Mayoral Candidates hosted by AHLA
13,Austin mayoral candidate Ronald Culver  kvuecom
14,Nobody Wins In Austins Garbage Uber And Lyft Electionxc2xa
15,Austin Elections  Voter Info from BicycleAustin
16,Uncategorized  Austin Mayor
17,Vote to Save Muny 214   Save Muny
18,Live election results Chicago mayor city council and more  Chicago Tribune
