,searched
0,John Paul Stevens  Wikipedia
1,Justice Stevens the Only Protestant on the Supreme Court  The New York Times
2,John Paul Stevens  Wikipedia
3,John Paul Stevens  Wikipedia
4,John Paul Stevens  Wikipedia
5,John Paul Stevens  Wikipedia
6,Demographics of the Supreme Court of the United States  Wikipedia
7,Demographics of the Supreme Court of the United States  Wikipedia
8,Demographics of the Supreme Court of the United States  Wikipedia
9,Demographics of the Supreme Court of the United States  Wikipedia
10,Demographics of the Supreme Court of the United States  Wikipedia
11,Religion The Supreme Court And Why It Matters  NPR
12,A Supreme Court without Protestants  CNNcom
13,n                Top court will have no Protestants with Kagan  Reuters
14,n                Kavanaugh does not belong on Supreme Court retired Justice Stevens says  Reuters
15,The Supreme Courts Protestant Minority  WSJ
16,Justice Brett Kavanaugh and the Supreme Courtxe2x8x99s Catholic majority  Religion Unplugged
17,The PostProtestant Supreme Court  News  Reporting  Christianity Today
18,After Thought Where are all the Protestants
19, Retired Supreme Court Justice Kavanaugh does not belong on high court  News  The Palm Beach Post  West Palm Beach FL
20,metafullTitle
21,More than 2 centuries of Supreme Court justices in 18 numbers  PBS NewsHour
22,Supreme Court May Soon Lack Protestant Justices  WBUR News
23,Retired Supreme Court Justice John Paul Stevens Said He Isnt Supporting Kavanaugh Anymore
24,Supreme Court justices in the pews and on the bench xe2x8x93 and where Neil Gorsuch fits in
25,I dont care what religion Supreme Court justices follow  National Catholic Reporter
