,searched
0,Its time to shut up about the cost of obesity
1,Rising Health Care Costs Causes by Year
2,Congresswoman Jan Schakowsky  OBAMACARENEWS  News 
3,Healthcare  Just Facts
4,Health care in the United States  Wikipedia
5,When Evidence Says No but Doctors Say Yes  The Atlantic
6,Preston Buzz  Preston Ventures
7,Social Security  Just Facts
8,High US health care spending is quite well explained by its high material standard of living  Random Critical Analysis
9,United States federal budget  Wikipedia
10,How a Mexican Drug Cartel Makes Its Billions  The New York Times
11,The 1year capitalist experiment that keeps Appalachia poor sick and stuck on coal xe2x8x94 Quartz
12,Obesity in America 218 7 charts that explain why itxe2x8x99s so easy to gain weight  Vox
