,searched
0,The Difference Between a xe2x8x98Public Optionxe2x8x99 and xe2x8x98Medicare for Allxe2x8x99 Letxe2x8x99s Define Our Terms  The New York Times
1,Why Seniors Should Be The Strongest Supporters Of Medicare For All
2,Medicareforall The design and costs for Democratic health care plans  Vox
3,rntWhat Is the Governmentxe2x8x99s Role in US Health Care  HBS Working Knowledge  Harvard Business Schoolrn
4,A wrong move on this retiree healthcare coverage could be costly
5,Retiree insurance  Medicare
6,Federal Employees Retirement Planning Guide
7,The Fear Of Running Out Of Money In Retirement Is Overblown
8,Ocasio 218 Vote November 6th
9,Morning Briefings  Kaiser Health News
10,How Do I Get Health Insurance When I Retire
