,searched
0,Kevin DeWine says John McCain won more votes in Cuyahoga County than in 7 states Politifact Ohio  clevelandcom
1,28 United States presidential election in Ohio  Wikipedia
2,The Keys to Ohio Five Counties that Could Decide the Presidency  TIMEcom
3,Ohio election results Donald Trump wins the state with demographics he bet on big  Vox
4,Are Republicans in More Special Trouble  Larry J Sabatos Crystal Ball  httpcrystalballcenterforpoliticsorgcrystalball
5,Five People Who Thought John McCain Would Win
6,Former President Barack Obama returns to Northeast Ohio to campaign for Democrats
7,RealClearPolitics  HorseRaceBlog
8,United States Senate election in Ohio 218  Ballotpedia
9,Ohios 4th Congressional District election 218  Ballotpedia
10,Ohio Attorney General election 218  Ballotpedia
11,Almanac of American Politics Ohio state profile 218  Ballotpedia
12,Charlie Mahtesian Blog  POLITICO
13,Ohio earlyvoter results should be available early Tuesday night  The Washington Post
14,28 United States presidential election in Missouri  Wikipedia
15,John McCain Defends Barack Obama in Video From 28 Election  Time
16,John McCain 1 moments that will shape the senators legacy  US news  The Guardian
17,US Senator John McCain dies age 81 after battle with brain cancer
