,searched
0, How Local Sales Taxes Target the Poor and Widen the Income Gap   CityLab 
1,    n            Are local taxes unfair to the poor  CBS Newsn    
2,Who bears the burden of federal excise taxes  Tax Policy Center
3,n          Are Soda Taxes Regressive  New Soda Tax Evidence  Tax Foundationn      
4,High Cigarette Taxes Disproportionately Burden LowIncome Families  RTI
5,PolitiFact Roundup for past week
6,PDF On the Threshold Smallness and the ValueAdded Tax  Emily Satterthwaite  Academiaedu
7,The Difference Between Regressive Proportional and Progressive Taxes
8,Carbon tax or carbon rights  Chicago Booth Review
9,The Role of Federal Gasoline Excise Taxes in Public Policy  EveryCRSReportcom
10,PDF The Consequences of High Cigarette Excise Taxes for LowIncome Smokers
11,Tax History Project  The Seven Years War to the American Revolution
12,Destinationbased cash flow tax  Wikipedia
13,n                n                Study says the poor bear the brunt of sales tax hikesn                  Gainesville Timesn            
14,How state tax systems unfairly burden lowincome earners  The Washington Post
