,searched
0,1994 United States Senate election in Massachusetts  Wikipedia
1,Mitt Romney Was A Democrat
2,Gingrich Makes a French Connection  FactCheckorg
3,John B Judis Stormin Mormon  The New Republic
4,Biden Should Run on a Unity Ticket With Romney  POLITICO Magazine
5,Senator Mitt Romney  FiveThirtyEight
6,The invisible primary xe2x8x93 number one
7,Verbal fisticuffs in the GOP  LA Times
8,Is Mitt Romney the man to lead a Republican rebellion against Trump  US news  The Guardian
9,Utah GOP chief slams Mitt Romneyxe2x8x99s expected Senate run Romney delays announcement citing Florida shooting  The Salt Lake Tribune
10,The Great Party Switch
11,Why Mitt Romney Is Picking a Fight with Donald Trump  Time
12,How the Money Primary Is Undermining Voting Rights  The Nation
13,Mitt Romney  Ballotpedia
14,United States Senate election in Utah 218  Ballotpedia
15,Beto ORourke touts support from lifelong Republican mom but records show she has also backed Democrats  CNNPolitics
16,Why Its Good To Be The Incumbent  Its All Politics  NPR
17,Romney Racks Up Big Cash Advantage Over Obama  The New York Times
18,n                    Why doesnt Mitt Romney contribute to his own campaign            
19,Bernie Sanders is winning the money primary for 22 so far
20,Mike Davis The Last White Election NLR 79 Januaryxe2x8x93February 213
21,Presidential Elections  HISTORY
22,Romney Recycled  WSJ
23,Mitt Romney Picks Paul Ryan as Vice Presidential Running Mate  WSJ
24,How Much Does it Cost to Become President
25,Donald Trump Received Just Two Donations From Republicans in Congress  Fortune
