,searched
0,Not in his fathers footsteps  LA Times
1,    Mitt Romneys Father George Romney Was A Liberal  Business Insidern
2,Mitt Romneys Dad Predicted The Future Of Cars
3,Making Mitt The Myth Of George Romney
4,Detroit and the Dinosaur  The New York Times
5,Romneys 64 Rambler on the eBay auction block
6,George W Romney  Wikipedia
7,The World According to Daria  Daria Wiki  FANDOM powered by Wikia
8,1968 Romney for President  Presidential History Geeks
9,nMONTY the DINOSAUR by bob frantz  Kickstartern
10,People Are Impressed At This Genius Surprise Dad Makes For His DinosaurObsessed Daughter  Bored Panda
11,Romney is the right man for America George Romney that is  The Washington Post
12,From the Archive Mitt Romney Through the Years  Hour Detroit Magazine
13,Bloomberg  Are you a robot
14,What Mitt Romney Learned From His Dad  Rolling Stone
15,Dinosaur a film by Nathan  his Dad on Vimeo
16,ShapeShifting Mitt From Blue Blood to Blue Collar Thats a Laugh  Dallas Observer
17,Dad  Son News Dinosaur Campaign  YouTube
18,AMCs Compacts
19,Dad uses projectors to surprised daughter with backyard dinosaurs  Daily Mail Online
