,searched
0,President Obama on Twitter Here are the stats Per population we kill each other with guns at a rate 297x more than Japan 49x more than France 33x more than Israel
1,Obama US gun violence 33 times that of Israel  The Times of Israel
2,Obama Cites Israel In Arguing For Gun Control  Jewish Week
3,Obama is right gun violence is much worse in the US than other advanced countries  Vox
4,521 mass shootings in 477 days charting the US gun obsession  Euronews
5,How many civilian guns does a wellregulated militia need  Euronews
6,rntObama US gun murder rate 33 times higher than Israels  Israel News  Jerusalem Postrn
7,Obama US rate of gun homicides 33 times higher than in Israel   Haaretz  Israel News  Haaretzcom 
8,Obama Wants Lawmakers to Do Something About Gun Violence
9,Obama Gun Violence in US 33x More than Israel  Israel News
10,rntt   Yes We Really Can Learn About Guns from Israel  The Tower  The Towert
11,Obama takes gun control debate to Twitter Its time we do something  US news  The Guardian
12,Obama cites Israel in arguing for gun control  Jewish Telegraphic Agency
13,PolitiFact Are there more gun deaths in the US than anywhere else in the world
14,Gun violence much worse in US than Israel France Japan Obama  Business Standard News
15,n                Obama blames gun lobby grip on Congress for lax US gun laws  Reuters
16,Obama Gun Violence in US 33x Worse than in Israel  Israel National News
17,Racist manifesto lays bare Charleston motive  World News
18,Obama on Confederate flag Good point Mitt
19,Obama Wishes America Had Gun Control Like Australia PODCAST
20,Barack Obama Blames Gun Lobby Grip on Congress For Lax US Gun Laws
21,Does Owning Guns Make You Safer Statistics Say Youre Actually At Much Higher Risk Of Being Hurt
22,Obama on Confederate Flag Good Point Mitt  wltxcom
