,searched
0,The Man Behind The GOPs NoTax Pledge  NPR
1,Did a Tax Increase Tucked Into Trumpxe2x8x99s Tax Cut Come Back to Bite Republicans  The New York Times
2,This Illinois Republican voted for a tax increase Im really not interested in seeing my state burn  The Washington Post
3,Democrats once seen as potential yes votes on tax cuts appear to walk away  The Washington Post
4,Clinton Budget Triumphs 515  Gore Casts a TieBreaking Vote in the Senate  Deficit President says Congress laid the foundation for the renewal of the American dream Sen Kerreys decision to back plan in last hours assured its passage  LA Times
5,Herexe2x8x99s Why Your Tax Refund Is Lower This Year
6,Sen Collins now says tax reform vote wasnt contingent on support for her bills to boost Affordable Care Act  Portland Press Herald
7,rntMost of These Republicans Ran On Low Taxes But All Voted to Keep Them High xe2x8x93 Michigan Capitol Confidentialrn
8,Congress 219 the PAYGO fight roiling House Democrats explained  Vox
9,Grover Norquist Donald Trump still hasnt signed tax pledge  CNNPolitics
10,John McCains statement on the GOP tax bill promises to vote yes But his reasons dont add up xe2x8x94 Quartz
11,Dear young people Dont Vote  YouTube
12,n        The Trump tax law has big problems Herexe2x8x99s one big reason why  Center for Public Integrityn            
13, Ohio House to vote on 17cent gastax hike far less than what DeWine wants  News  The Columbus Dispatch  Columbus OH
14,Butler County residents vote xe2x8x98NOxe2x8x99 for property tax increase
15,Taxpayers defeat most state tax measures on midterm ballots
16,Gas tax increase advances in Alabama Senate
17,Bloomberg  Are you a robot
18,Arkansas House panel endorses tax cut for top earners but GOP leader fears full vote to fall short
19,xe2x8x98Fakexe2x8x99 Republicans Gas tax increase spurs Alabama GOP intraparty dispute  alcom
20,Washington Initiative 1634 Prohibit Local Taxes on Groceries Measure 218  Ballotpedia
21,115th Congress on taxes 217218  Ballotpedia
22,Grover Norquist  Wikipedia
23,Louisville Metro Council vote on Fischer tax increase What to know
24,Des Moines will vote on sales tax increase in March
