,searched
0,Texas Voter ID Allows Handgun Licenses But Not Student IDs  The New Republic
1,Getting a photo ID so you can vote is easy Unless youxe2x8x99re poor black Latino or elderly  The Washington Post
2, Voter ID Laws Simply Are Not Working in Texas Alabama and Georgia  CityLab 
3,The state of voting in Texas  MSNBC
4,How many voters were disenfranchised by Texas ID law  MSNBC
5,Voter ID Laws Really Do Discriminate a New Study Shows  WIRED
6,Texas photo ID law stands despite challenges since Supreme Court ruling weakened Voting Rights Act  Los Angeles Times
7,So is it suppressing voters  Texass voterID law
8,Texas voter ID law discriminates against minorities court rules  PBS NewsHour
9,Michigan The Latest Front in the Voter ID Wars  Brennan Center for Justice
10,In Texas Strict Photo ID Law Hampers Voters  Brennan Center for Justice
11,VoteTexasgov  Required Identification for Voting in Person
12,This xe2x8x9cfunxe2x8x9d interactive lets you explore whatxe2x8x99s new in voter suppression since 212  Vox
13,Born and raised Texans forced to prove identities under new voter ID law  US news  The Guardian
14,Progress Report Voting Rights  Reclaim the American Dream
15,Texas VoterID Law Ensnares Former Speaker of the House Candidates for Governor State Judge  BillMoyerscom
16,Courts Have Blocked Three Discriminatory Texas Voting Laws in Eight Days  Mother Jones
17,SCOTUS to Texas Go Forth and Discriminate Against Your Citizens Starting Monday  Demos
18,Voter Suppression Laws Whatxe2x8x99s New Since the 212 Presidential Election  American Civil Liberties Union
19,Judge Throws Out Texas Voter ID Law Compares photo requirement to Jim Crow poll tax  News  The Austin Chronicle
20, Texas Voter ID Law Discriminates Against Blacks and Latinos  News  teleSUR English
21,Voter Suppression Laws Cost Americans Their Voices at the Polls  Center for American Progress
22,QA Voter ID  WRALcom
23,Need an ID to vote DPS will be open Saturdays in October  HoustonChroniclecom
24,Opinion  Who Gets to Vote  The New York Times
