,searched
0,Obama and Islamic History  FactCheckorg
1,rnWhy the Arabic World Turned Away from Science  The New Atlantisrn
2,Islamic Inventions were Roman Greek and Persian  Ralph Ellis  Academiaedu
3,One wacky nut job to another  Trump v Coulter  Your NZ
4,Silenced Majority Portal Conservapedia  Wingnuts Own Reference  Exhibit I Ann Coulter Exhibit II Pastor Prays for Death of President
5,Silenced Majority Portal Wingnut Alert
6,CNNcom  Transcripts
7,Haqs Musings Obama Islam and Science
8,President Obamas FirstTerm Speeches
9,Lies about Islam and Terrorism
10,ideas  society  Library News
11,Charged With a Crime Better Check Your Facebook Pictures  Reality Base  Reality Base
12,President Obamas Egypt Speech Stirs Muslims Across America  SalemNewsCom
