,searched
0,Grayson not backing down  POLITICO
1,    n            Alan Grayson Again Attacks Daniel Webster on Womens Issues  CBS Newsn    
2,Grayson Gets It Right  FactCheckorg
3,Dan Webster  The Facts  YouTube
4,Campaign 21 and Attack Ads  CSPANorg
5,Tucker Carlson We Are Ruled By Mercenaries Who Feel No LongTerm Obligation To The People They Rule  Video  RealClearPolitics
6,Dan Webster denies US Rep Alan Graysons claim he is religious extremist  Orlando Sentinel
7,Noah Websters Story  Noah Webster House
8,Domestic violence  Wikipedia
9,rntDomestic Violence In Search of Wellinformed Policyrn    rn      Parliament of Australiarn
10,Are You Trapped in an Unhappy Relationship
11,Tuesday Oct 5th  The Ed Show NBCNewscom
12,Bill S7 Historical  openparliamentca
13,Family Safety Center  918 742748    Domestic Violence Facts
14,rntIntimate Partner Violence in African American Womenrn
15,Kathy warden salary
