,searched
0,Fact check Did the Government triple the deficit and is debt 1b higher  Fact Check  ABC News Australian Broadcasting Corporation
1,How to Fix the United States Debt Problems  Reduce Federal Deficits
2,Lesson summary Deficits and debts article nKhan Academy
3,US budget deficit expands to 779 billion in fiscal 218 as spending surges
4,National debt of the United States  Wikipedia
5,United States federal budget  Wikipedia
6,National Debt  Just Facts
7,Chrxc3xa9tien Martin Harper Who has the best fiscal record   Macleansca
8,The National Debt Is Coming Due Just Like We Told You  Reasoncom
9,rntCPS  rn      FY17 Budget rn      CPS Fiscal Year 217 Budget Overviewrnrn
10,Bad budgeting basics How Illinoisxe2x8x99 budget process hurts taxpayers  Illinois Policy 
11,n      Autumn Budget 217  GOVUKn  
12,You are being redirected
