,searched
0,Habilidades que todo hombre y mujer de negocios deben tener
1,Ledezma sugiere que Maduro estxc3xa1 detrxc3xa1s del arresto de su yerno en Madrid por blanqueo Yo no tengo mancha
2,Clarxc3xadn en Caracas Cxc3xb3mo es el oscuro negocio del oro con el que busca sobrevivir Maduro  12219  Clarxc3xadncom
3,HOMBRE DE NEGOCIOS  Dareyes de La Sierra  LETRASCOM
4,Perfil y habilidades de un hombre de negocios xc3xa9xito
5,6 razones por las que buscar pareja puede ser una pesadilla para los emprendedores
6,6 consejos para mujeres que quieren triunfar en un mundo de hombres
7,Hoy Los xc3x81ngeles Noticias de California  Hoy
