,searched
0,Pricexe2x8x99s comments on Medicaidxe2x8x99s value somewhat misleading
1,Mandatory Medicare Bundled Payment Program for Lower Extremity Joint Replacement and Discharge to Institutional Postacute Care Interim Analysis of the First Year of a 5Year Randomized Trial  Health Care Reform  JAMA  JAMA Network
2,Medicaidxe2x8x99s impact finally measured  MIT News
3,Study Many Americans die with xe2x8x98virtually no financial assetsxe2x8x99  MIT News
4,Robin E Clark  PhD  University of Massachusetts Medical School Massachusetts  UMMS  Department of Family Medicine and Community Health
5,Health care in the United States  Wikipedia
6,David M Cutler  PhD  Harvard University MA  Harvard  Department of Economics
7,Policy Options to Sustain Medicare for the Future  The Henry J Kaiser Family Foundation
8,Interim Report  Interim Report of the Committee on Geographic Variation in Health Care Spending and Promotion of HighValue Care Preliminary Committee Observations  The National Academies Press
9,Harvard changes employee health benefits  Harvard Magazine
10,Does Medicare UnderPay Hospitals  Health Beat by Maggie Mahar
11,Interview with Amy Finkelstein  Federal Reserve Bank of Minneapolis
12,Managing Healthcare Costs
