,searched
0,Wendy Davis and the new resistance against antiabortion laws  The Washington Post
1, PolitiFact Group overstates Davis opposition to abortion restrictions  News  Austin AmericanStatesman  Austin TX
2,Wendy Davis Who Fought Abortion Restrictions in Texas Reveals She Had an Abortion in ABC News Exclusive  ABC News
3,Wendy Davis on AbortionRights Win and Why Women Should Fear Trump  Rolling Stone
4,New life for Texas abortion bill blocked by Wendy Davis  BBC News
5,Wendy Davis Texas Candidate Offers Nuance on Abortion View  The New York Times
6,Wendy Davis Talks Supreme Court Abortion Ruling  Time
7,Texas abortion bill defeated by Wendy Davis filbuster and public protest  US news  The Guardian
8,n                Abortion rights activists rally at Texas Capitol against restrictions  Reuters
9,n                Texas passes abortion restriction bill governor certain to sign  Reuters
10,Texas candidate Wendy Davis reveals abortions
11,Wendy Davis politician  Wikipedia
12,The Wendy Davis Rocket Ride  Its All Politics  NPR
13,Texas Wendy Davis backs some laterterm abortion restrictions  LA Times
14,    n            Long filibuster against Texas abortion limits suspended  CBS Newsn    
15,Wendy Davis Did Not Have Two Abortions As She Claims  Mother Jones
16,AntiAbortion Groups Say Davis Disclosure Changes Nothing
17,Wendy Davis Hear Our Voice  Susan B Anthony List
18, The Campaign Against Wendy Davis Is Already All About Abortion  The Atlantic 
19,Wendy Davis stunning filibuster of a Texas abortion bill
20,Texas Right to Life Exposes Wendy Davis Abortion Agenda  Texas Right to Life
21,Wendy Davis supports 2week abortion ban A surprise a betrayal a smart political move
22,Abortion a winning issue for Davis  POLITICO
23, In polarized world of abortion politics Davis and Abbott advance nuanced views  News  Austin AmericanStatesman  Austin TX
