,searched
0,Commentary McCains Latino ad hits target Obamas misses  CNNcom
1,Sparring in Spanish  FactCheckorg
2,Trump beats Obama at the lying game
3,The Minutemen and Antiimmigration Attitudes in California
4,John McCain 28 presidential campaign  Wikipedia
5,Rush Limbaugh  Wikipedia
6,Obama Invokes Rush Limbaugh in New SpanishLanguage Ads   44  washingtonpostcom
7,Which Party Benefits From Immigration Reform
8,Trump praises Rush Limbaugh for fawning immigration shut down talkxc2xa  Daily Mail Online
9,Barack Obama  Wikiquote
10,John McCain presidential campaign 28 Rough start to McCain 2nd run
11,My President Was Black  The Atlantic
12,Supreme Court contender Kavanaugh faces pushback from social conservatives  TheHill
13,How the Republican Elite Created Frankentrump  Mother Jones
14,McCains tin ear
15,RealClearPolitics  HorseRaceBlog
16,Lindsey Graham presidential campaign 216  Ballotpedia
17,The Danger of President Pence  The New Yorker
18,Rush Limbaughs Slut Comment Is a Red Herring  Reasoncom
19,28 Elections Election Propaganda
20,PDF Race and Multiraciality From Barack Obama to Trayvon Martin  Reginald Daniel  Academiaedu
21,xe2x8x9cThey Donxe2x8x99t Give a Damn about Governingxe2x8x9d Conservative Mediaxe2x8x99s Influence on the Republican Party  Shorenstein Center
