,searched
0,Republicans Back Down Ending Crisis Over Shutdown and Debt Limit  The New York Times
1,John Kasichs crusade  POLITICO
2,With big spending bill Congress signals era of austerity in Washington is over  MinnPost
3,Rand Paul Puts Government On Path For Temporary Lapse In Funding At Midnight  NPR
4,Republicans Have Finally Been Revealed as the Party of Fiscal Ruin  Reasoncom
5,Bloomberg  Are you a robot
6,Subscribe to read  Financial Times
7,Opinion Meet the Deficit Doves
8,Opposing Everything Is the Wrong Way to Stop Trump  The New Republic
9,Americaxe2x8x99s Future Is Texas  The New Yorker
10,Coalition changes rules to let MPs spend millions more taxpayer dollars on ads  Australia news  The Guardian
11,The Perils of Automatic Budgeting  National Affairs
12,Origins of the debt showdown  The Washington Post
13,Party Platform  Democrats
14,A Surplus If We Can Keep It How the Federal Budget Surplus Happened
15,CNNcom  Transcripts
16,GOP Plans To Introduce Balanced Budget Amendment  Countable
17,A Comprehensive Federal Budget Plan to Avert a Debt Crisis  Report by Brian Riedl
18,Harry S Truman Domestic Affairs  Miller Center
19,First 1 days Where President Trump stands on key issues  BBC News
20,Marco Rubio  Ballotpedia
21,POLITICS House Republicans open a major budget battle proposing deep cuts into energy environment and climate spending  Monday February 14 211  wwweenewsnetn
