,searched
0,Florida students wow the world with outstanding readingtest results  Orlando Sentinel
1,Nations report card Something very good is happening in Florida  Orlando Sentinel
2,Let children learn through play not structured lessons Education News  Top Stories  The Straits Times
3,US Education xe2x8x98Report Cardxe2x8x99 Says Much Can Be Improved
4, American Schools vs the World Expensive Unequal Bad at Math  The Atlantic 
5,How and why to search for young Einsteins  Talent shows
6,Students used to take drugs to get high Now they take them to get higher grades  Society  The Guardian
7,News
8,Teaching problem solving Let students get xe2x8x98stuckxe2x8x99 and xe2x8x98unstuckxe2x8x99
9,Why Science Majors Change Their Minds Itxe2x8x99s Just So Darn Hard  The New York Times
10,Bringing it back home Why state comparisons are more useful than international comparisons for improving US education policy  Economic Policy Institute
11,  US scores stagnant other nations pass us by in latest international test  EdSource
12,Seventh grade  Wikipedia
13,Grade retention  Wikipedia
14,Programme for International Student Assessment  Wikipedia
15,Harper Grace Gets American Idol Redemption Video
16,Six Things to Consider Before Pursuing a Degree in Fashion  Study Fashion in the US
17,Why Student Loan Debt Harms LowIncome Students the Most  Talk Poverty
18,Who Is Emma Gonzalez The Parkland Student Wants Gun Violence Prevention  PEOPLEcom
19,University  EmbryRiddle Aeronautical University
20,Violent Video Games Change Kids to Think More Aggressively  Time
21,Celebrate   
22,Fourth Grade  Grade by Grade Learning Guide  Education  PBS Parents
