,searched
0,Education in Texas  Wikipedia
1,Best public universities in the United States 219  Times Higher Education THE
2,The 1 Best Colleges and Universities by State 218xe2x8x93219
3,The 1 Richest Universities Their Generosity and Commitment to Research 218
4,219 Top Public Universities in America  Niche
5,University of North Texas
6, Does It Matter Where You Go to College   The Atlantic 
7,Austin Community College District  Start Here Get There
8,Rice University
9,University of Texas Austin
10,5 Great Affordable Colleges for Computer Science and Engineering
11,5 Great Cities for Studying Computers and TechnologyComputer Science Degree Hub
12,The University of Tennessee Health Science Center UTHSC
13,UT Austin Dell Medical School Stages AB  CE  Site Research and MOB  Hensel Phelps
14,rnttPage not found  Fiz com Gizt
15,Who Gets to Graduate  The New York Times
16,Austin AmericanStatesman Local News Politics Entertainment  Sports in Austin TX
17,The 25 Best Colleges in Texas for 219
18,5 Affordable Colleges with Cheap Out of State Tuition
19,Black issues conference ut
