,searched
0,K Verlag  Publishing  Berlin  On Reconciliation          xc3x9cber Versxc3xb6hnung
1,New Accord publication on reconciliation and peace processes  Conciliation Resources
2,Grant Competition on Reconciliation in Peacebuilding  United States Institute of Peace
3,ON RECONCILIATION  The Deborah Harris Agency
4,Dialogue on Reconciliation  The United Church of Canada
5,Reconciliation theology  Wikipedia
6,On Reconciliation   Idea Books
7,Reconciliatio et Paenitentia December 2 1984  John Paul II
8,The Journey Forward A Novella on Reconciliation  CODEs Burt Literary Awards
9,Ottawa needs to walk the walk on reconciliation says Federal Court judge  CBC News
10,Agreement on Reconciliation NonAggression and Exchanges and Cooperation between South and North Korea  UN Peacemaker
11,rntCBA British Columbia  Taking Action on Reconciliationrn
12,On Reconciliation  ProjecteSD
13,Jeremy Dutcher on reconciliation  Junos Gala Dinner  Awards 219  YouTube
14,CATIE Statement on Reconciliation  CATIE  Canadas source for HIV and hepatitis C information
15,Youth symposium encourages dialogue on reconciliation  MBC Radio
16,Statement by HRVP Mogherini on Reconciliation and Economic Integration in the Horn of Africa  European External Action Service
17,Questions on reconciliation and entering expenses  QuickBooks Community
