,searched
0,Senate will vote to repeal Obamacare without replacement after new healthcare bill stumbles  US news  The Guardian
1,Trump Retreats on Health Care After McConnell Warns It Wonxe2x8x99t Happen  The New York Times
2,Republicans Say They Will Protect Preexisting Conditions Their Records Say Something Else   The New York Times
3,US House Passes Republican Health Bill a Step toward Obamacare Repeal  Scientific American
4,Senate Republicansxe2x8x99 effort to xe2x8x98repeal and replacexe2x8x99 Obamacare all but collapses  The Washington Post
5,Obamacare Repeal Fails Three GOP Senators Rebel in 4951 Vote
6,Would Republicans take another shot at Obamacare  POLITICO
7,Affordable Health Care is Unifying Americans This Election  Time
8,Efforts to repeal the Patient Protection and Affordable Care Act  Wikipedia
9,These 32 Republicans Voted to Kill Obamacare Now They Say Theyll Protect Preexisting Conditions  Mother Jones
10,n                Senate aims for a skinny Obamacare repeal as other options fail  Reuters
11,How the House and Senate Voted on Health Care Bills
12,Trump tries to kill Obamacare in lawsuit and Democrats are happy
13,Trump Says Everything Will Be Fine If Courts Kill Obamacare
14,115th Congress on healthcare 217218  Ballotpedia
15,GOP eyes another shot at ObamaCare repeal after McCainxe2x8x99s death  TheHill
16,House to vote Wednesday on condemning Trumps renewed effort to repeal Obamacare  ABC News
17,GOP Puts Off Unveiling New Health Plan Until After 22 Election  WSJ
18,Factcheckers look at Hannity on Obamacare and Obamaxe2x8x99s VA promise
19,Republicans eye another ACA repeal vote if midterms go their way xc2xaAxios
20, Trumps GOP Is Airbrushing Past Opposition to Obamacare  The Atlantic 
21,Obamacare ruled unconstitutional Whats next for Affordable Care Act
22,218 elections Obamacare repeal could come back with Republican wins  Vox
23,Why is Trump attacking Obamacare now xe2x8x94 Quartz
24,How Obamacare Became a Winning Issue  The New Republic
25,Midterm election results What it all means for Trump  BBC News
