,searched
0,Roy Blunt Why are you keeping my pay so low
1,On his record Blunt says his past and his work reflect views and values of most Missourians  St Louis Public Radio
2,No Congressional Pay Raise  Citizens Against Government Waste
3,Sen Roy Blunt What Are Senate Republicans Biggest Priorities For 219  Video  RealClearPolitics
4,Kanders False  Misleading Campaign  Boone County Missouri Republicans
5,Roy Blunt  Congressional Scorecard  FreedomWorks
6,What will Blunt do to raise pay in Missouri  Your Letters  newspressnowcom
7,Kander pledges  support of a balanced  federal budget  Central MO Breaking News 
8,Roy Blunts Issue Positions Political Courage Test  The Voters Self Defense System  Vote Smart
9,Senate Disapproves Trump Emergency Declaration By Big Margin
10,Bill to Curtail Future Emergency Declarations Could Save Trumpxe2x8x99s Current One  The New York Times
11,What else Congress needs to do by the end of the year  CNNPolitics
12,Voting machine vendors under pressure  POLITICO
13,Whats Happening in Congress Today  US Congressional Materials at UC Berkeley  Library Guides at UC Berkeley
14,The Latest Government employees are asked to return to work
15,Trump breaks with predecessors rallies conservatives for government shutdown  The Washington Post
16,Heartland Votes
17,Senator Blunt on Immigration Bill  CSPANorg
18,The Latest Longest Government Shutdown in US History to End After 35 Days  Countable
