,searched
0,Energy misselling how to reclaim for wrong bills  MSE
1,Economy 1  Energy guide to Economy 1 tariffs  OVO Energy
2,Economy 7  Energy guide to Economy 7 tariffs  OVO Energy
3,Electricity tariffs for electric vehicles  Energy Saving Trust
4,Third Presidential Debate  McCain and Obama  Transcript  Election Guide 28  The New York Times
5,The Green New Deal explained  Vox
6,Carbon tax debate the top 5 things everyone needs to know  Vox
7,You are being redirected
8,History Of Climate Change In Presidential Debates  Climate Silence
9,Economic policy of Donald Trump  Wikipedia
10,Political positions of John McCain  Wikipedia
11, Frequently Asked Questions  FAQs  Tonik Energy
12,Leading Blog A Leadership Blog
13,Rescuing the frog Andrew Leachs energy and climate blog
14,President Barack Obamas State of the Union Address  As Prepared for Delivery  whitehousegov
15,Barack Obama  Wikiquote
16,rntWhat Is the Governmentxe2x8x99s Role in US Health Care  HBS Working Knowledge  Harvard Business Schoolrn
17,A History of President Obamaxe2x8x99s 8 Years in Office
18,Many MiddleClass Americans Are Living Paycheck to Paycheck  The Atlantic
19,4 Ways Companies Kill Employee Vacations  Inccom
20,Same same but different a short story by Anne Hayden  
21,CAO first round So you have a course offer xe2x8x93 what now
22,The Corner  National Review
23,Scraping By On 5K A Year Why Its So Hard To Escape The Rat Race
24,rntBuild a profile search jobs career tools for job seekers by GadBallrn
