,searched
0,    Obamacare Good For Workers Bad For Unions  Business Insidern
1,Labor Unions Obamacare Will Shatter Our Health Benefits Cause Nightmare Scenarios
2,Unions break ranks on ObamaCare  TheHill
3,US employers slashing worker hours to avoid Obamacare insurance mandate  US news  The Guardian
4,A lot of unions are going to end up hating Obamacare  The Washington Post
5,Union Health Plans Will Suffer under Obamacare  Labor Notes
6,Unionsxe2x8x99 Misgivings on Health Law Burst Into View  The New York Times
7,Businesses claim Obamacare has forced them to cut employee hours
8,n        Union Letter Obamacare Will Destroy The Very Health and Wellbeing of Workers  Corporate Intelligence  WSJn    
9,American Workers Need Unions  Center for American Progress Action
10,Medicareforall explained insurance deductibles for work plans rising  Vox
11,Ten actions that hurt workers during Trumpxe2x8x99s first year How Trump and Congress further rigged the economy in favor of the wealthy  Economic Policy Institute
12,Obamacare Cadillac taxxe2x8x94who wants it and who wont pay
13,FactChecking Pernicious Obamacare Claims  FactCheckorg
14,Next big Obamacare battle Cadillac tax  POLITICO
15,Health care in the US Why universal health care never happened xe2x8x94 Quartz
16,Obamacare Myths  FactCheckorg
17,Federal employees union sues Trump administration over shutdown xc2xaAxios
18,About Us
19,Freelancers Union  Wikipedia
20,The One Chart That Shows Why Even Unions Are Abandoning Obamacare
21,Feb 1 218  Massive Wage Theft at Call Centers  Communications Workers of America
