,searched
0,Working at Mt Hood Community College 62 Reviews  Indeedcom
1,Mt Hood Community College MHCC Introduction and Academics  Gresham OR
2,Harry Dewolf at Mt Hood Community College  RateMyProfessorscom
3,Rogue Community College  Niche
4,The Advocate Issue 9  November 16 218 by The Advocate  Issuu
5,Pamlico Community College
6,  Schools of cool jazz performance education providing a different kind of gig  Cover Story  Higher Education
7,Bernie Sanders  Wikipedia
8,Tavera interior design
9, search results  Northwestern Oklahoma State University
10,Carlisle Family YMCA  Summer Program Guide is Here
