,searched
0,Texas To Reclaim 1 Billion In Gold From Federal Reserve
1,Will Texas Repatriate 1 billion of Gold Bullion From the Federal Reserve in New York by KUT News  Free Listening on SoundCloud
2,State of Texas signs into law a bill to repatriate their gold from the Fed  Liberty is Viral
3,n                Texas wants its gold back and promises to build it a safe home  Reuters
4,Writings On The Wall Texas Pulls 1 Billion In Gold From NY Fed Makes It NonConfiscatable  Zero Hedge
5,Bloomberg  Are you a robot
6,Texas to create bullion depositoryand get its gold back  American Bullion
7,Texas Launches Goldbacked Bank Challenging Federal Reserve
8,Texas Contracts to Build Nationxe2x8x99s First State Gold Bullion Depository
9,With Eye on Fiscal Armageddon Texas Set to Repatriate Its Gold To New Texas Fort Knox  Talking Points Memo
10,Why Texas Wants Its Gold Stored in Manhattan Back  YouTube
11,Texas Goldxe2x8x99s Homecoming May Be New Dawn for Alternative Currencies  AIER
12,Abbott Signs Law Creating Texas Depository for State Gold   NBC 5 DallasFort Worth
13,    n            Texas seeks to establish first state gold bullion depository  CBS Newsn    
14,Texas To Repatriate 1 Billion In Gold From Federal Reserve To New State Depository  Community  The NewsTalkers
15,One billion in gold bullion  GoldSafe
16,Texas Gold Republicans see first proposal for the statexe2x8x99s own bullion depository   Texas Precious Metals
17,Texas and the gold bugs Is the Lone Star State preparing to secede at last  Los Angeles Times
18, Firms gear up to help Texas build gold depository  News  Lubbock AvalancheJournal  Lubbock TX
19,Texas Gold Republicans see first proposal for the states own bullion depository  Politics  Dallas News
20,A Tipping Point in Texas Itxe2x8x99s Building Its Texas Bullion Depository Bank  wwwmcalvanyintelligenceadvisorcom
21,Why Are Countries Pulling Their  Gold Out of America  Capital Gold Exchange
