,searched
0,Smaller Tax Refunds Surprise Those Expecting More Relief  The New York Times
1,Retailers tracking what customers return
2,Dude wheres my 7 Investment Return
3,The meeting that showed me the truth about VCs  TechCrunch
4,How to Get More Money Back From Your Tax Return 219
5,Which Is A Better Investment Real Estate Or Stocks
6,An 83 Percent Return on Your Money Guaranteed for Life  PBS NewsHour
7,Did Rand Paul really xe2x8x98returnxe2x8x99 money to the Treasury  The Washington Post
8,What Happens If Your Business Loses Money The NOL
9,1 ways to improve the return on your savings  Money  The Guardian
10,19 Retailers That Let You Return Used Items for a Full Refund
11,How to fill in a Self Assessment tax return  Money Advice Service
12,Consumer rights  protection get money back  MSE
13,SP 5 Return Calculator with Dividend Reinvestment  DQYDJ
14,Home  Return and Earn NSW
15,Return on Investment ROI
16,Opportunity Cost Definition
17,Get Back on Track with the IRS When You Havent Filed  HR Block
18,If your tax return is reviewed  Understanding tax  GetSmarterAboutMoneyca
19,The Ultimate Guide to Doing Your Taxes
20,rntrnt Daily Treasury Yield Curve Rates n    rnrn
21,1 taxfiling myths that could cost you money  CBC News
22,n         How to Report FAFSA College Money on a Federal Tax Return  TurboTax Tax Tips  Videosn    
23,Baltimore schools have returned millions in state funds for heating repairs  Baltimore Sun
