,searched
0,John Kasich Boasts of Ohio Recovery but Reality Is More Nuanced  The New York Times
1,Gov Kasich Turned Ohioxe2x8x99s Deficit to a Surplus  WSJ
2,John Kasich on Twitter The most recent data shows OH wages have jumped by 13 billion Ohioans are creating jobs and driving our comeback httptcoDf5lsHTUao
3,Ohios Kasich blocks local control over minimum wage  MSNBC
4,Ohio Gov John Kasich to Propose 5 Million Tax Cut  WSJ
5,The education mess in Ohio under Gov John Kasich  The Washington Post
6,Ohios children pay the price for Gov Kasichs tax cuts Brent Larkin  clevelandcom
7,tax policy Archives  vltpnet
8,Danger of Privatization  janresseger  Page 1
9,rn  215  August
10,Ohio Medicaid Reform  Medicaid  Patient Protection And Affordable Care Act
