,searched
0,Why Did Russia Give Away Crimea Sixty Years Ago  Wilson Center
1,1954 transfer of Crimea  Wikipedia
2,CRIMEA HISTORICAL CONTEXT  Association of Accredited Public Policy Advocates to the European Union
3,The Johnsville News March 214
4,The Hemlock Tea Room and Ladies Emporium WHAT IS THE TRUTH ABOUT UKRAINES UNREST
5,Articol revoltxc4x83tor xc3xaen presa din Argentina Sergio Romero e primul care a ajuns pe aceste txc4x83rxc3xaemuri xc5xa3igxc4x83nexc5x9fti
6,SustainabiliTank Ukraine
7,Some insight for westerners who support Russian expansion into Crimea and eastern Ukraine page 6
8, Does Politifact have a liberal bias
9,Crimea A Gift To Ukraine Becomes A Political Flash Point  Parallels  NPR
10,To understand Crimea take a look back at its complicated history  The Washington Post
11,Publications
12,Blog Archives  JESUS OUR BLESSED HOPE
13,Intl Issues Anyone Following The Protests In The Ukraine Archive   Page 4  ChiefsPlanet
14, Ukraine Crimea Syria Israel Iran Putin and World War III
