,searched
0,Mitt Romneys tax record Tax cutter or tax hiker  May 31 212
1,Tax Experts Show Why Mitt Romneys MiddleClass Tax Cut Would Work
2,Romneyxe2x8x99s fiscal policies as governor Fact Checker biography  The Washington Post
3,Governorship of Mitt Romney  Wikipedia
4,Mitt Romney  Wikipedia
5,Romneyxe2x8x99s Strategies as Governor Bucked His CEO Image  The New York Times
6,Romney Candidacy Puts Massachusetts Economy in Spotlight  The New York Times
7,PCL Campaign 212 Presidential Election Ads
8,Stretching on Romneys Fees  FactCheckorg
9,Obama Twists Romneys Economic Record  FactCheckorg
10,Facts Take a Beating in First Presidential Debate 
11,Romneyxe2x8x99s Tax Plan Leaves Key Variables Blank
12,n                Mitt Romneys economic record questioned  Reuters
13,Mitt Romney Made 42 Million Paid Less Than 14 Percent in taxes  ABC News
14,Romneyxe2x8x99s Dilemma  The New Yorker
15,As governor Romney faced similar economic situation as Obama  with similar results  Bostoncom
16,Obama  Romney Corporate Executive Vs The Government Professor  Its All Politics  NPR
17,The wide tax gulf between Mitt Romney and Donald Trump  Tax Policy Center
18,If a 15percent income tax rate for Mitt Romney Warren Buffet and other millionaires seems low experts say blame the US tax code  masslivecom
19,GOP Economy Mitt Romneys economic plan
20,Romney on 47 Percent I Was Completely Wrong 
21,1 Reasons Reagan Could Cut The Top Tax Rate To 28 But Romney Cant
22,Mitt Romney  Wikiquote
23,Mitt Romney  Governor  Biography
