,searched
0,Fact check Clintons record at State Department during Middle East chaos
1,Criticizing Clinton Trump Vows to Defeat the Barbarians of ISIS  Militarycom
2,Trump Accepts Nomination Americanism Not Globalism Will Be Our Credo  Video  RealClearPolitics
3,Fact check Donald Trumpxe2x8x99s speech at the Republican National Convention  Vox
4,Trump triumphant The factfree marketing of fear  WHYY
5,Bloomberg  Are you a robot
6,Full transcript Donald Trump NYC speech on Hillary Clinton text video  POLITICO
7,Decoding Trumpxe2x8x99s and Clintonxe2x8x99s speeches  The Boston Globe
8,Factchecking Donald Trumpxe2x8x99s acceptance speech at the 216 RNC  The Washington Post
9,Trump Americanism Not Globalism Will Be Our Credoxe2x8x9d
10,9 Lies In Donald Trumpxe2x8x99s Big Speech To The Republican Convention  ThinkProgress
11,Hillary Clinton  Wikiquote
12,Factchecking Donald Trumpxe2x8x99s RNC acceptance speech  NY Daily News
13,Fact Checking Donald Trumps Speech To The Republican Convention  NPR
14,rntTrump I Will Restore Law and Order I Am Your Voice  Newsmaxcomrn
15,Reviews  GEORGE VECSEY
16,RNC 216 Donald Trump on stage accepting nomination
17,FactChecking the Truth That Donald Trump Promised  The New York Times
18,Donald Trump implies Hillary Clinton helped growcreate ISIS says she has legacy of death destruction terrorism and weakness  The News Chronicle
19,Donald Trump camp says Hillary Clinton is linked to ISIS  Daily Mail Online
20,Internet Archive
21,Political positions of Hillary Clinton  Wikipedia
