,searched
0,Firsttime DUIs are treated like traffic tickets in Wisconsin and bipartisan drive to change that faces uphill battle  MarketWatch
1,Tougher penalties for firsttime drunken drivers remain elusive  Politics and Elections  madisoncom
2,rnt Governor signs controversial tort reform bill into law rn
3,Protests Fail to Sway Wisconsin Governor  WSJ
4,Seriously enough is enough  Isthmus  Madison Wisconsin
5,Wisconsin Gubernatorial Debate  CSPANorg
6,Many Wisconsin counties have several offenders
7,Opinion  A Good Way to Keep Guns From Predators  The New York Times
8,Campaign Cash Tavern League Favors Drunk Driving Bill   Urban Milwaukee
9,Newt Gingrich Disappointed In Republicans Picking Liberal Fascism Over Trump  Video  RealClearPolitics
10,GovElect Tony Evers to visit Lincoln Hills consider toughening OWI laws after taking oath  WISC
11,Scott Walker  SourceWatch
12,Wisconsin gubernatorial election 218 August 14 Democratic primary  Ballotpedia
13,Scott Walker concedes to Tony Evers after hardfought election  Local News  journaltimescom
14,Wisconsin Protests Monday February 21 211  PR Watch
15,Gov Walker calls special session on opioid bills This isnt somebody elses problem  FOX6Nowcom
16,Gov Walker says not right now on legalizing marijuana in Wis  FOX6Nowcom
17,GoPros video revolution  CBS News
18,Walker Defends Rape and Incest Position on Abortion Bill  Time
19,The Skimm Has the Ear of Seven Million Subscribers
20,Houston Local News Weather Headlines Sports Business and Entertainment  The Houston Chronicle at Chroncom  Houston Chronicle
21,Spring Farewell Issue 219 by The Daily Cardinal  Issuu
