,searched
0,More Birther Nonsense Obamas 1981 Pakistan Trip  FactCheckorg
1,FACT CHECK Barack Obamas Passport
2,Email Quietly Obamas Citizenship Case Reaches The Supreme Court  Media Matters Action Network
3,Whats Your Evidence Did Obama use an Indonesian Passport to Visit Pakistan
4,Barack Obama traveled to Pakistan on an Indonesian passport  Obama Conspiracy Theories
5,Barack Obama explain away this one
6,How Did Obama Go to Pakistan in 1981 On a Plane
7,Barack Obama citizenship conspiracy theories  Wikipedia
8,What Pass Port Did Mr Obama Use when he was Jetting to Pakistan Not a US Pass Port  YouTube
9,Obama Is Not A US Citizen  YouTube
10,Context of August 2124 28 Court Dismisses Challenge to Obamas Citizenship
11,Obama citizenship denial  RationalWiki
12,McCain Campaign Investigated Dismissed Obama Citizenship Rumors  Constitutional Accountability Center
13,Fact check Eight Years of Trolling Obama
14,Barack Obama the college years  US news  The Guardian
15,Few Details Known About Obamaxe2x8x99s Three Weeks in Pakistan
16,Are Obamas early records sealed
17,Barack Obama  US Presidency Family  Quotes  Biography
18,Castle versus the Birther    POLITICOcom
19,Barack Obama  Wikiquote
20,Alan Keyes Files Lawsuit Over Obama Eligibility  Ballot Access News
21,Obama Says RealLife Experience Trumps Rivalsxe2x8x99 Foreign Policy Credits  The New York Times
22,Pastor Barack Obama was a CIA operative during the 198s
23,Could Obamas Citizenship Question Create a Constitutional Crisis
