,searched
0,Paul We cant be allies with al Qaeda  Crossfire  CNNcom Blogs
1,Paul We cant be allies with al Qaeda  CNN Political Ticker  CNNcom Blogs
2,CNNcom  Transcripts
3,Moro conflict  Wikipedia
4,Human rights violations during the Syrian Civil War  Wikipedia
5,The Priest the Killers and a Looming Genocide  The New Yorker
6,ISIS in the Philippines The Battle for Marawi City
7,The Pulitzer Prizes
8,G K Chesterton  Wikiquote
9,Muslim Rulers and Rebels
10,Finding the Bones of Nat Turner American Rebel
11,The Lawful and the Prohibited in Islam
12,The French Genocide That Has Been AirBrushed From History  Quillette
13,Assad regime  dianadarke
14,PDF Honored by the Glory of Islam Conversion and Conquest in Ottoman Europe  By Marc David Baer  Garabet K Moumdjian PhD  Academiaedu
15,Sierra Leone TRC  Appendix 3 Part 2 Section C
16,Were American Indians the Victims of Genocide   History Newsn        Network
