,searched
0,Delaying DACA Reform Is a Missed Opportunity for Republicans  Time
1,Jeb Bush 216 presidential campaign  Wikipedia
2,5 Facts about Republicans and immigration  Pew Research Center
3,Reuters Polling
4,Immigration Reform News
5,Illegal Immigration a Low Priority for Republican Voters  The New York Times
6,Seven key questions on immigration and how top GOP candidates answer  The Washington Post
7, How Immigration Became So Controversial  The Atlantic 
8,Democrats reject Trumps bid to negotiate on immigration for his wall  POLITICO
9,Trump offers 3 years of protection for Dreamers in exchange for 57 billion for border wall  Chicago Tribune
10,xe2x8x9cThey Donxe2x8x99t Give a Damn about Governingxe2x8x9d Conservative Mediaxe2x8x99s Influence on the Republican Party  Shorenstein Center
11,A year later what primary voters have to say about Donald Trump and immigration
12,fakenewstestcsv at master xc2xb7 rampkitsfakenews xc2xb7 GitHub
13,FactChecking the Seventh GOP Debate  FactCheckorg
14,Jeb Bush presidential campaign 216  Ballotpedia
15,What the hell is going on with Trump and immigration explained  Vox
16,    n            Transcript Ninth Republican debate South Carolina 216  CBS Newsn    
17,CQ Roll Call  Recess Agenda No Time to Play  Congressman Robert Aderholt
18,Judging Jeb  ABC News
19, Jeb Bush remarks expose GOPs immigration problem  News  Athens BannerHerald  Athens GA
20,Nancy Pelosi Thanks Illegal Aliens for Breaking the Law  CSPANorg
21,Jeb Bush ready to leap into Republican race
22,Tea Party Patriots  News Briefing for April 18
23,Fear and voting on the Christian right
