,searched
0,Donald Trumps Campaign Ad Shows the Border xe2x8xa6 With Morocco  Time
1,Trump TV Ad Shows Immigrants at Southern Border Its Actually Africa  YouTube
2,Donald Trump TV advert criticised for falsely showing Mexican immigrants  Telegraph
3,Trump ad actually shows migrants storming Spain border NOT Mexico  The Local
4,Trump ad shows footage of migrants in Morocco not at southern border  TheHill
5,Trump Ad Shows Morocco Instead Of Mexican Border  wfmynews2com
6,n            Political TV Ad Archive   PolAdDonaldTrumpbhap        
7,Why humans build walls to keep people outxe2x8x94or in
8,Trump Presses His Argument of a Border Crisis in California Visit  The New York Times
9,Migrant Caravan Arrives at US Border but Long Road Awaits  The New York Times
10,Trumps angry tweets about Mexico More fiction than fact  Los Angeles Times
11,Trump ad uses footage from Morocco not Mexican border  POLITICO
12,n                Migrant caravan heading to US border puts Mexico in tough spot with Trump  Reuters
13,2mile journey in the shadowxc2xaof the border wall
14,Dave Eggers why Donald Trump could win again  Books  The Guardian
15,Trump threatens to shut Mexico border send military over migrant caravan
16,Trump makes new threat over USMexico border  BBC News
17,Rules May Change for Troops at the US Mexico Border   NBC 7 San Diego
18, Looking Up Nice crescent moon and a meteor shower ahead  Lifestyle  Leesville Daily Leader  Leesville LA  Leesville LA
19,DHS request for more troops at the border is sent to the Pentagon
20,Top Stories  The Ames Tribune  Ames IA
21,Bee crisis Pollinators endure countless threats in Florida  SFGate
22,Gigi Hadid relaxes in a tie dye Rolling Stones hoodie while out for her birthday with Bella Hadid  Daily Mail Online
23,Defense News Covering the politics business and technology of defense  Defense News
24,Pastor Boy thrown from Mall of America balcony shows no sign of brain damage  WPXI
25,   Stephanie Miller   TALKERS magazine  The bible of talk media
26,Sunday Mass canceled across Sri Lanka a week after bombings
