,searched
0,Born Alive Baloney  FactCheckorg
1,All Posts  Page 96  Wisconsin Right to Life
2,Antiabortion ad targets Obama  CNNcom
3,True Lives  National Review
4,The Audacity of Death  WSJ
5,Reel American History  Films  List
6,Gianna Jessen Exposes Barack Obama on Born Alive Bill  YouTube
7,Obama attacks Gianna Jessen abortion survivorin ad See Description  YouTube
8,Survivor of LateTerm Abortion Comments on Barack Obama  Blog  Eternal Perspective Ministries
9,Abortion  Just Facts
10,Gianna Jessen was aborted at 7 months She survived Astonishingly she has forgiven her mother for trying to kill her  Telegraph
11,TalkGianna JessenArchive 1  Wikipedia
12,Conservatives and Abortion CPAC  CSPANorg
13,Hitting Obama on abortion in Ohio and Colorado    POLITICOcom
14,Upcoming Events  Wisconsin Right to Life
15,    n            Spots Hit Obama On Born Alive McCain On Lobbyists  CBS Newsn    
16,ProLife Video Denouncing President Obama Goes Viral  The Christian Post
17,  ISSUE ADVISORY Antiabortion Extremists Escalate Attacks on Family Planning Funding Fetal Tissue Research
18,Abortion Survivors Tweak Nationxe2x8x99s Conscience 
19,Gianna Jessen Asks Congress If abortion is about womenxe2x8x99s rights then what were mine  Julie Roys
20,We Survived Abortion
