,searched
0,n                US budget deficit to top 1trillion in 219 budget experts  Reuters
1,Obama budget National debt will be 1 trillion higher in a decade than forecast  The Washington Post
2,Obamaxe2x8x99s 4 Trillion Budget Sets Off Push for Deals With Republicans  WSJ
3,Trump is on his way to joining the 1 trilliondeficit club
4,Obamas Fiscal Legacy An Overview of Spending Taxes and Deficits
5,How the Trump Tax Cut Is Helping to Push the Federal Deficit to 1 Trillion  The New York Times
6,US national debt tops 1 trillion Oct 22 1981  POLITICO
7,Obama Faces Test as Deficit Stays Above 1 Trillion  The New York Times
8,Februarys Budget Deficit Was the Largest in American History  Reasoncom
9,The National Debt Dilemma  Council on Foreign Relations
10,Trumps Defense Budget  Center for American Progress
11,Trumps budget balloons deficits cuts social safety net
12,That 22 trillion national debt number is huge but heres what it really means
13,The US is now over 2 trillion in debt xe2x8x94 herexe2x8x99s how it got there  MarketWatch
14,Trumps trilliondollarplus deficits put America on path to fiscal ruin
15,Trump to unveil 15 trillion infrastructure plan both parties find flaws  Chicago Tribune
16,Treasury will again borrow 1 trillion to pay for tax cuts spending xc2xaAxios
17,Obamas TrillionDollar Exaggeration  FactCheckorg
18,DeficitReducing Health Care Reform   The White House
19,Trump budget proposal cuts retirement benefits for federal employees  Vox
20,US Debt by President By Dollar and Percent
21,FACT CHECK Trumps Claim That The Stimulus Built Nothing  NPR
22,Trumps Federal Budget Deficit 1 Trillion And Beyond
23,Barack Obama Domestic Affairs  Miller Center
