,searched
0,msnbc On Demand xe2x8x93 Top Videos from msnbc Shows  msnbc
1,Obama hits out at Republicans after judge rules Affordable Care Act unconstitutional  The Washington Post
2,Why College Republicans Are Channeling Donald Trump
3,Obamacare Has Trump managed to kill off Affordable Care Act  BBC News
4,In America Every Day Is Independents Day  NPR
5,New Poll Majority of GOP Voters Support xe2x8x98Medicare For Allxe2x8x99
6,6 Charts About Public Opinion On The Affordable Care Act  The Henry J Kaiser Family Foundation
7,Poll only 28 percent of young voters say they will certainly vote in the 218 midterms  Vox
8,Your guide to the 22 Democratic presidential candidates xe2x8x94 Quartz
9,Ruling Striking Down Obamacare Moves Health Debate to Center Stage  The New York Times
10,NBC NewsWSJ poll Democrats hold the advantage in Novembers elections
11,Progressive movement stirs Democrats
12,History of the Affordable Care Act ACA
13,The day tax reform became Obamacare repeal  Vox
14,Poll Far more young Democrats plan to vote than young Republicans  TheHill
15,Political ideologies in the United States  Wikipedia
16,rntrntNews  Media  APNORCorgrnrnrn
17,Student Voters Guide  BestCollegescom
18,Are Republicans Losing The Health Care Debate  FiveThirtyEight
19,The future of the GOP looks a lot like this fastgrowing community in Florida  POLITICO Magazine
20,Media  Data For Progress
21,Trump administration wants all of Obamacare struck down  KRNV
22,US midterm elections What are the key issues   USA News  Al Jazeera
23, Moderates Who Are They and What Do They Want  The Atlantic 
24,Millions Lost Insurance  FactCheckorg
25,Drew Altman Kaiser Family Foundation  Axios
