,searched
0,Obamaxe2x8x99s State of the Union speech Examining what he said about education  The Hechinger Report
1,Defining his education legacy Obama touts climbing graduation rates
2,FY 217 BUDGET xe2x8x9cTogether wexe2x8x99ve increased early childhood education lifted high school graduation rates to new highs and  boosted graduates in   ppt download
3,Obama discusses Kxe2x8x9312 education priorities in final State of the Union
4,rtt   Obama I will keep fighting for preschool and college access  National Institute for Early Education Research  National Institute for Early Education Researcht
5,The High School Graduation Rate Reaches A Record High xe2x8x94 Again   NPR Ed  NPR
6,State Of The Union President Obama Takes One More Crack At His Education Agenda
7,White House Launches Computer Science for All Initiative with 41 Billion Request
8,Harvard Education on Twitter Wexe2x8x99ve increased early childhood education lifted high school graduation rates to new highs BarackObama SOTU httpstcogAod6HSSmK
9,Obama on education More prek computers free 2yr college  Extra Credit
10,The State of the Unions Education  EdSurge News
11,Graduation rates  The EDifier
12,nNuestra Initiativa  January 216 Issuenn
13,nnPresident Obama maintains support for early childhood education in 216 State of the Union  Durhams Partnership for Childrenn
14,State of the Union Address Obama will xe2x8x98keep fightingxe2x8x99 for free community college  Times Higher Education THE
15,Obama and Donald Trump take a ride on the TruthOMeter
16,rnPresident Delivers Final State of the Union Address  Womens Congressional Policy Institute
17,High school graduation rates from every school district in one map
18,Obamas Final State Of The Union Full Replay And Transcript  Video  RealClearPolitics
19,Computing Education Research Blog  How do people understand computing and how can we improve that understanding  Page 57
20,Obama US Schools Need More Computer Science Classes  News  Opinion  PCMagcom
21,US NSF  CISE  CSED
