,searched
0,Our Dependence on Foreign Oil Is Declining  Department of Energy
1,Remarks by the President on AmericanMade Energy  whitehousegov
2,n                Mexicos next president aims to end foreign fuel imports in three years  Reuters
3,Sherrod Browns voting record foreign oil imports and earthquakes in Youngstown PolitiFact Ohios weekly recap  clevelandcom
4,Obama launches first reelection TV ads  CNN Political Ticker  CNNcom Blogs
5,For First Time Over 5 Percent of Current Year Models Get More Than 23 MPG Over 11 Percent Get 3 MPG  Consumer Federation of America
6,Monthly Review  Peak Oil and Energy Imperialism
7,Petroleum in the United States  Wikipedia
8,Petroleum industry in Iran  Wikipedia
9,US Net Petroleum Imports Plunging Toward Zero
10,Subscribe to read  Financial Times
11,The High Cost of Fossil Fuels  Environment America
12,Japan needs imports to keep itself fed  The Japan Times
13,Is Obama to Blame for 4 Gasoline  FactCheckorg
14,Oil Industry  HISTORY
15,Germanyxe2x8x99s dependence on imported fossil fuels  Clean Energy Wire
16,Trumps Numbers January 219 Update  FactCheckorg
17,How Does Your State Make Electricity  The New York Times
18,European Commission  PRESS RELEASES   Press release  Questions and answers on security of energy supply in the EU
19,Tehranxe2x8x99s Oil Dysfunction  Council on Foreign Relations
20,Keep American Crude Oil at Home  Center for American Progress
21,27 charts that will change how you think about the American economy  Vox
