,searched
0,Immigrants in the United States xe2x8x9cIllegal Aliensxe2x8x9d On Their Way To Becoming Emergent xe2x8x9cPossible Subjectsxe2x8x9d
1,DACA the immigration program Trumpxe2x8x99s threatening to end explained in 9 facts  Vox
2,Immigration
3,The Trump Administration Is Rescinding DACA
4,How Donald Trumps Immigration Policy Is Separating Families  Time
5,The US Supreme Court and Obamaxe2x8x99s Immigration Actions  Council on Foreign Relations
6,Deferred Action for Childhood Arrivals  Wikipedia
7,US to Stop Deporting Some Immigrants  The New York Times
8,DIVIDED WE STAND CONSTITUTIONALIZING EXECUTIVE IMMIGRATION REFORM THROUGH SUBFEDERAL REGULATION  Columbia Law Review
9,Federal policy on immigration 21722  Ballotpedia
10,Immigration Reform News
11,Tell Congress Is DACA Unconstitutional  Countable
12,What is DACA and what does the Trump administration want to do with it  Fox News
13,Splitting the Difference on Illegal Immigration  National Affairs
14,President Obamas Deferred Action Program for Illegal Aliens Is Plainly Unconstitutional  Center for Immigration Studies
15,Sanctuary Safety and Community Tools for Welcoming and Protecting Immigrants Through Local Democracy  Demos
16,Obamas Immigration FlipFlop Compilation  CSPANorg
17,National and Global Perspectives
