,searched
0,1983 Beirut barracks bombings  Wikipedia
1,1983 Beirut barracks bombing through the lens of a camera  Middle East  Al Jazeera
2,Lebanon Ronald Reagans Benghazi  BBC News
3,Diplomatic Security in Libya  CSPANorg
4,Withdrawing from Overseas Bases Why a ForwardDeployed Military Posture Is Unnecessary Outdated and Dangerous  Cato Institute
5,Mistaken Sense of Security Cited Before Envoy to Libya Died  The New York Times
6,Finding the Truth at Benghazi  Reasoncom
7,RealClearWorld  The Compass Blog
8,House Benghazi Committee FactFinding Mission Or Partisan Witch Hunt
9,WikiLeaks  Hillary Clinton Email Archive
10,Intelligence and National Security  EveryCRSReportcom
11,Quilliam and other analysts are downplaying Saudifunded Salafists role in US Ambassadors murder in Libya  LUBP
