,searched
0,Ron Paulxe2x8x99s constitutionalist record Fact Checker biography  The Washington Post
1,Ron Paul  A New Hope  YouTube
2,War and the Constitution  Ron Paul  YouTube
3,Groups Ron Paul Revolution  LibraryThing
4,Book Ron Paul as a Keynote Speaker  Thinking Heads
5,Political positions of Ron Paul  Wikipedia
6,Forever Warmongers  Gold News
7,I Dont Want to Go to Disneyland  Gold News
8,Big Government  the Housing Crash  Gold News
9,Ron Paul In Praise of Secession  Gold News
10,Ron Paul  Biography  IMDb
11,Ron Paul  Financial Sense
12,radioGoldSeekcom  The Gold and Silver Review
13,DePauw University Mobile Site
14,Dr Ron Paul receives his passport from the Free Republic of Liberland  Liberland Press
15,Congressman Ron Paul R
16,The shameful treatment of Ron Paul by the mainstream media
17,United Republicans of California Endorses Ron Paul  May 19 27
18,Ron Paul Fast Facts
19,PDF USConstitution  Vlad Popa  Academiaedu
20,Ron Paul  Grabien  The Multimedia Marketplace
21,Ron Paul  Mises Wiki the global repository of classicalliberal thought
