,searched
0,Gasoline Prices Under Presidents Bush Obama and Trump
1,Are gas prices lower under Democratic or Republican presidents  CSMonitorcom
2,Charting The Dramatic Gas Price Rise Over the Last Decade
3,Gas Pumps Become Battleground for Obama and Republicans  The New York Times
4,Inflation Adjusted Gasoline Prices
5,Whoxe2x8x99s to Blame for Higher Gas Prices  FactCheckorg
6,214 Gas Prices Down But President Obama Isnt the Reason Why  The New Republic
7,138 things Trump did this year while you werent looking
8,Presidency of Jimmy Carter  Wikipedia
9,Trick question Who had higher gas prices Obama or Bush  The Mercury News
10,Gas Prices Are Out of Any Presidentxe2x8x99s Control  The New York Times
11,Larry J Sabatos Crystal Ball   What Fuels Presidential Approval
12,Why gas prices are high this Memorial Day weekend  Vox
13,Patrick Leahy  Wikipedia
14,The Anthropocene Age  Collapse of Industrial Civilization
