,searched
0,Barack Obamas Foreign Policy  Foreign Policy
1,USxe2x8x93Russia Relations in the Second Obama Administration
2,Barack Obama US Cuba Diplomatic Relations  Washington Post
3,Reversing the Irreversible President Donald J Trumpxe2x8x99s Cuba Policy
4,Remarks by President Obama at the University of Queensland  whitehousegov
5,Americaxe2x8x99s new attitude towards China is changing the countriesxe2x8x99 relationship  The heavyweight rivals
6,Obama Moved Aggressively to Restore Relations with Cuba
7,USChina trade war why Trumpxe2x8x99s radical China strategy is failing  Vox
8,Foreign policy of the Barack Obama administration  Wikipedia
9,Barack Obama How will Africa remember him  BBC News
10,Full transcript of BBC interview with President Barack Obama  BBC News
11,Read Full Transcript of Barack Obamas South Africa Speech  Time
12,President Obamaxe2x8x99s 216 Trade Policy Agenda Trade that Serves the American People  United States Trade Representative
13,Where Is Barack Obama
14,How Americas relationship with China changed under Obama  World Economic Forum
15,POLITICO Playbook The most reliable politics newsletter  POLITICO
16,Trumps new NAFTA and the antiChina TPP xe2x8x94 Quartz
17,What Is Globalization
18,Michael Reid  Obamaxe2x8x99s Record on Latin America  Foreign Affairs
19,As Trump inflames trade battles other countries make deals that leave US behind  PBS NewsHour
20,Narendra Modi and USxe2x8x93India Relations  Carnegie Endowment for International Peace
21,Barack Obama Foreign Affairs  Miller Center
22,A year after Trump reversed Obamas opening to Cuba the US is sitting out Havanas political revamp  Los Angeles Times
23,US to Restore Full Relations With Cuba Erasing a Last Trace of Cold War Hostility  The New York Times
24,Barack Obama  Wikiquote
25,New sanctions on Russia and Iran are unlikely to work Heres why
26,Remarks by President Obama in Address to the People of Vietnam  US Embassy  Consulates in Brazil
