,searched
0,Michael Cohen ATT Novartis Sure DC is a swamp but there are rules xe2x8x94 Quartz
1,Hillary Clintons New Book and Super PAC Derail Democratic Party  Observer
2,Obama pushes back on expectations  POLITICO
3,n        AntiHillary groups to FEC Take a hike  Center for Public Integrityn            
4,HILL  LOBBYISTS MORE THE MERRIER
5,Hillary Clintonxe2x8x99s Lobbyist Fundraisers Want Baby Steps America Needs a Political Revolution
6,Blockbuster endorsement for Clintons campaign  LA Times
7,Most of those who met with Clinton as secretary of state donated to foundation
8,Washingtonpostcom Syracuse Bar Hosts Clinton FundRaiser
9,Donald Trumps Ethics Plan How It Compares to Clintons  Time
10,The Clintonsxe2x8x99 8 Colombian Windfall  TheHill
11,35 Lobbyists Swimming in Trumpxe2x8x99s Swamp
12,Australian gun lobby as big and cashedup as NRA report finds  ABC News Australian Broadcasting Corporation
13,In Senate debate Morrisey points to Clinton Manchin points to lobbying  Politics  wvgazettemailcom
14,Revisiting the Heated Debate Exchange on Lobbying  The New York Times
15,Hillary Victory Fund  Wikipedia
16,How Political Campaigns Are Messing With Your Mind  The New Republic
17,n            Fox News Calls Out EPA Chief Scott Pruitts Scandals  NowThis        
18,John Podesta Archives  Washington Free Beacon
19,Heres Bernie Sanderss official endorsement of Hillary Clinton in full  Vox
20,Clinton pardon of Rich a saga of power money  Chicago Tribune
21,Big Techs shifting lobbying army xc2xaAxios
22,President Trump Delivers Remarks Regarding the Shutdown  Video  RealClearPolitics
