,searched
0,Supreme Court Justice Ruth Bader Ginsburgs Accent Changed
1,Chief Justice Fischer State of the Judiciary Address   Springfield Metropolitan Bar
2,Supreme Court Appointment Process Presidentxe2x8x99s Selection of a Nominee  EveryCRSReportcom
3,Florida pension benefits Especially good for elected officials judges  Sun Sentinel
4,Supreme Court Ruling Not Enough To Prevent Debtors Prisons  NPR
5,34 Social Security Secrets You Need to Know Now  PBS NewsHour
6, Procedural Due Process Civil  Fourteenth Amendment  Rights Guaranteed Privileges and Immunities of Citizenship Due Process and Equal Protection  US Constitution Annotated  Justia
7,Legal aid  Wikipedia
8,Social Security United States  Wikipedia
9,Code of Conduct for United States Judges  United States Courts
10,Dividing Property and Debts in a Divorce  divorceorseparationselfhelp
11,138 things Trump did this year while you werent looking
12,What You Should Know About Family Law in Ontario  Ministry of the Attorney General
13, When Your Judge Isnt A Lawyer  The Atlantic 
14,Corrupt justice what happens when judges bias taints a case  US news  The Guardian
15,Retirement Benefits of US Supreme Court Justices
16,Partisan Judicial Elections and the Distorting Influence of Campaign Cash  Center for American Progress
17,The ADA National Network Disability Law Handbook  ADA National Network
18,There is a good chance that you are the xe2x8x9cfriendxe2x8x9d that everyone finds insufferable on Facebook xe2x8x94 Quartz
19,The Corner  National Review
20,Dershowitz Mueller got the law all wrong on obstruction of justice  KRCG
21,Do You Suffer From Decision Fatigue  The New York Times
22,Top 251 Reviews and Complaints about Social Security Disability
