,searched
0,Americaxe2x8x99s Youth Under Fire  Center for American Progress
1,Nearly 4 People Died From Guns in US Last Year Highest in 5 Years  The New York Times
2,Opinion  How to Reduce Shootings  The New York Times
3,Gun Violence Must Stop Heres What We Can Do to Prevent More Deaths  Prevention Institute
4,The President Cant Stop Gun Violence  Reasoncom
5,The Trace on Twitter The gun epidemic is the leading cause of death among young black men xe2x8x94 more than the next nine causes put together httpstcoGsb6hnS5CFxe2x8xa6 httpstcoGXJCpEJ7C
6,    n            Fact checking the first Hillary ClintonDonald Trump debate  CBS Newsn    
7,Every Time the Candidates Mentioned People of Color During the Debate  Colorlines
8,Why So Many Black Men Are Dying in America  The Atlantic
9,Young black men killed by US police at highest rate in year of 1134 deaths  US news  The Guardian
10,How many children are affected by school gun violence in America  Washington Post
11,The deadliest city Why Chicagos gun violence is getting worse xc2xaAxios
12,Parkland shooting anniversary Americaxe2x8x99s gun problem explained  Vox
13,FactCheck do black Americans commit more crime  Channel 4 News
14,How Parkland Teens Are Leading the Gun Control Conversation  Time
15,How teens want to solve Americas school shooting problem  PBS NewsHour Extra
16,Mental Health America and Walk the Talk America Join Forces to Combat Suicide  Mental Health America
17,nTales from the TV News Archive presidential debate near realtime livestream  Internet Archive Blogst
