,searched
0, NEW Why do we have to wait for payout on citrus trees in canker war  Business  The Palm Beach Post  West Palm Beach FL
1,Florida citrus growers worry that deadly bacteria will mean end of orange juice  The Washington Post
2,Citrus Black Spot Newest Threat To Florida Growers   WUSF News
3,rntrnrn        Citrus Killer Battling Back Against HLBrn     rn            rn        rn
4,A Race to Save the Orange by Altering Its DNA  The New York Times
5,n                Special Report A day without genetically altered orange juice  Reuters
6,Relief money flowing for citrus growers
7,PDF Citrus in Bhutan Value Chain Analysis  Nima Tamang  Academiaedu
8,2 Challenges to Citrus Production  Strategic Planning for the Florida Citrus Industry Addressing Citrus Greening Disease  The National Academies Press
9,Statutes  Constitution rn      View Statutes rn    rn  rn  Online Sunshine
10,Florida Still Struggles Over the Citrus Canker  The New York Times
11,California citrus Archives  California Agriculture News  California Agriculture
12,What Is Happening to the Orange Juice Market  Citrus Industry Magazine
13,Florida ag commissioner candidates speak on water consumer protection
14,Good news bad news on citrus You can donate your fruit but dangerous bug is spreading across Arizona
