,searched
0,212 presidential debate President Obama and Mitt Romneyxe2x8x99s remarks in Denver on Oct 3 full transcript  The Washington Post
1,Denver Debate Obama And Romney On Obamacare  Kaiser Health News
2,Mitt Romney Finally Takes Credit For Obamacare  Its All Politics  NPR
3,Barack Obama  Wikiquote
4,Where Is Barack Obama
5,A History of President Obamaxe2x8x99s 8 Years in Office
6,Remarks by the President in State of the Union Address  whitehousegov
7,President Barack Obamas State of the Union Address  whitehousegov
8,My President Was Black  The Atlantic
9,Read Full Transcript of Barack Obamas South Africa Speech  Time
10,Barack Obama  Immigration can be a controversial topic  Facebook
11,Former President Obama Remarks in Urbana Illinois  CSPANorg
12,Obama Fox News and the Free Press  FactCheckorg
13,The Victory of  No  POLITICO Magazine
14,There is a good chance that you are the xe2x8x9cfriendxe2x8x9d that everyone finds insufferable on Facebook xe2x8x94 Quartz
15,The Corner  National Review
16,Will the Fervor to Impeach Donald Trump Start a Democratic Civil War  The New Yorker
17,Donald Trump Barack Obama and the war over change  Vox
18,Barack Obama  Wikipedia
19,What does being sectioned mean  Rethink Mental Illness the mental health charity 
20,Ben Carson  Wife Life  Book  Biography
21,President Barack Obamas speech transcript slamming Trump
22,15 Ways President Obama has changed the direction of America  America Magazine
23,Valerie Jarrett The Obama Whisperer  The New Republic
24,Jan 25 Summers Boehner roundtable  Meet the Press  NBC News
25,Inside The San Diego Church Where ICE And Border Patrol Bring Pregnant Women
