,searched
0,FACT CHECK Gabrielle Giffords
1,A nice piece of slander  Semper Fi
2,Politicization of Gabrielle Gifford shooting continues weapon claim support patriot  Politics and Other Controversies Democrats Republicans Libertarians Conservatives Liberals Third Parties LeftWing RightWing Congress President  Page 11  CityData Forum
3,Me Me Me Me Me Cognitive Dissonance in Action xe2x8xa6 Again
4,MyRightWingDadnet Fw Posterchild for What is Wrong
5,Administration Denies Bad Faith on Abortion  The Arizona Conservative
6,July  21  The Arizona Conservative
7,The Arizona Conservative  Arizonas No 1 Cultural Commentator  Page 139
8,January  211  The Arizona Conservative
9,Right Wing Hate EMails  UNC Sports
10,Me Me Me Me Me January 212
11,Todays Best Email 21
12,No one has the right to remain STUPID The 21 Most Ridiculous Political Lies from the 28 campaign up to 212
13,Sunny Side of Slavery A Manifesto
14,WikipediaIn the newsCandidatesMarch 211  Wikipedia
15,Ciao mondo  Parcheggio VirgilioParcheggio Virgilio
16,xe6xaxaaxe5xbcx8fxe4xbcx9axe7xa4xbexe3x82xaaxe3x82xaaxe3x83x8bxe3x82xb7xe3x83x96xe3x83xadxe3x82xb
17,Ike in Kiev
