,searched
0,Obama to Enact EndofLife Planning for Medicare  The New York Times
1,Death panel  Wikipedia
2,Americas Affordable Health Choices Act of 29  Wikipedia
3,False Euthanasia Claims  FactCheckorg
4,Health Care Reform  Patients Rights Council
5,1 FAQs Medicarexe2x8x99s Role in EndofLife Care  The Henry J Kaiser Family Foundation
6,FACT CHECK Euthanasia Counseling
7,EndofLife Care Resources  National Hospice and Palliative Care Organization
8,FAQs  PhysicianHastened Death
9,WHO  Challenges facing the United States of America in implementing universal coverage
10,n      Care and support statutory guidance  GOVUKn  
11,The Inside Account of Health Care Reforms Triumph  The New Republic
12,MedicareforAll Isnxe2x8x99t the Solution for Universal Health Care  The Nation
13,Stealth Euthanasia Health Care Tyranny in America Hospice Palliative Care and Health Care Reform
14,Emergency responders disability advocates back endoflife care proposal for CT
15,rntEuthanasia  the Australian Law in an International Contextrn    rn      Parliament of Australiarn
