,searched
0,Zip Zip  Master of the Senate The Years of Lyndon Johnson 3
1,Lyndon B Johnson  Wikipedia
2,rnrnrnPresidential Vetoes              rnrn    rn    US House of Representatives History Art  Archivesrn
3,Presidential History Geeks
4,Presidential History Geeks
5,The Presidency The Hardest Job in the World  The Atlantic
6,CQ Almanac Online Edition
7,Lyndon Johnson Controversial President  The New York Times
8,James McIntyre Oral History Office of Management and Budget Director  Miller Center
9,Khrushchev and Eisenhower offer views on summit meeting  HISTORY
10,From Truman to Obama who has been the greatest president  Quora
11,Eisenhower Interstate Highway System Previous Facts of the Day  5th Anniversary  Interstate System  Highway History  rnFederal Highway Administration
12,PDF Presidents Baseball and Wins Above Expectations What Can Sabermetrics Tell Us about Presidential Success
13,The Glory and the Tragedy of Lyndon Johnson Chapter 8  Presidents and Civil Liberties from Wilson to Obama
14,Outline of American History  Chapter 11 Postwar America
