,searched
0,A StatebyState Look at Growing Minority Populations
1,Herexe2x8x99s when you can expect racial minorities to be the majority in each state  Vox
2,When will Southern states become majorityminority  Facing South
3,US whites will soon be the minority in number but not power  Baltimore Sun
4, Jacksonville is on the cusp of becoming a minoritymajority city  News  The Florida TimesUnion  Jacksonville FL
5,Majority minority  Wikipedia
6,Opinion  Whoxe2x8x99s Afraid of a White Minority  The New York Times
7,Nearly 6in1 Republicans say a majorityminority population will weaken American values  NBC News
8,When will minorities be the majority  The Boston Globe
9,This chart should terrify Republicans  The Washington Post
10,When Will Your State Become MajorityMinority  ThinkProgress
11,ntt     Today in Texas History Texas becomes a minoritymajority state  Texas on the Potomact
12,American is becoming a majorityminority nation Its already happened in our public schools
13,Which US States Have the Highest Minority Populations
14,The State of Americaxe2x8x99s StudentTeacher Racial Gap Our Public School System Has Been MajorityMinority for Years but 8 Percent of Teachers Are Still White    The 74
15,In 214 Latinos will surpass whites as largest racialethnic group in California  Pew Research Center
16,    n            Census Whites no longer a majority in US by 243  CBS Newsn    
17,Five Graphics That Show Why a PostWhite America Is Already Here  The New Republic
18,US Population Is Becoming Older And Less White Than Ever Before  NPR
19,States of Change  Center for American Progress
20,Increase in minority voters poses problem for Trump in Florida
21,America Reaches Its Demographic Tipping Point
22, How soon will minorities make up a majority in Palm Beach County  News  The Palm Beach Post  West Palm Beach FL
23,Census White children to become minority by 22  UPIcom
24,US Census Bureau Projections Show a Slower Growing Older  More Diverse Nation a Half Century from Now  Population  Newsroom  US Census Bureau
25,White Christians become a minority as religious diversity grows  TheHill
