,searched
0,Burden of Tobacco Use in the US   Data and Statistics  Campaign Resources  Tips From Former Smokers  CDC
1,rntIn US Smoking Rate Hits New Low at 16 rn
2,Smoking Proves Hard to Shake Among the Poor  The New York Times
3,Smoking  Wikipedia
4,Smoke and Mirrors
5,Tax price and cigarette smoking evidence from the tobacco documents and implications for tobacco company marketing strategies  Tobacco Control
6,Changing Perceptions of Harm of eCigarette vs Cigarette Use Among Adults in 2 US National Surveys From 212 to 217  Tobacco and eCigarettes  JAMA Network Open  JAMA Network
7,My President Was Black  The Atlantic
8,5 Years After the Moynihan Report Examining the Black Family in the Age of Mass Incarceration  The Atlantic
9,A History of President Obamaxe2x8x99s 8 Years in Office
10,How do Americans view poverty Many bluecollar whites key to Trump criticize poor people as lazy and content to stay on welfare  Los Angeles Times
11,Historic smoking report marks 5th anniversary  National News  idahopresscom
12,Who still smokes in the United States xe2x8x94 in seven simple charts  The Washington Post
13,Americaxe2x8x99s new tobacco crisis The rich stopped smoking the poor didnxe2x8x99t  The Washington Post
14,Pub smoking ban 1 charts that show the impact  BBC News
15,Tobacco   CDC Winnable Battles Final Report  CDC
16,US economy grew at strong 32 rate in first quarter  WSBTV
17,Corn Commentary  The blog about US corn corn products and the family farmers behind it all
18,25 Years Of xe2x8x98Southernplayalisticadillacmuzik
19, News Sports Jobs  Altoona Mirror
20,Mother 19 who was diagnosed with untreatable brain cancer months before giving birth dies  Daily Mail Online
