,searched
0,22 Democratsxe2x8x99 debate over filibuster reform explained  Vox
1,Nuclear option Senate Republicans are changing the rules to confirm Trumpxe2x8x99s judges even faster  Vox
2,Mitch McConnell Just Changed The Rules To Make It Easier For Trump To Confirm Nominees
3,Republicans change Senate rules to speed nominations as leaders trade charges of hypocrisy  The Washington Post
4,Senate GOP to change debate time rules on Trump nominees  PBS NewsHour
5,New litmus test for 22 Democrats Shake up Senate rules
6,GOP backs rules change to speed confirmations of Trump nominees   CNNPolitics
7,The hot new Dem plan to score policy wins Change the rules of the game
8,Coming soon The death of the filibuster  POLITICO
9,Senate approves change to filibuster rule after repeated Republican blocks  World news  The Guardian
10,This Battle Isnt New The Filibustering of Judicial Nominations
11,McConnell Uses Nuclear Option To Change Rules To Speed Trumps Nominees  NPR
12,Republicans trigger nuclear option to speed Trump nominees  POLITICO
13,Frustrated Democrats Intensify Demand for Big Institutional Changes  The New York Times
14,Sen Elizabeth Warren calls for ending the Senate filibuster
15,Jay Inslee challenges Democrats to reject the filibuster xe2x8x94 Quartz
16,Filibuster and reconciliation in the United States Congress  Ballotpedia
17,New litmus test for 22 Democrats Shake up Senate rules  The SpokesmanReview
18,Nuclear option  Wikipedia
19,Democratic Candidates Need to Call to Abolish the Filibuster  Pacific Standard
20,Could Democratic presidential hopefuls help lessen the Senate logjam
21, ObamaEra Rule Changes Haunts Senate Democrats  The Atlantic 
22,Senate Republicans eye rules change to speed Trump nominees  TheHill
23,Outline  Read  annotate without distractions
24,Senate Republicans alter chamber rules to fasttrack some Trump nominees  ABC News
