,searched
0,Three Mile Island accident  Wikipedia
1,Three Mile Island Nuclear Generating Station  Wikipedia
2,CategoryThree Mile Island accident  Wikipedia
3,Nuclear reactor coolant  Wikipedia
4,Three Mile Island  HISTORY
5,Nuclear disaster at Three Mile Island  HISTORY
6,Who Caused Three Mile Island  Reasoncom
7,What nuclear energy has to do with the battle against climate change xe2x8x94 Quartz
8,rntSafety of Nuclear Reactors  World Nuclear Associationrn
9,APS Physics  FPS  Nuclear Reactor Safety Lessons from Three Mile Island and Fukushima
10,Atomic Weight Balancing the Risks and Rewards of a Power Source  Scientific American
11,Three Mile Island Alert 2th Anniversary Press Packet
12,Can we build nuclear power plants on the Moon and transport energy to the Earth Wouldnt that be very safe for all of us
13,Fail of the Week A Candle Caused Browns Ferry Nuclear Incident  Hackaday
14,Comments on Nuclear power The nuclear family  The Economist
15,74 Nuclear Reactor Accidents  Chemistry LibreTexts
16,Only Nuclear Energy Can Save the Planet  WSJ
17,PR spin and the powerweapons symbiosis  Friends of the Earth Australia
18,Nuclear Energyn  CNRS sagascience 
19,Deadly legacy Savannah River site near Aiken one of the most contaminated places on Earth  News  postandcouriercom
20,Aging nuclear reactors get safety passes  US news  Environment  NBC News
21,Closing Nuclear Plants Will Increase Climate Risks  HISTORICALCLIMATOLOGYCOM
