,searched
0,Rick Scott  Wikipedia
1, Florida leaders unveil school safety proposals  News  Sarasota HeraldTribune  Sarasota FL
2,Florida Inc Gov Rick Scotts First Month As The Sunshine States CEO  Political Correction
3,Scott running for Senate in epic showdown with Nelson
4,How Red and Green Slime Really Could Swing Floridas Senate Race  POLITICO Magazine
5,Florida gubernatorial and lieutenant gubernatorial election 218  Ballotpedia
6, Scott Keep guns from dangerous people  News  The Florida TimesUnion  Jacksonville FL
7,The Boston Globe
8,Cincinnati Enquirer   cincinnaticom
9,Amber Heard catches the eye in floral print bardot dress as she attends Vital Voices ceremony  Daily Mail Online
10,Hundreds march in protest against plans to build 35 homes on countryside  Daily Mail Online
11,Whos running for president Meet the Democratic candidates  SFGate
12,Spring Farewell Issue 219 by The Daily Cardinal  Issuu
