,searched
0,Duncan Hunter We waterboard incidentally hundreds of our own military personnel They waterboard themselves in train  Facebook
1,Justifiable Waterboarding  The New York Times
2,Legal Justification for Waterboarding  waterboardingorg
3,Director Brennan CIA Wont Waterboard Again Even If Ordered By Future President  Slashdot
4,Hitchens under torture  ScienceBlogs
5,nCapitol Briefingn  CIA Says Pelosi Was Briefed on Use of Enhanced Interrogationsn                
6,Hardball with Chris Matthews for Monday August 31  msnbc  Hardball with Chris Matthews  NBC News
7,History Commons
8,Memo To Jay Bybee We Dont Remember George Wallace For Recanting   Balloon Juice
9,PDF War Rights and Military Virtues A Philosophical Reappraisal of Just War Theory  Matthew T Beard  Academiaedu
10,Toughen Up by Claude Hamilton
11,Down in the Dungeon with the Torture Trolls warning rated J for Japanese graphic violence  CK MacLeods
12,ColdType Reader 37 29 by ColdType  Issuu
13,MAKE CHARLES MANSON YOUR PEN PAL 49 Other Ways to Survive Donald Trump  The Mindset Lists of American History
14,Seven Pillars of Wisdom  T E Lawrence
15,Commons Chamber  Hansard
