,searched
0,Obama Slams McCains Energy Plan  The New York Times
1,Obama Deals With Economy and McCains Views  The New York Times
2,n44n  Pelosi Comes Out Against Proposed Gas Tax Holidayn                
3,Genocide FlipFlop  WSJ
4,1 Concerns about Barack Obama  National Review
5,Economists Release Letter Opposing Clinton Gas Tax Plan  44  washingtonpostcom
6,McCain goes nuclear on gas prices  POLITICO
7,A look at John McCains environmental platform and record  Grist
8,Comments on Bring back the real McCain  The Economist
9,Michelle Malkin    McCain on offshore drilling For it before he was against it before he was for it again Update McCains astounding flipflop on windfall profits tax plus a new global warming alarmist ad
10,You are being redirected
11,Michael Tomasky John McCains economic plan is riddled with contradictions  Opinion  The Guardian
12,Insiders  The New Republic
13,I Think Paul Krugmans Support of Hillary Rodham Clinton Has Just Come to an End
14,WikiLeaks  The Podesta Emails
15,McCain camp releases Dr No web ad  CNN Political Ticker  CNNcom Blogs
16,Who FlipFlopsTalking About Politics
17,Japan Today
18,Social policy of the Barack Obama administration  Wikipedia
19,Democratic Party Wont Accept General Election Public Funding This Year  Ballot Access News
20,1 Reasons Why McCain Wont Be President of the United States  gedblog
21,Hillary Clintons hard choices on energy  MSNBC
