,searched
0,No The EPA Has Not Actually Changed Its Conclusion On Risks Of Fracking To Drinking Water
1,Fracking and water pollution  SourceWatch
2,Fracking Has Contaminated Drinking Water EPA Now Concludes  InsideClimate News
3,How AntiFracking Activists Deny Science Water Contamination
4,Fracking Can Contaminate Drinking Water  Scientific American
5,News  Fracking Is Not Harming Groundwater in Pennsylvania Studies Show  Heartland Institute
6,Baffled About Fracking Youre Not Alone  NYTimescom
7,The Truth About Fracking
8,Environmental impact of hydraulic fracturing in the United States  Wikipedia
9,Fracking explained  Vox
10,The EPAs big new fracking study looks at the risks to our drinking water supplies  Vox
11,More False Claims About Fracking  FactCheckorg
12,Hydraulic Fracturing
13,4 states confirm water pollution from drilling
14,Opposition to fracking in Maryland is antiscience  The Washington Post
15,Potential Health and Environmental Effects of Hydrofracking in the Williston Basin Montana
16,Scientists find fracking contaminated Wyoming water after EPA halted study  US news  The Guardian
17,DOC What is Fracking  Emily Montserrat Madrigal Pexc3xb1a  Academiaedu
18,EPAs late changes to fracking study downplay risk of drinking water pollution
19,Texas RRC  Hydraulic Fracturing
