,searched
0,The US Immigration Debate  Council on Foreign Relations
1,US deportations of immigrants reach record high in 213  Pew Research Center
2,Sanctuary Cities What Trump Doesnxe2x8x99t Tell You  MSNBC
3,Obama Has Deported More People Than Any Other President  ABC News
4,Trumps immigration policies created a virtual wall xe2x8x94 Quartz
5,Border at xe2x8x98Breaking Pointxe2x8x99 as More Than 76 Unauthorized Migrants Cross in a Month  The New York Times
6,Obama is deporting more immigrants than any president in history explained  Vox
7,Donald Trump is deporting fewer people than Barack Obama did  Rhetoric and reality
8,How deporting immigrants from the US increases immigration to the US  The Washington Post
9,FACT CHECK Were More People Deported Under the Obama Administration Than Any Other
10,Illegal immigration to the United States  Wikipedia
11,Remarks by President Trump on the Illegal Immigration Crisis and Border Security  The White House
12,David Frum How Much Immigration Is Too Much  The Atlantic
13,The Facts on Immigration Today 217 Edition  Center for American Progress
14,Venezuelan Immigrants Get Trump Sympathy but Not Status  The Pew Charitable Trusts
15,What Crimes Are Eligible for Deportation  The Pew Charitable Trusts
16,Obamas Enforcement Of Immigration Laws 5 Things To Know  NPR
17,How Donald Trumps Immigration Policy Is Separating Families  Time
18,Immigration Policy  EveryCRSReportcom
19,Donald Trump on Immigration Pros Cons Impact
20,Immigration  Just Facts
21,The Deportation Machine Obama Built for President Trump  The Nation
