,searched
0,Solar Panels Now Make More Electricity Than They Use  Popular Science
1,Whats the carbon footprint of solar panels Do they need more energy to produce than what they would produce in their entire life  Quora
2,How clean is solar power  Solar cells
3,Pros and Cons of Solar Energy in 219 updated 
4,Solar Power Information and Facts
5,Solar power in crisis My panels generate enough power for two loads of washing  Environment  The Guardian
6, 7 Reasons Why You Should Use Solar Power  GreenMatch
7, 7 Things to Know Before Installing Solar Panels on Your Roof  CityLab 
8,Solar Photovoltaic PV  Centre for Alternative Technology
9,Solar power in Germany xe2x8x93 output business  perspectives  Clean Energy Wire
10,California invested heavily in solar power Now theres so much that other states are sometimes paid to take it  Los Angeles Times
11,We Could Power The Entire World By Harnessing Solar Energy From 1 Of The Sahara
12,Soligami turns your windows into solar panels
13,Solar Energy Isnxe2x8x99t Always as Green as You Think  IEEE Spectrum
14,My DIY Solar Power Setup  Free Energy for Life
15,How do solar cells work  Explain that Stuff
16,The ugly side of solar panels  LOWTECH MAGAZINE
17,How much solar would it take to power the US  Freeing Energy
18,Photovoltaics  Wikipedia
19,Solar panel  Wikipedia
20,rntSolar Power  The Camping and Caravanning Clubrn
21,Specifics  SolarRoadways
22,n    n        n    n    n    solar energyn  National Geographic Society
23,Cheap or free solar panels are they worth it  MoneySavingExpert
24,Tesla Solar Roof  Tesla
