,searched
0,The Reality of Life Inside Immigration Detention  American Civil Liberties Union
1,The Future of US Immigration Policy  Council on Foreign Relations
2,Five Things You Should Know About the FCCrsquo
3,BBC  History  nttttWorld Wars Persecution and Genocide Under the Nazis 1933  1945  non interactive version
4,PDF The Parallels between Mass Incarceration and Mass Deportation An Intersectional Analysis of State Repression
5,Sen Barack Obama on 27 Immigration Bill  CSPANorg
6,4 years on Vietnamese refugees are still coming  ABC News Australian Broadcasting Corporation
7,27 Annual Report  CongressionalExecutive Commission on China
8,CNNcom  Transcripts
9,Proposed Refugee Admissions for Fiscal Year 216
