,searched
0,Heres how many days Congress will spend away from the office in 218
1,Does Congress go on vacation too much  The Tylt
2,As federal staffers go without paychecks Congress goes on vacation xe2x8x93 VICE News
3,This week in Congress Summer vacation on the horizon
4,Zika is here while Congress is on vacation  TheHill
5,In defense of Congressxe2x8x99s summer xe2x8x98vacationxe2x8x99  The Washington Post
6,Lots of unresolved issues as Congress goes on vacation
7,Why Does Congress Get More Time Off Than You  VICE
8, Congress canxe2x8x99t hope to accomplish too much when it spends half the year on vacationxc2xa  New York Daily News
9,218 Congressional Calendar Senators Plan More Work Days Than House
10,Why does Congress get so much vacation
11,No Budget No Vacation Should Congress Have to Stay in Session if it Hasnxe2x8x99t Passed All Spending Bills by August 1st  S 293  115th Congress  Countable
12,US Congress When do Congresspeople get vacations  Quora
13,So does Congress actually get three months of vacation each year
14,Heres How Much Less Congress Works Than You Do  ABC News
15,Republican Congress Vacations Are Excessive Accomplishments Deficient  National Review
16,Mr MaraLago Wants Congress to End Vacation  YouTube
17,BREAKING CONGRESS GOES ON CHRISTMAS VACATION DURING GOVERNMENT SHUTDOWN  YouTube
18,Cancel all vacations for Congress until August How the GOP can push back against hysterical Democrats  Fox News
19,Sen Joni Ernst Congress needs to pass a budget or cancel vacations  Fox News
20,72 Say Congress Spends Too Much Time on Vacation  Rasmussen Reports
21,rnt219 Congressional Calendarrn
