,searched
0,BuzzFeedxe2x8x99s Jonah Peretti xe2x8x98Wexe2x8x99ve proven we can be profitablexe2x8x99  Digiday
1,xe2x8x98Wexe2x8x99ve got more money swirling aroundxe2x8x99 how streaming saved the music industry  Music  The Guardian
2,Why your startup shouldnxe2x8x99t rush to 1 million in revenue  TechCrunch
3,nHow a 1 Loss Turned into a 22 Gain
4, Husfelt Weve got to get help for our people  News  Panama City News Herald  Panama City FL
5,TAS 63 How To Build Your External Traffic and Add More Revenue to Your Business  The Amazing Seller
6,The Goal Setting Process We Used to Get to 1M in Annual Revenue  Databox Blog
7,Why we choose profit  Signal v Noise
8,Marketing Without a Budget Grow Your Revenue with  Credibility or Advertising
9,Marketing 12  Mistakes in Marketing
10,25 Ways to Increase Online Sales  WordStream
11,The Real Reason Your City Has No Money  Strong Towns
12,3 reasons why customers leave Hotjar and how we found out
13,Tesla earned and burned a record amount of cash in most recent quarter  The Verge
14,eCommerce Email Marketing Software  Rejoiner
15,Apple Reports 1Q 219 Results Nearly 2B Profit on 843B Revenue SecondBest Quarter Ever Despite Earnings Warning  MacRumors
16,New Media Ventures  Making Money for Impact 1 Approaches to Revenue for Social Change
17,Storytellers Interview  Kiplinger xe2x8x9cRevenue is always kingxe2x8x9d  Keywee
18,rntAbout CD Baby  xe2x8x93 The CD Baby Storyrn
