,searched
0,Political positions of Donald Trump  Wikipedia
1,PolitiFact Bias PolitiFact revises its own history
2,Dark money comes with a twist in Virginias statewide races
3,Presidential debate Candy Crowley factchecks Romney  POLITICO
4,FactCheck Does this prolife leaflet stand up to scrutiny
5,Race in Our Politics A Catalog of Campaign Materials  Campaign Legal Center
6,Foreign Money Really  FactCheckorg
7,The Pulitzer Prizes
8,Republican State Leadership Committee  SourceWatch
9,ThinkProgress Accuses Facebook of Censorship After Conservative Factchecker Correctly Points Out an Error  Reasoncom
10,After Citizens United A Look into the ProCorporate Players in American Politics  People For the American Way
11,Donald Trumpxe2x8x99s supporters are willing participants in a long con game xe2x8x94 Quartz
