,searched
0,Heres Why Obama Is Approving Arctic Drilling Again  Scientific American
1,Alaskaxe2x8x99s Tricky Intersection of Obamaxe2x8x99s Energy and Climate Legacies  The New York Times
2,n                Obama seeks more drilling in Alaska and Gulf of Mexico  Reuters
3,Obama administration to propose new wilderness protections in Arctic refuge xe2x8x94 Alaska Republicans declare war  The Washington Post
4,The Obama administration wants to make Arctic drilling xe2x8x98safexe2x8x99 Is that possible  The Washington Post
5,Obama Bans New Oil and Gas Drilling Off Alaska Part of Atlantic Coast  Fortune
6,Obamaxe2x8x99s TransAlaska Oil Assault  WSJ
7,Barack Obama bans oil and gas drilling in most of Arctic and Atlantic oceans  US news  The Guardian
8,Obama faces opposition from all sides in Alaska  MSNBC
9,What Obamas Drilling Bans Mean for Alaska and the Arctic
10,Obama floats offering firstever drilling lease in Atlantic
11,Obama administration OKs Shell bid to drill for oil in Arctic  POLITICO
12,WHITE HOUSE Trumps energy dominance transforms Alaskas future  Wednesday November 15 217  wwweenewsnetn
13,Arctic Refuge drilling controversy  Wikipedia
14,Obama push to expand Alaskan refuge  BBC News
15,Lawyer Trump exceeded power by reversing Obama drilling ban
16,Obama plans to block development in Arctic refuge Alaska leaders irate  Anchorage Daily News
17,Obama Ends Ban On East Coast Offshore Drilling  NPR
18,Bloomberg  Are you a robot
19,What the Arctic drilling freeze by Obama means for the US energy industry
20,Decision 216 Trumps Arctic  The Polar Connection
21,Obama Bans New Oil Gas Drilling Offshore Alaska Part Of Atlantic  Hart Energy
22,War on Alaska Obama seeks federal wilderness protection for oil exploration hotspot  nolacom
23,Obama Is a Climate Hypocrite His Trip to Alaska Proves It  Mother Jones
