,searched
0,The Uninsured  The New York Times
1,n        OPINION Myths of the healthy uninsured  Center for Public Integrityn            
2,Gingrich All have a responsibility to pay for health care  Video on NBCNewscom
3,The Demographics of Obamacarexe2x8x94And Those Who Oppose It
4,33 Million Americans Still Dont Have Health Insurance  FiveThirtyEight
5,48 Million Americans Remain Uninsured Census Bureau Reports   Kaiser Health News
6,Key Facts about the Uninsured Population  The Henry J Kaiser Family Foundation
7,Health insurance coverage in the United States  Wikipedia
8,The American Health Care Act the Obamacare repeal bill the House just passed explained  Vox
9,Gingrich Was for Individual Mandate Before He Was Against It
10,The Uninsured  PBS NewsHour
11,The Real Uninsured  FactCheckorg
12,PDF The Relationship Between Income and the Uninsured
13,YI Blog  The Cost Benefit Analysis of How the American Health Care Act Would Impact Young Adults
14,NPR  NPRKaiserKennedy School Poll on Health Care
15,rn        Tennessees Uninsured in 217        
16,High Deductible Plans Have More People Delaying Treatment  The Fiscal Times
17,rnAmericanly Yours  insurance
