,searched
0,Defying Republicans Obama to Name Cordray as Consumer Agency Chief   The New York Times
1,Ron Paul on Cordray appointment xe2x8x98The president is not a dictator or a kingxe2x8x99  The Washington Post
2,Mitt Romney is Very Worried About Richard Cordray
3,Richard Cordray appointed to Consumer Financial Protection Bureau GOP reacts  Public Radio International
4,Supreme Court deals blow to Obama on recess appointments  MSNBC
5,Supreme Court Strikes Down Obamas Unconstitutional Executive Overreach 9xe2x8x93  Reasoncom
6,POLITICO44 Blog  POLITICO
7,n                Court rules Obamas appointments unconstitutional  Reuters
8,Obama Political Advisor Romney Is The 25 Percent Man  Fox News
9,Comments on Presidential power When is a recess really a recess  The Economist
10,Berwick Recess Appointment  CSPANorg
11,PDF Go Big or Go Home The Constitutionality of Recess Appointments Following Pro Forma Sessions of the Senate
12,Republicans continue Richard Cordray appointment hissy fits with one exception
13,Reid On Nuclear Option Time To End The Status Quo Of Gridlock In Washington  RealClearPolitics
14,Senate approves change to filibuster rule after repeated Republican blocks  World news  The Guardian
15,Are Obamas Recess Appointments Unconstitutional Probably Not
16,Consumer Financial Protection Bureauxe2x8x99s Tragic Failures  National Review
