,searched
0,Obamaxe2x8x99s claim the Affordable Care Act was a xe2x8x98major reasonxe2x8x99 in preventing 5 patient deaths  The Washington Post
1,Statement by the President on the Fifth Anniversary of the Affordable Care Act  whitehousegov
2,Remarks by the President Marking the Fifth Anniversary of the Affordable Care Act  whitehousegov
3,Will the GOP really sentence thousands of Americans to early deaths  NC Policy Watch
4,Grading Obamacare Successes Failures and xe2x8x98Incompletesxe2x8x99  The New York Times
5,Patient Protection and Affordable Care Act  Wikipedia
6,The Affordable Care Act at Five Years
7, How American Health Care Killed My Father  The Atlantic 
8,Webinar Transcript  The 214 Quality and Disparities Report and the National Quality Strategy Working Together to Improve Health Care  Agency for Healthcare Research  Quality
9,Medical errors in America kill more people than AIDS or drug overdoses Heres why  Vox
10,People Share What Struggling With Medical Debt Is Really Like
11,When Your Shitty Health Insurance Doubles in Price
12,Maternal mortality rates rise as hospital safety measures go unused
13,Risks of No Health Insurance in California  Personal  Financial
14,Health Care
15,ObamaCare Facts Facts on the Affordable Care Act
16,NHS hospital bed numbers  The Kings Fund
