,searched
0,Number of newborns exposed to pot exaggerated but absent Colorado data true number isnt known  Colorado Springs News  gazettecom
1,Hospitals More Colorado Babies Being Born THCPositive  CBS Denver
2,More Newborns Are Testing Positive for Cannabis Colorado Hospital Says  Broadly
3,Pot During Pregnancy Not A Lot Is Known But New CU Research Suggests A Risk  CPR
4,Pueblo hospitals doctors worried about new mothers marijuana use  The Denver Post
5,Drugrelated child welfare cases have increased in Colorado but connection to legalized marijuana is unclear  The Denver Post
6,Loveland ski workers widow penalized for mans legal marijuana use
7,New study shows prenatal cannabis use associated with low birth weights
8,    n            The Pot Vote  CBS Newsn    
9,Former Gov Bill Owens and former Denver mayor Wellington Webb speak out against marijuana legalization in an ad  Denverite the Denver site
10,rntMarijuana Use During Pregnancy and Lactation  ACOGrn
11,Mount Sinai researchers study secondhand marijuana smoke in children  EurekAlert Science News
12,UpToDate
13,Cannabis and Canadaxe2x8x99s children and youth  Canadian Paediatric Society
14,Brooklyn Defender Services
15,Prenatal cocaine exposure  Wikipedia
16,rntrnNewsroom  Colorado School of Public Health  University of Colorado Denverrnrn
