,searched
0,Emil Guillermo Supreme Court Justice Sonia Sotomayor exposes politics of fear in Census citizenship question  AALDEF
1,ExMiami Mayor Enters Senate Race Targets Hispanics  Talking Points Memo
2,Floridaxe2x8x99s Martinez Announces Resignation From Senate  The New York Times
3, Fla Senate candidate tests politics ethnicity  News  Gainesville Sun  Gainesville FL
4,Franken Vs Coleman And Sotomayors Tour  NPR
5, Big loser in campaign ads The truth  News  The St Augustine Record  St Augustine FL
6,Floridas Martinez says he will give up Senate seat  The San Diego UnionTribune
7,Kagan and Republicans  POLITICO
8,Politics Latest and breaking political news today  POLITICO
9,RealClearPolitics  Politics Nation
10,RealClearPolitics  Politics Nation
11,Marco Rubioxe2x8x99s Dangerous Game  The New Yorker
12,Daily Kos
13,nThe Fixn  Morning Fix The Fight That Wasntn                
14,nThe Fixn  The Politics of the Sotomayor Voten                
15,Naked Politics  MiamiDade Politics  Miami Herald  MiamiHeraldcom
16,The Center for Public Justice
17,PresidentialCandidatesFacebookInteractionsmarcorubiofacebookstatusescsv at master xc2xb7 jrosen48PresidentialCandidatesFacebookInteractions xc2xb7 GitHub
18,memeorandum Dustin Dominiak The Guy Who Sleazed Christine ODonnell Says Friend Updated Foster KamerRunnin Scared
19,Republican Crist May Run As Independent In Fla  WBUR News
20,Betsys Page 5921  51621
21,EYE ON MIAMI 21725
22,Animals  Politics July 29
