,searched
0,Sen Rubio tells a secret After giving a tax cut to the rich GOP will cut Social Security and Medicare  Los Angeles Times
1,Obamacare How Is Health Reform Paid For
2,Budget Estimates Show New Tax Cuts For Wealthiest Americans Threaten MiddleClass Retirement
3,Social Security Will Be Insolvent In 16 Years Maybe Congress Should Do Something About That  Reasoncom
4,Economists View Social Security
5,Economic policy of the Barack Obama administration  Wikipedia
6,Party Platform  Democrats
7,How To Prepare For Trumps Middle Class Tax Hike  Financial Samurai
8,You are being redirected
9,nAshland OR CPA  Full service tax and business consulting  Nagel  Padilla LLC Certified Public Accountants and Business Advisorsn
10,nMinert  Associates A professional tax and accounting firm in Tulsa Oklahoma Monthly Newsn
11,The US Could Eliminate Child Poverty for the Cost of the Senate Tax Bill
12,How the GOP Became the Party of the Rich  Rolling Stone
13,Advancing New York Values Protecting Taxpayers  NY State Senate
14,Fact Sheet The American Jobs Act  whitehousegov
15,Economic Rescue Recovery and Rebuilding on a New Foundation  whitehousegov
16,Franklin D Roosevelt Domestic Affairs  Miller Center
17,Health care reform for individuals  Massgov
18,The Racial Wealth Gap Why Policy Matters  Demos
19,The FiveYear Rule for Buying a House
