,searched
0,Murphyxe2x8x99s Law Is David Clarke xe2x8x9cSheriff Spends a Lotxe2x8x9d   Urban Milwaukee
1,OpEd Sheriff Clarke Should Drop the Act   Urban Milwaukee
2,Murphys Law The Extraordinary Fiscal Liberalism of David Clarke   Urban Milwaukee
3,Scott Walkers path to power  Journal Sentinel  jsonlinecom
4,Milwaukee County budget Abele uses fees to close gap report says
5,Budget Brief Milwaukee County 218 Executive Budget  Public Policy Forum
6,News and Updates  The Labor Association of Wisconsin Inc
7,TheWheelerReport  Archives
8,Jakes Wisconsin Funhouse October 217
9,Inflation hits 25 driven up by rising transport and video game costs  Daily Mail Online
10,FakeNewsDetectiontestcsv at master xc2xb7 nishitpatel1FakeNewsDetection xc2xb7 GitHub
11, redistributed state tax dollars  Search Results   Schoolinfosystemorg
12,Blog
13,Tag Military Spending  Consortiumnews
14,Illinois Review 
15,Recall is highstakes bet for unions UPDATE  The Daily Reporter  WI Construction News  Bids
16,County discusses Health Department schedule change  Latest News And Features  emporiagazettecom
17,rnLocal News Headlines  Media One Group WWSE WJTN WHUG WKSN WQFX
18,Corsi Liberi di Lingua e Cultura Kurda 
19,Economists View Politics
20,After earlier cuts Scott Walker proposes spending boost for schools  State and Regional  lacrossetribunecom
21,John Moorlach  Page 81  John Moorlachs Postings
22,MARK MARTINEZ BLOG KERN COUNTY SHERIFFS LAW AND ORDER CLAIM HAS MORE THAN A FEW HOLES
