,searched
0,Senator tries for Buffett Rule vote  POLITICO
1,Fiscal Year 213 Budget  CSPANorg
2,Show Me Progress  covering government and politics in Missouri  since 27  Page 633
3,View Stories  Political  Real Daily Buzz
4,Aigaion Bibliografia do PPGEE
5,Hoteles en el Camino Finisterre  Nuestros hoteles en el Camino  Blog en el Camino de Santiago  Camino de Santiago
6,xe1xa8xe9xa7xa2xe8xd2xc7xa1xd2xc3xcaxd1xc1xc1xb9xd2xa2xcdxa7xcbxe9xcdxa72xexc1xd7xe8xcdxc7xd1xb9xb7xd5xe81314xb7xd5xe8xbcxe8xd2xb9xc1xd2
