,searched
0,Is Wisconsin xe2x8x98Dead Lastxe2x8x99 in Midwest Jobs or Not  Shepherd Express
1,Scott Walkers Wisconsin dead last in job creation in the Midwest
2,Scott Walkers Wisconsin dead last in job creation Recall Scott Walker  YouTube
3,The latest WEDC revelations help explain Wisconsins poor performance  Isthmus  Madison Wisconsin
4,Jakes Wisconsin Funhouse Wisconsin proving to be the gold standard of jobs failure
5,Jakes Wisconsin Funhouse Dead last for Midwest GDP isnt something Walker agencies want to mention
6,Latest quarterly jobs report ranks Wisconsin 33rd  Stateandregional  wiscnewscom
7,Still Spinning Wisconsin Voters  FactCheckorg
8,Governor Walker on Twitter Our reforms are working and winning for Wisconsin More people are employed in WI than ever before And the state is 1 in the Midwest for yryr percent increase in private sector jobs gained and is tied for 1st in the Midwest for yryr drop in unemployment rate WIWorkingxe2x8xa6 httpstcotA5ZwgNSBW
9,Data Wonk The Wisconsin Jobs Mystery   Urban Milwaukee
10,Wisconsin tops Minnesota in more than college football
11,Latest quarterly jobs report ranks Wisconsin 33rd  Politics and Elections  madisoncom
12,Issues  Aaron Matteson for Wisconsin Assembly District 22
13,Opinion Illinois Beats Wisconsin In Job Creation   NBC Chicago
14,3 in 3 Women Candidates to Watch in 214  Mary Burke  MSNBC
15,After Six Years of Walker Wisconsin is Lagging Behind Midwestern States
16,Date
17,Wisconsin posts job gains still lags behind national average
18,Under Scott Walker Wisconsin Lost 15 Manufacturing Plants Thatxe2x8x99s the 12th Worst State Record in Nation  Progressiveorg
19,Fatal Work Injuries in Wisconsin xe2x8x94 216  Midwest Information Office  US Bureau of Labor Statistics
20,BizTimes Crossing the Valley of Death  Bright Star Wisconsin Foundation
21,Wisconsin  Liberal Bias
22,Scott Walker Magically Turns Dismal Wisconsin Job Numbers Into A PreElection Miracle
