,searched
0,FACT CHECK What Happened Quietly on January 1 215
1,New Taxes Arent New  FactCheckorg
2,What tax changes did the Affordable Care Act make  Tax Policy Center
3,You are being redirected
4,You are being redirected
5,PolitiFact Tax claims in chain email rife with errors
6,Ask Factcheck Are tax hikes due to Obamacare
7,Trumps Tax Reform Plan Explained
8,Tax email gets 215 taxes wrong
9,The Senate Republican tax plan explained  Vox
10,Actually it was Democrats who killed the 7 percent tax
11,Tax Cuts and Jobs Act of 217  Wikipedia
12,Features  Tax Policy Center
13,Hacking the Tax Plan Ways to Profit Off the Republican Tax Bill  The New York Times
14,14 Worst Provisions in the Senate Republican Tax Bill    Congresswoman Anna Eshoo
15,New Senate TaxBill Estimates Show Immediate Cuts LongRun Increases
16,Obama amp Taxes Obamacare Increases Bush Cuts Extended  Money
17,The Democrats Response
18,n          The Fiscal Cliff A Primer  Tax Foundationn      
19,n          Romney Obama  SimpsonBowles How Do the Tax Reform Plans Stack Up  Tax Foundationn      
20,Senate Session Part 2  CSPANorg
21,Rising Deficits Falling Revenues  Center for American Progress
