,searched
0,Jarrett Nothing In Obamacare Forces People Out Of Their Health Plans  CBS DC
1,Obamaxe2x8x99s pledge that xe2x8x98no one will take awayxe2x8x99 your health plan  The Washington Post
2,WH rejects NBC Obamacare report  POLITICO
3,How Many People Are Losing Their Plans Under Obamacare Really  California Healthline
4,NBC News challenges Obamacares central claim If you like your insurance you can keep it
5,Obamacare and Republican criticism The health care lawxe2x8x99s early missteps are making the GOP appear wise 
6,No David Axelrod The Vast Majority of People In This Country Are Not Keeping Their Plan
7,Obamacare Myths  FactCheckorg
8, The Insurance Industry Is Obamas Frenemy  The Atlantic 
9,Keeping Your Health Plan  FactCheckorg
10,Obamacares Widening Disconnect  RealClearPolitics
11,Obama vows repeatedly you can keep your doctor
12,New talking point on canceled health coverage Blame the insurance companies  United Liberty  Free Market  Individual Liberty  Limited Government
13,White House Propagandists Slam Obamacare Misinformation While Gleefully Spreading Their Own  Reasoncom
14,PolitiFact Roundup for past week
15,Thanks but no thanks When to reject the health insurance plan at work
16,The Lessons of Obamacare  Vox
17,Lies about health care plan just keepcoming from White House  East Bay Times
18,Planet Moron If You Like Your Health Care Plan Youxe2x8x99re Wrong
19,As Obamacare Takes On Water The Electorate Wakes Up To Its Horrors  Galen Institute
