,searched
0,Tammy Baldwin may be the first openly gay US senator and no one considers it an issue worth talking about it
1,Tammy Baldwin
2,Wisconsin Senate Debate  CSPANorg
3,Wisconsin races drawing millions in attack ads Is it working
4,How Tammy Baldwin Target of 14 Million in Outside Spending Sent the Koch Brothers and Their Minions Packing  PR Watch
5,Tammy Baldwinxe2x8x99s Reelection Fight in a Hyperpolarized State
6,Fickle Wisconsin Sends Tammy Baldwin Trusty Progressive to Senate  The New York Times
7,The Fight for Wisconsin Is On as Outside Money Pours Into Senate Race  The New York Times
8,Wisconsin Democrats fear another debacle in November  POLITICO
9,Wisconsin Faces a Political Crossroads Tuesday Which Way Will It Go  The New York Times
10,We did it together Leah Vukmir to face Sen Tammy Baldwin after US Senate primary victory  FOX6Nowcom
11,How Voters View 218s Most Vulnerable Senators  Morning Consult
12,The 218 midterms explained by this Heidi Heitkamp ad  Vox
13,Are Senate Republicans killing xe2x8x98blue slipxe2x8x99 for court nominees  The Washington Post
14,Federal officials to review Wisconsin Guard assault  Daily Mail Online
15,James Carville  Wikipedia
16,Walker Baldwin Prepare for November Elections in Wisconsin
17,Sen Tammy Baldwinxe2x8x99s fight to win back Wisconsin for Democrats explained  Vox
18,Election results Tammy Baldwin wins Wisconsin Senate race defeating Leah Vukmir  Vox
19,Biden launches bid  World News  Castanetnet
20,Bernie Sanders appeal to women of color falls flat with She the People questioner  CNN  NewsstandHub
21,Planned parenthood jobs
