,searched
0,Virginia lawmakers expand Medicaid to 4 after years of GOP resistance  The Washington Post
1,Va now projects Medicaid savings of 1 billion through 222  Virginia Politics  richmondcom
2,Va faces nearly 1 billion in rising Medicaid costs through next twoyear budget  Generalassembly  richmondcom
3,What Happens if Obamacare Is Struck Down  The New York Times
4,Medicaid Expansion Will Bust Virginiaxe2x8x99s Budget  Cato Institute
5,OpinionEditorial Medicaid enrollment mushrooms  Opinion  dailyprogresscom
6,Obamacares Medicaid expansion leading to health insurance boom in some states
7,Decision on Medicaid looms before Va legislature  Virginia Politics  pilotonlinecom
8,Virginia hospital group sets eyes on Medicaid expansion  Localnews  nvdailycom
9,States forgo billions in federal cash by opting out of Medicaid expansion 
10,Alaska Governor to Expand Medicaid Despite Legislature  Commonwealth Fund
11,Medicaid Expansion Costs Predicted to be Far Lower than Estimated  Virginia Organizing
12,EDITORIAL Medicaid expansion busts enrollment estimates  Editorials  fredericksburgcom
13,Virginia General Assembly votes to expand Medicaid
14,218 Constituent Survey Results  Kirk Cox
15,Newsletter  Delegate Richard Bell
16,nttVirginia Republicans Divided On Medicaid Expansion  WAMUt
17,Gov Northam signs off on state budget Medicaid expansion  WTVRcom
18,Kirk Cox Medicaid expansion a bad choice for Virginia  Augusta Free Press
