,searched
0,Bloomberg  Are you a robot
1,Conflict Minerals Companies Still Struggling to Find Reliable Supply Chains  Digital Trends
2,From Mine to Mobile Phone The Conflict Minerals Supply Chain  The Enough Project
3,Apple Releases 218 Conflict Minerals Report Remains Deeply Committed to Responsible Sourcing  MacRumors
4,supplier responsibility on MacRumors
5,ConflictFree Supply Chain and Intel
6,US Firms Struggle to Trace xe2x8x98Conflict Mineralsxe2x8x99  WSJ
7,Applexe2x8x99s iPad and the Human Costs for Workers in China  The New York Times
8,Beyond xe2x8x9cConflict Mineralsxe2x8x9d The Congoxe2x8x99s Resource Curse Lives On  Dissent Magazine
9,Macintosh  Wikipedia
10,rntCTA  Sustainable Devices  CTA 217 Sustainability Reportrn
11,Technology is failing to create transparent supply chains
12,Human Rights Watch Testimony at Senate Foreign Affairs Committee Subcommittee on African Affairs and Global Health Policy on DoddFrank Section 152  Human Rights Watch
13,Apple Ranked as Clear Leader in its Efforts to Source ConflictFree Minerals From Supply Chain  MacRumors
14,Apple Inc now audits all its suppliers for minerals linked to violent militias in the DRC
15,Best Globalbrands 215 CInterbrand
16,Anatomy of an AI System
