,searched
0,Obamas Remarks at Electric Vehicle Technical Center  RealClearPolitics
1,Sublime Bloviations A tale of two fact checks
2,How was the fuel mileage on the Model T Ford How does it compare with modern cars  Quora
3,Ford Model T  Wikipedia
4,Obama Invests 24 Billion in NextGen Plugin Hybrids Batteries
5,The History of the Electric Car  Department of Energy
6,The Obama gas mileage claim sputters  Cave News
7,Itxe2x8x99s Not Just Hybrids Pickup Trucks and Sedans Have Gotten More Efficient Too  The New York Times
8,Obamas Pitches for PlugIn Hybrids Videos Transcripts Clips
9,Ford Electric Cars Past Present and Future
10,Ford models paris
11,White fob bbs
12,Used 214 Audi Q5 For Sale in Milwaukee WI  CarGurus
13,Used 23 Toyota Tundra For Sale in Mobile AL  CarGurus
14,Used 212 BMW 5 Series For Sale in Rochester NY  CarGurus
15,Used 25 Toyota Tacoma For Sale in Mount Pleasant MI  CarGurus
16,Used 214 Hyundai Santa Fe Sport For Sale in Rocky Mount NC  CarGurus
17,213 Wrangler Unlimited Sahara Sport Utility 4D   eBay
