,searched
0,Media again ignore McCains skipped vote while highlighting ad attacking Clinton over earmark for Woodstock Concert Museum
1,Media continue to ignore McCains skipped vote while highlighting his attacks on Clinton
2,McCain Reflects on POW Past and Goes After Clinton  The New York Times
3, Senator who attended Woodstock nixes federal funds for museum  News  The Columbus Dispatch  Columbus OH
4,    n            Clinton Takes Heat Over Hippie Museum  CBS Newsn    
5,The Always Classy Mccain  The New Republic
6,Peace love politics at Woodstock  The Boston Globe
7,MCCAINS NEW AD HITS HIPPIE HILL
8,Museum opens at Woodstock concert site
9,Republicans Win Vote to Stop Clinton Earmark for Woodstock Museum
10,Candidates tout conservatism at GOP debate  CNNcom
11,Some memorable quotes by Sen John Mcain  The Hoglawyer
12,McCains Misleading Mailer  FactCheckorg
13,Clintons Maybe Looking for a Place in Woodstock  Slideshow  Daily Intel
14,John McCain plays the POW card  Brendan Nyhan
15,Hold Your Conventional Wisdom  TIME
16,Obama camp taunts Unsteady  erratic McCain desperately needs debate win  POLITICO
17,Clinton ad assails her Republican assailants   politics  Decision 8  NBC News
18,The politics of parroting  TheHill
19,Jabos Way Political Season
20,GOP Candidates Take Aim at Each Other  NPR
21,Fox wants McCain to stop airing ad  The Denver Post
22,nFact Checkern  One Up One Down for John McCainn                
