,searched
0,Lewis Watch how much crime picks up if lockout continues  NFLcom
1,Ray Lewis on Hall of Fame career When I played crime went lower in Baltimore  CBSSportscom
2,n      n    How Sports Reduced the Crime Rate in Chicago  The Motley Foolnn  
3,Can we predict when and where a crime will take place  BBC News
4,The fall how diving became footballxe2x8x99s worst crime  Alejandro Chacoff  Football  The Guardian
5,A View From The Terrace How a football podcastturnedTV show became BBC Scotlandxe2x8x99s most promising production  The Scotsman
6,NFL viewership down and study suggests itxe2x8x99s over protests xe2x8x94 The Undefeated
7,Case Study Animal Fighting  Michael Vick  Animal Legal Defense Fund
8,Knives and gangs Whats driving Britains broken boys to crime  CNN
9, Louisiana Judges Issue Harsher Sentences When The LSU Football Team Loses  The Atlantic 
10,Why are so many kids dropping out of sports  CNN
11,There is a good chance that you are the xe2x8x9cfriendxe2x8x9d that everyone finds insufferable on Facebook xe2x8x94 Quartz
12,8 ways police can spy on criminals and you  The San Diego UnionTribune
13,Why donxe2x8x99t people come to the rescue of victims of crime  Aeon Essays
14,FACT CHECK Domestic Violence on Super Bowl Sunday
15,41 things you might not know about Tom Brady  Bostoncom
16,Marijuana Arrests Outnumber Those for Violent Crimes Study Finds  The New York Times
17,The Local  Italys News in English
18,    n            AllAmerican Murder The Rise and Fall of Aaron Hernandez  CBS Newsn    
19,US and World News  NBC4 Washington
20,What can you get away with stealing from hotels
21,US Law Enforcement Failed to See the Threat of White Nationalism Now They Donxe2x8x99t Know How to Stop It  The New York Times
22,News  Headlines  BrainLine
