,searched
0,LCRA gets OK to keep water from being released downstream
1,Austin AmericanStatesman from Austin Texas on July 14 214 xc2xb7 B1
2,PDF Indus River Basin Common Concerns and the Roadmap to Resolution
3,colorado river texas Topics by Sciencegov
4,fakenewstestcsv at master xc2xb7 rampkitsfakenews xc2xb7 GitHub
5,Texas Water Journal Volume 9 Number 1 218 by Texas Water Resources Institute  Issuu
6,LCRA gets OK to keep water from being released downstream
7,Improving water management practices to reduce nutrient export from rice paddy fields  Request PDF
8,PDF Economic Hydrologic and Environmental Appraisal of Texas Interbasin Water Transfers Model Development and Initial Appraisal
9,Erik Gehring Environmental Advocacy  Extreme Weather 27
10,Water Whats In It  Where is It  Nakato Lewis  Academiaedu
