,searched
0,IS caliphate defeated but jihadist group remains a threat  BBC News
1,How Strong Is The Islamic State In Syria   NPR
2,ISIS fighters have been fleeing into Iraq perhaps with millions of dollars in tow  CNN
3,Kurdish Fighters Discuss Releasing Almost 32 ISIS Prisoners  The New York Times
4,Battered ISIS Keeps Grip on Last Piece of Territory for Over a Year  The New York Times
5,PunditFact How big is ISIS
6,Islamic State of Iraq and the Levant  Wikipedia
7,Why ISIS has the potential to be a worldaltering revolution  Aeon Essays
8,  ISISs Financial and Military Capabilities
9,1News WTSP at 563 pm Tuesday Feb 23 216  wtspcom
