,searched
0,Returning to work after raising kids 4 steps to get back into the workforce
1,Its a MomDominated Profession So Why Are Teachers Getting the Shaft on Maternity Leave  Working Mother
2,When parents and teachers collide
3,Teachers head back to work after Ducey signs budget with pay raise school aid  Local news  tucsoncom
4, When Women Choose Children Over a Career  The Atlantic 
5, Why 43 of Women With Children Leave Their Jobs and How to Get Them Back  The Atlantic 
6,Balancing teaching with family life xe2x8x93 your tips and insights  Teacher Network  The Guardian
7,Working Moms Do Working Moms Negatively Impact Kids  Time
8,Career Or Family You Only Need To Give Up 2  5 Years Of Your Life
9,Teaching a family unfriendly profession  Someones Mum
10,The Ballad Of A Working Mom Guilt Anxiety Exhaustion And Guilt  The Baby Project  NPR
11,Interview Tips for StayatHome Mothers Returning to Work  Monstercom
12,Why You Should Stay Home With the Kids
13,The gullibility of working mothers  ABC News Australian Broadcasting Corporation
14,To the mama about to send her child to daycare for the first time  Motherly
15,Teaching Abroad with a Family Not as Hard as it Sounds
16,I Regret Not Working When My Kids Were Little 
17,School refusal children 58 years  Raising Children Network
18,Returning to work
19,How to become a stay at home mom on one income
20,Be Their Favorite Teacher A Parents Role In Child Development
21,The West Virginia teacher strike explained  Vox
22,Avoid raising an entitled child 5 strategies that really work
23,1 Good Parenting Tips  Parenting For Brain
