,searched
0,Remarks by the President and the First Lady at Get Out the Vote Rally in Philadelphia Pennsylvania  whitehousegov
1,Weekly Address Working Together to Keep America Moving Forward  whitehousegov
2,President Obama America Is Stronger And More Respected Today  Connecticut Public Radio
3,President Obama Holds Final Press Conference Of 216  NPR
4,Remarks by President Trump at Lima Army Tank Plant  The White House
5,President Obamaxe2x8x99s speech at the Democratic convention  The Washington Post
6,Full text President Obamas DNC speech  POLITICO
7,Transcript Trumpxe2x8x99s State of the Union Annotated  The New York Times
8,rntfullstoryrn
9,How Trump has weakened the worlds view of the US
10,Donald Trump Is the First White President  The Atlantic
11,n  n    How the Louisiana Purchase Changed the Worldn     n    Historyn     Smithsonian
12,Every successful relationship is successful for the same exact reasons xe2x8x94 Quartz
13,Ronald Reagan  Wikiquote
14,Trump Twitter Archive
15,Making China Great Again  The New Yorker
16,Party Platform  Democrats
17,Democracy  United Nations
18,1 Americaxe2x8x99s Global Image  Pew Research Center
19,Grade the President Heres what you thought of Trumps first 1 days  Los Angeles Times
20,ABC News  POTUS Almost Every Country Sees US as Stronger Today Than 8 Y  Facebook
21,Letter from a Birmingham Jail King Jr
