,searched
0,Glenn Funk seeks sanctions against David Chase lawyer
1,Barack Obama presidential eligibility litigation  Wikipedia
2,Fact checking the Obots  Obama Conspiracy Theories
3,September  212  Obama Conspiracy Theories  Page 9
4,The Birther Think Tank  Sometimes You Think Better When Youre Tanked  Page 25
5,Keyword frivolous
6,Context of August 14 29 Conservative Lawyer Produces Forged Birth Certificate Proving Obama Born in Mombasa Kenya
7,Sicklerville attorney must pay toward countys costs for legal defense
8,Outraged City Sues Man for Filing a Frivolous Lawsuit  US Chamber of Commerce
