,searched
0,Palin attacks shrill and sarcastic says Reid spokesman  CNN Political Ticker  CNNcom Blogs
1,Transcript  Palins Speech at the Republican National Convention  Election Guide 28  The New York Times
2,REMARKS BY JOHN MCCAIN TO THE REPUBLICAN NATIONAL CONVENTION
3,John In Carolina Dem Majority Leader Harry  Reid v Gov Sarah  Palin
4,The Anticlimax  WSJ
5,Gov Sarah Palin Republican National Convention September 3n28
6,Le texte du discours de Sarah Palin
7,nJohn McCain  Shot in the Darkt
8,sarahpalinquotesnominationtxt at master xc2xb7 patrickbrianmooneysarahpalinquotes xc2xb7 GitHub
9,Lies Damned Lies and Pants on Fire
10,Political  Speakola
11,The Volokh Conspiracy  Was Sarah Palin More than Passingly Sarcastic
12,Beverly Gage  History Editor Bonnie K Goodman
13,Washington This Week  CSPAN  August 27 212 2am6am EDT  Free Borrow  Streaming  Internet Archive
14,Plumb Bob Blog  Sarah Palin
15,The 28 Convention Speeches  Wolfram Demonstrations Project
16,RE The left has no shame and is nothing but a pac  AARP Online Community
17,nShot in the Dark  Cranking Open The Big Brass Nozzle Of Truth Since 22  Page 525t
18,Teapot Tantrums
19,n44n  Women React to Palin Speechn                
20,The World According to Me September 28
21,Alexa Shrugged Sarracudas Best Lines from the RNC
22,The Civil Debate Page Analysis Sarah Palin Vice Presidential Nomination Acceptance Speech
23, Sarah Palins RNC Speech Archive   SnoWest Snowmobile Forum
24,media  ChenZhens Chamber
25,Texasturtles Weblog  Turtles Try to be like a turtle  at ease in your own shell
26,nMJOSEPH SHEPPARDS  A POINT OF VIEW June 213n
