,searched
0, Opponents of Ohio unionlimiting law air 1st TV ad  Hartford Courant
1,Vote yes on Question D  Letters to the Editor  fredericknewspostcom
2,Its Not Enough to Get Paid for Not Working These LA Police and Firefighters Figured Out How to Double It  Reasoncom
3,How todayxe2x8x99s unions help working people Giving workers the power to improve their jobs and unrig the economy  Economic Policy Institute
4,Ohio Senate Bill 5 Veto Referendum Issue 2 211  Ballotpedia
5,Unions  Just Facts
6,Reno policy allows up to 8 BAC for firefighters
7,The Trouble with Public Sector Unions  National Affairs
8,Austin Firefighters Association  Austin Firefighters Association
9,United States labor law  Wikipedia
10,   HFD  Off the Kuff
11,Learning Disabilities and The Law After High School An Overview for Students
12,AFGE Local 72  Frequently Asked Questions
13,IAFF Main
14,Eviction Relocation Money Just Cause Fire Issues  Housing Rights Committee of SF
15,IV Human rights issues at all stages in employment 
16,Chapter 26 Changing the Physical and Social Environment  Section 4 Ensuring Access for People with Disabilities  Main Section  Community Tool Box
17,California inmates fighting the record wildfires are likely to be later denied firefighting jobs xc2xaAxios
18,Congressxe2x8x99s massive budget deal explained  Vox
19,President Donald J Trumps State of the Union Address  The White House
20,Hiring and Employment in Philadelphia City Government  The Pew Charitable Trusts
21,Unfair and Abusive Labor Practices in Pakistan  HRW
