,searched
0,McCain Obama turn up the juice over energy crisis
1,Politics News  Breaking Political News Video  AnalysisABC News  ABC News
2,Obamas Celebrity Cred  FactCheckorg
3,More Tax Deceptions  FactCheckorg
4,BARACK THE BIMBO
5,Voiceover woman in Celeb ad a secret  POLITICO
6,McCain ad compares Obama to Britney Spears Paris Hilton  CNNcom
7,    n            New McCain Spot Obama The Celebrity  CBS Newsn    
8,Reality Check McCain Ad Labels Obama As A Celebrity Not Leader  WISC
9,Obama Gets xe2x8x98Celebrity Treatmentxe2x8x99 in New McCain Ad  The New York Times
10,John McCain Ad Compares Barack Obama To Britney Spears Paris Hilton  MTV
11,Campaign Attack Ads An American Tradition  NPR
12,Branding a Cool Celebrity President Popular Music Political Advertising and the 212 Election
13,McCain Ad Slams Biggest Celebrity in the World  Variety
14,AdWatch McCain ad casts Obama as empty celebrity  The Denver Post
15,Low Road Express  The Straight Talk Express Has Taken a Nasty Turn Into the Gutter    McCains Low Road Express
16, Campaign  Ad Watch  News  The Columbus Dispatch  Columbus OH
17,Barack Obama Compared To Britney Spears In Republican Campaign Advert   Gigwise
18,John McCain ad mocks xe2x8x98celebxe2x8x99 Barack Obama  Boston Herald
19,Celeb
20,McCain Ad Suggests Obama is The Biggest Celebrity in The World  Channel 8 The 28 Election on Video
21, Obama McCain packin heat for tax duels lobbing ads at each other  New York Daily News
22,ntt     New Celeb Ad  Ironic Mr Schmidt  Politics Blogt
23,Race for the White House with David Gregory for Wednesday July 3   msnbc  The Ed Show  NBC News
