,searched
0,Bloomberg  Are you a robot
1,The Senatexe2x8x99s Official Scorekeeper Says the Republican Tax Plan Would Add 1 Trillion to the Deficit  The New York Times
2,CNNcom  Transcripts
3,Republican tax cut bill one year later what it did xe2x8x94 and didnxe2x8x99t xe2x8x94 do  Vox
4,President Donald Trump Opens Door to 22 Corporate Tax Rate
5,Repealing Trumpxe2x8x99s Tax Cut Would Bring in Billionsxe2x8x94and 22 Democrats Want to Put That Cash to Use  Mother Jones
6,Trump Tax Plan Revealed Three Big Changes To Look For
7,You are being redirected
8,GOP tax bill a sham deficitbuster massive transfer of wealth Your letters  syracusecom
9,Grade the President Heres what you thought of Trumps first 1 days  Los Angeles Times
10,This Week Transcript 1117 Steven Mnuchin and Sen Bernie Sanders  ABC News
11,Economic policy of Donald Trump  Wikipedia
12,Trumps Budget Reveals that He Wants Everyday Americans to Pay for His Tax Cuts for the Wealthy  Center for American Progress
13,Trumps tax cuts arent paying for themselves xe2x8x94 Quartz
14,Trump signs tax cut bill first big legislative win
15,Trumpxe2x8x99s fake middleclass tax cuts are dead  Vox
16,ZAQSorg  Automated Newsbot and News Aggregator  The Pulse of Web News
17,A Green Road Journal Trump TaxPlan Passes Raises National Deficit 15 Trillion Dollars Gives 5 Trillion  To Billionaires And  1Percent  Corporations Takes 35 Trillion From  MiddleClass  Poor Sacrifices  Medicaid  Medicare  SocialSecurity Obamacare
18,Million dollar penny 216
19,auxe6x9cx8xe5x89x8dxe7xb7x9a
