,searched
0,A dozen facts about immigration
1,    n            These US industries cant work without illegal immigrants  CBS Newsn    
2,Factchecking President Trumpxe2x8x99s 219 State of the Union address  The Washington Post
3,The Facts on Immigration Today 217 Edition  Center for American Progress
4,rntTechnology jobs and the future of work  McKinseyrn
5,For Every New Job Two New Immigrants  Center for Immigration Studies
6,Ellis Island  HISTORY
7,Immigrants in the United States  Center for Immigration Studies
8,Immigration to the United States  Wikipedia
9,Trumps Numbers Second Quarterly Update  FactCheckorg
10,AP FACT CHECK Trump swipes progress from Obama era
11,The Religious Affiliation of US Immigrants Majority Christian Rising Share of Other Faiths  Pew Research Center
12,US Unauthorized Immigration Total Lowest in a Decade  Pew Research Center
13,The Rights of Immigrants ACLU Position Paper  American Civil Liberties Union
14,Trump tracker How his first two years have gone  in eight graphics  BBC News
15,Facts for Donald Trumps border wall address to the nation
16,A Close Look at Migration and the People Risking Everything  Time
17,The Manufacturing Footprint and the Importance of US Manufacturing Jobs  Economic Policy Institute
18,DACA the immigration program Trumpxe2x8x99s threatening to end explained in 9 facts  Vox
19,Harvards Borjas Unauthorized immigrants now earn almost as much as legal workersxe2x8x94but why is a mystery xe2x8x94 Quartz
20,Herexe2x8x99s the Reality About Illegal Immigrants in the United States  The New York Times
21,AP fact check Trumps claims on record GDP jobs and the Russia investigation  PBS NewsHour
