,searched
0,The PPACAxe2x8x99s Health Insurance Exchanges and Medicaid Expansion  Cato Institute
1,How Repealing Portions of the Affordable Care Act Would Affect Health Insurance Coverage and Premiums  Congressional Budget Office
2,Repealing the Affordable Care Act  would cost jobs in every state  Economic Policy Institute
3,Adam Hasner Hammers Obama on Health Care Calls for Repeal  Sunshine State News  Florida Political News
4,Court Grills Government on Obamacare Mandate  Sunshine State News  Florida Political News
5,Healthcare Law Will Cost 1 Million or More Jobs
6,A History of President Obamaxe2x8x99s 8 Years in Office
7,Economic policy of Donald Trump  Wikipedia
8,Thursday November 5 215  Kaiser Health News
9,House Hearing on Budget and Economic Outlook  CSPANorg
