,searched
0,The RCP Blog
1,Texas Democratic Senate Candidate Beto ORourke Reports Record Fundraising
2,Political Case Studies  American Viewpoint
3,   Election 218  Off the Kuff
4,   Mayor  Off the Kuff
5,Quorum Report News Clips
6, GLOBENEWS TOP 1 OF 215 Council drama dominates headlines  News  Amarillo GlobeNews  Amarillo TX
7,History of Guatemala  Wikipedia
8,Approved  The Economist
9,ANGER IS AN ENERGY  MetaFilter
10,healthcare  Teach the Vote
11,Case Studies in Emergency Election Litigation  Federal Judicial Center
12,n          Full Text of All Articles The Berkeley Daily Planetn    
13,Wendy Greuel  CBS Los Angeles
14,Opinions On Voting Issues  NC Voter
