,searched
0,Taliban criminals get 36 million from US taxes  politics  NBC News
1,Report Reveals US Aid Funds Taliban in Afghanistan
2,36 million in contract money lost to Taliban criminals in Afghanistan  News  valdostadailytimescom
3,    n            US money is Talibans No 2 revenue source  CBS Newsn    
4,Resumed NATO Convoys Mean Millions for Taliban  Militarycom
5,Follow The Money The Talibans Growing Criminal Empire  Militarycom
6,Girlsxe2x8x99 Access to Education in Afghanistan  HRW
7,Taliban  Wikipedia
8,Taliban took around 36m from US funds  report    TheJournalie
9,36M lost to Taliban criminals in Afghanistan US   CTV News 
10,    Taliban Using US Money For Insurgency  Business Insidern
11,Afghan Taliban criminals siphon US funds  SFGate
12,Double Game Why Pakistan Supports Militants and Resists US Pressure to Stop  Cato Institute
13,War is and has always been a racket how the US Funds the Taliban Welcome to the wartime contracting bazaar in Afghanistan It is a virtual carnival of improbable characters and shady connections with former CIA officials and exmilitary officers joining hands with former Taliban and mujahedeen to collect US government funds in the name of the war effort
14,Factbox  After caliphate defeat Islamic State is down but not out  Euronews
15,Trying to unearth the story behind the reclusive Bobbie Gentryxe2x8x99s Ode to Billie Joe
16,Challenges lxe2x8x99actualitxc3xa9 de lxe2x8x99xc3xa9conomie
