,searched
0,The Social Security Dilemma
1,Social Security Full Retirement Age Increases Past 66
2,n      n    3 Reasons Its Smart to Take Social Security Benefits at 62  The Motley Foolnn  
3,Social Security  Just Facts
4,    n            How much longer might you live Think again  CBS Newsn    
5,Retirement  Wikipedia
6,Retirement Calculator
7,Compliance Manual Chapter 3 Benefits
8,Heavy smokers cut their lifespan by 13 years on average
9,Should I Take Monthly Pension Payments Or A Lump Sum For Retirement 
10,Publication 59B 218 Distributions from Individual Retirement Arrangements IRAs  Internal Revenue Service
11,Should You Start Social Security at Age 62
12,n      n    How Big Is the Average Personxe2x8x99s Social Security Check  The Motley Foolnn  
13,n      n    Americans Average Social Security Benefit at Age 62  The Motley Foolnn  
14,What women should know Social Security tips  Fidelity
15,Earlystage prostate cancer Treat or wait  Harvard Health Blog  Harvard Health Publishing
16,North America  United States xe2x8x94 The World Factbook  Central Intelligence Agency
17,Statistics And Probability Recent Questions  Cheggcom
