,searched
0,n                US approves first new nuclear plant in a generation  Reuters
1,Blog Three Decades in the Making Americaxe2x8x99s Newest Nuclear Reactor
2,Itxe2x8x99s the first new US nuclear reactor in decades And climate change has made that a very big deal  The Washington Post
3,Obama Announces Plans for First Nuclear Power Plant in 3 Decades  TreeHugger
4,Nuclear powers time has come  CNNcom
5,Obama gives 8 billion to new nuke plants  Feb 16 21
6,Nuclear power xe2x8x93 Nuclear power plant  Vattenfall
7,Whole Earths Stewart Brand Backs Nuclear Power  NPR
8,Obamas Nuclear Giveaway  Mother Jones
9,The economic future of nuclear power  American Academy of Arts and Sciences
10,rntNuclear Power in the USA  World Nuclear Associationrn
11,rntUS Nuclear Power Policy  Nuclear Energy Policy USA  World Nuclear Associationrn
12,At Vogtle Big Results with Nuclear Power  Department of Energy
13,UPDATE 1US finalizes 37 bln loan for Vogtle nuclear power plant
14,Nuclear power in the United States  Wikipedia
15,The Nuclear Power Resurgence How Safe Are the New Reactors   Yale E36
16,Think Again Nuclear Power  Foreign Policy
17,Secretary Perry announces financial close on additional loan guarantees
18,Does nuclear power make financial sense  US news  Power Play  NBC News
19, After 6 Years of Nuclear Power What About the Cleanup  The Atlantic 
20,Saudi Arabias first nuclear reactor nearly finished sparking fears over safeguards  World news  The Guardian
21,The Real Risk of Nuclear Power
22,First new US nuclear reactors in decades approved  LA Times
