,searched
0,Crime in Atlanta Georgia 217 State rank in Men Murder Women report
1,States Where Women Are Most Likely to Be Killed by Their Partners
2,Louisiana ranks 2 in rate of women murdered by men
3,TN ranks fifth in US for rate of women killed by men new study shows  WRCBtvcom  Chattanooga News Weather  Sports
4,Where does Georgia rank in gun violence deaths  WSBTV
5,The 3 cities with the highest murder rates in the US  National  rapidcityjournalcom
6,Tennessee again ranks high in women killed by men
7,The 1 world cities with the highest murder rates xe2x8x93 in pictures  Cities  The Guardian
8,These 1 states have high rates of domestic violence and lax gun control laws  Revelist
9,List of serial killers by number of victims  Wikipedia
10,Crime in Louisiana  Wikipedia
11,Worse than opioids Alcohol deaths soar among the middleaged women
12,Police Officer Fatality Rates by State
13,The Case Against the Death Penalty  American Civil Liberties Union
14,General recommendations made by the Committee on the Elimination of Discrimination against Women
15,  Number of women murdered by men in the US by state 216  Statistic
