,searched
0,Drilling Moratorium Means Hard Times for Gulf Rig Workers
1,Obama Decried Then Used Some Bush Drilling Policies  WSJ
2,Sarah Palin collects a bushel of Pinocchios on her bus tour  The Washington Post
3,admin  Oilways Energy
4,Offshore Drilling Operations and Safety  CSPANorg
5,GULF OF MEXICO DISCOVERIES RESERVES AND PRODUCTION  Peak Oil Barrel
6,Hydraulic fracturing in the United States  Wikipedia
7,Deep Water The Gulf Oil Disaster and the Future of Offshore Drilling  Tyler  Priest  Academiaedu
8,Disaster unfolds slowly in the Gulf of Mexico  Photos  The Big Picture  Bostoncom
9,News
10,Tags  colorado  Viohl  Associates
11,Focus on Fracking while waiting for Doha US oil supplies hit another record high drilling hit another record low 
12,Friday Snippets  OklahomaMineralscom
13,Three Sources Oil and Energy Archives
