,searched
0,Scott Walkerxe2x8x99s AntiUnion Crusade  The New Yorker
1,Scott Walker and Right to Work  WSJ
2,The Scott Walker Legacy An Unprecedented Time of Reform and Taxpayer Victoriesxc2xa  MacIver Institute
3,    Scott Walker will have a hard time explaining his economic record if he runs for president  Business Insidern
4,Scott Walker politician  Wikipedia
5,Midterm elections 218 Governor races in 1 states worth watching  Vox
6,Scott Walker  Ballotpedia
7,Wisconsin gubernatorial election 218 August 14 Democratic primary  Ballotpedia
8,Wisconsinxe2x8x99s Scott Walker Signs Bills Stripping Powers From Incoming Governor  The New York Times
9,How PissedOff Parents and Teachers Could Expel Scott Walker From Office  Mother Jones
10,IBEW local 14  All Things Political
11,Did Scott Walkers budget cuts hurt economy Some economists think so  Madison Wisconsin Business News  madisoncom
12,217 
13,Wisconsin Club For Growth  News  Part 33
14,Sheet Metal Workers Local Union 7
15,The Legislative Attack on American Wages and Labor Standards 211xe2x8x93212  Economic Policy Institute
16,What Went Down In The Second Presidential Debate  FiveThirtyEight
17,New city media blacksburg
18,Waterboarding success statistics
19,Scott Walker signs lameduck bill curbing powers of his successor
20,Wisconsinxe2x8x99s lameduck power grab stripping Democrats of power explained  Vox
21,Midterm elections 218 How Wisconsin governor Scott Walker lost to a former teacher xe2x8x94 Quartz
22,Democrat says hell appeal to Walker to veto GOP power play  POLITICO
