,searched
0,Lyndon B Johnson  Wikipedia
1,Civil Rights Act of 1964  Wikipedia
2,Lyndon B Johnson  HISTORY
3,The Civil Rights Act of 1964 and the Voting Rights Act of 1965 article nKhan Academy
4,And We Shall Overcome President Lyndon B Johnsons Special Message to Congress
5,Lyndon B Johnson Domestic Affairs  Miller Center
6,Lyndon B Johnson  Presidency Facts  Vietnam War  Biography
7,LBJ Champions the Civil Rights Act of 1964  National Archives
8,LBJ Champions the Civil Rights Act of 1964 Part 2  National Archives
9,Lyndon B Johnson  Biography Presidency Civil Rights Vietnam War  Facts  Britannicacom
10,Lyndon B Johnson and the Vietnam War
11,Evaluating the success of the Great Society  Washington Post
12,Lyndon B Johnson  Wikiquote
13,Lyndon Johnson Controversial President  The New York Times
14,n  n    A Deeper Look at the Politicians Who Passed the Civil Rights Act of 1964n     n    Historyn     Smithsonian
15,rnrnrnThe Civil Rights Movement And The Second Reconstruction 1945xe2x8x931968              rnrn    rn    US House of Representatives History Art  Archivesrn
16,What Everyone Gets Wrong About LBJs Great Society  POLITICO Magazine
17, President Lyndon B Johnsons Landmark Immigration Reform of 1965  The Atlantic 
18,President Lyndon B Johnson and the Power of Black PowerAfricanAmericans  the Presidency
19,Where Kennedy dreamed Johnson achieved  ABC News Australian Broadcasting Corporation
20,A NotSoGreat Society
21,A BRIEF HISTORY OF THE CIVIL RIGHTS ACT OF 1964
22,Impeachment of Andrew Johnson  Constitutional Rights Foundation
23,When the Republicans Really Were the Party of Lincoln  BillMoyerscom
