,searched
0,No rape exception in GOP platform  POLITICO
1,GOP Platform AntiAbortion Language Includes No Exceptions For Rape Incest  Its All Politics  NPR
2,Republicans Democrats spar over abortion language in GOP platform  The Washington Post
3,GOP Approves Strict Antiabortion Language in Party Platform  The New York Times
4,Republicans took a big political risk on abortion in the Fox debate  Vox
5,Where do Republicans stand on abortion exemption  Need to Know  PBS
6,Antiabortion Language In The GOP Draft Platform Draws Attention To Akin Flap  Kaiser Health News
7,GOP platform committee would ban abortion even to save womans life adding to furor over Senate candidates offensive remarks on rape  The Boston Globe
8,Republican Party approves strict antiabortion platform earning rebuke from Scott Brown  Bostoncom
9,Comments on Todd Akin Apology not accepted  The Economist
10,Rape and pregnancy statement controversies in the 212 United States elections  Wikipedia
11,War on Women  Wikipedia
12,Florida ExGovernors Speak Charlie Crist Endorses Obama Jeb Bush Says GOP Needs to xe2x8x98Reach Outxe2x8x99
13,Former Florida Governor Endorses Obama  Feminist Newswire
14,GOP platform committee approves tough antiabortion stance  CNN Political Ticker  CNNcom Blogs
15,Aiken comments on rape expose GOP vulnerability  Baltimore Sun
16,Republican Majority for Choice   Archive for   Uncategorized  Uncategorized
17,    n            Richard Mourdock Even pregnancy from rape something God intended  CBS Newsn    
18,Gov McDonnell GOP abortion plank wonxe2x8x99t cost Romney voters  TheHill
19,Republicans set antiabortion stance as Romney urges Akin to step aside
20,Republican party endorses abortion ban without exceptions ahead of convention  US news  The Guardian
21,Republican Views on Abortion  Republican Views
22,The House GOPs Plan to Redefine Rape  Mother Jones
23,The Abortion Debate Isnxe2x8x99t As Partisan As Politicians Make It Seem  FiveThirtyEight
24,The Rachel Maddow Show Transcript 8212  MSNBC
