,searched
0,Republicans Take Control of House  The New York Times
1,11th United States Congress  Wikipedia
2,History of the United States Congress  Wikipedia
3,Nancy Pelosi The remarkable comeback of Americas most powerful woman  BBC News
4,Presidency House and Senate What Happens When One Party Has Control  WSJcom
5,The changing face of Congress in 6 charts  Pew Research Center
6,Joe Bidens popularity is about to nosedive
7,Democrats take control of the House today Herexe2x8x99s what to expect  PBS NewsHour
8,Bernie Sanders Democrats need a bold agenda Heres what they should do in the first 1 days of Congress  The Washington Post
9,These are the women making history as the 116th Congress is sworn in
10,New York Magazine
11,Joplin IndependentHumor
12,NPTEL Video Courses  Lectures  Management Resources Portal
13,About Web Portal  Management Resources Portal
