,searched
0,American Clean Energy and Security Act  Wikipedia
1, Stopping Climate Change Is Much Cheaper Than You Think  The Atlantic 
2,Climate Policy as Wealth Creation  Dollars  Sense
3,A Dozen Reasons for Clean Energy  Center for American Progress Action
4,The Cap and Tax Fiction  WSJ
5,More on the Estimated Costs to Households of a CapandTrade Program  Congressional Budget Office
6,Valero Ad Campaign Intentionally Misleads Customers On CapAndTrade  Political Correction
7,Fisking Paul Krugman  Competitive Enterprise Institute
8,Institute for New Economic Thinking
9,Can Countries Cut Carbon Emissions Without Hurting Economic Growth  An Economic View of the Environment
10,National Debt  Just Facts
11,Itxe2x8x99s Easy Being Green  The New York Times
12,UPDATE Global Warming A Research Guide to the US Approach to the UN Framework Convention on Climate Change and the Kyoto Protocol  GlobaLex
13,How Big Oil and Big Coal Blocked Global Warming Progress  Rolling Stone
