,searched
0, 38 Studios The cost to RI taxpayers  News  providencejournalcom  Providence RI
1, Timeline of events preceding after 38 Studios deal  News  providencejournalcom  Providence RI
2,Lincoln Chafee  CBS Boston
3,Providence 81514 by The Phoenix  Issuu
4,Anchor Rising May 212 Archives
5,38 Studios
6,Anchor Rising Rhode Island Politics Archives
7,Justins Case  Regular Features  The CurrentAnchor  Page 7
8,Gongwer News Service  Ohio
9,Caroline Dinenage  News
10,Calamxc3xa9o  Liberty Newspost July271
11,Fotos Daarle
12,Untitled Document
13,johncombestcom  Missouri Political News
14,BSC Jena 98
15,BecCozcyt 3311x274  COZCyT
16,Media Coverage
17,Closed Caption Log Council Meeting 82511  AustinTexasgov  The Official Website of the City of Austin
18,219  February  Techrights
19,n          Full Text of All Articles The Berkeley Daily Planetn    
