,searched
0,1 Best Practices for Using Links in Emails
1,OptIn Emails and Permissions in the Era of GDPR  Campaign Monitor  Campaign Monitor
2,Email Marketing Length Best Practices  SendGrid
3,Avoid No Reply Email  Learn Best Practices to Follow Instead  SendGrid
4,6 Refer A Friend Best Practices And Tips For Success
5,How to Write a Marketing Email1 Tips forWriting Compelling Email Copy
6,The Ultimate Guide to Email Marketing
7,Best Practices for Using HubSpot  Google Analytics Together  Bounteous
8,Email Drip Campaigns 11 Main Benefits  5 Best Practices to Do Them Right
9,13 Email Deliverability Best Practices to Boost Your Inbox Reach
10,CANSPAM Act A Compliance Guide for Business  Federal Trade Commission
11,GDPR for Marketing The Definitive Guide for 219
12,Transactional Email Best Practices Illustrated with 29 Examples
13,The Importance of Permission
14,7 Email Automation Campaigns that Keep Customers Coming Back
15,Email Best Practices  Mailgun API  documentation
16,Best practice
17,Hillary Clinton Is Criticized for Private Emails in State Dept Review  The New York Times
18,Stop Email Overload
19,Google Analytics UTM tagging best practices
20,ECommerce Email Marketing 11 11 MustHave Emails w Templates
