,searched
0,Anticipating Heavy Rain in Florida  Florida Climate Center
1,Climate of Florida  Wikipedia
2,Floridas Climate and Weather
3,National Climate Report  March 219  State of the Climate   National Centers for Environmental Information NCEI
4,National Climate Report  January 219  State of the Climate   National Centers for Environmental Information NCEI
5,Southeast Precipitation  North Carolina Climate Office
6,United States El Nixc3xb1o Impacts  NOAA Climategov
7,A soggy summer for the MidAtlantic in 218  NOAA Climategov
8,Winter Outlook for West Central and Southwest Florida
9,Orlando Weather  When Is The Best Time To Go To Orlando
10,World of Change Global Temperatures
11,n3 Cities with the Worst Weather in USA  Bob Vilan
12,Heres What You Can Expect For Temperatures and Precipitation the Rest of Summer  The Weather Channel
13,WMO climate statement past 4 years warmest on record  World Meteorological Organization
14,Precipitation Patterns Over the Bayou State
15,South Carolina State Climatology Office
16,Droughts Things to Know
17,January brought aboveaverage rainfall to some areas benefiting Silver Springs and Blue Spring  SJRWMD
18,The Best Time to Visit Florida United States for Weather Safety  Tourism
19,rntFlorida climate average weather temperature precipitation best timern
20,Retirees These 15 Cities Have the Best Weather YearRound
21,Which City Has The Most Unpredictable Weather  FiveThirtyEight
22,Winter forecast What will winter in the US look like in 218
23,Climate of Minnesota  Wikipedia
