,searched
0, PolitiFact Tax spending doesnt equal military spending  News  Austin AmericanStatesman  Austin TX
1,Opinion  A Tax to Pay for War  The New York Times
2,What Are Honor Killings xe2x8x93 Seeker Daily
3,Trumps Budget Reveals that He Wants Everyday Americans to Pay for His Tax Cuts for the Wealthy  Center for American Progress
4,138 things Trump did this year while you werent looking
5,Tax Reform The Good the Bad and the Really UglyPart Five  Thoughts from the Frontline Investment Newsletter  Mauldin Economics
6,American Recovery and Reinvestment Act of 29  Wikipedia
7,Budget 218 Chapter 4  Advancement
8,The Budget for All A technical report on the Congressional Progressive Caucus budget for fiscal year 213  Economic Policy Institute
9,The 21516 Budget California Spending Plan
10,Battle over Air Forcexe2x8x99s 13 coffee cups heats up
11,Putting Taxpayers First A Federal Budget Plan to Benefit the Next Generation of American Taxpayers
12,Senate Session Part 1  CSPANorg
13,You are being redirected
14,Disadvantages Of The ROTH IRA Not All Is What It Seems
