,searched
0,Is Phoenix really the kidnapping capital
1,The 7 Most Dangerous Countries To Visit  Thrillist
2,As TruthOMeter Spreads Politicians Wince  NPR
3,The Brutal Rise of El Mencho Mexicos NextGeneration Narco  Rolling Stone
4,Mexicans Pay in Blood for Americas War on Drugs  Phoenix New Times
5,Mexico has a kidnapping problem And itxe2x8x99s getting worse  Vox
6,Phoenix Arizona  Wikipedia
7,Arizona State Capitol  Wikipedia
8,The Mystery of Why People Go Missing in Alaska  The Atlantic
9,Shenzhen  Wikipedia
10,Mexican Drug War  Wikipedia
11,How a Mexican Drug Cartel Makes Its Billions  The New York Times
12,A Fathers and Daughters Treacherous Trip Across the Border  Time
13,The 1 world cities with the highest murder rates xe2x8x93 in pictures  Cities  The Guardian
14,Crime news Latest news on crime corruption scandals and criminal misdeeds updated daily from CBS News
15,Ruthless cartel violence drives a wave of Mexican asylum seekers
16,The Pulitzer Prizes
17,Last words  Wikiquote
18,CATALOG OF NOVELAS  Telemundo
19,News from Arizona that went national  Tucson history and Stories from the Stars archives  tucsoncom
20,Boss of brutal Caracas gang boasts of murdering HUNDREDS  Daily Mail Online
