,searched
0,rnrnrn        Get Real About Property Taxes  Research  Platte Institutern    
1,Nassau Countys property tax game The winners and losers
2,n          States Moving Away From Taxes on Tangible Personal Property  Tax Foundationn      
3,nn      Pricing the Luxury Product New York City Taxes Under Mayor Bloombergn     n    Empire Center for Public Policy    nn    
4,rntNAHB Property Tax Rates After the Housing Downturnrn
5,Growing out of control Property taxes put increasing burden on Illinois taxpayers  Illinois Policy 
6,The History of the Texas Franchise Tax
7,Tax Cuts and Jobs Act of 217  Wikipedia
