,searched
0,rntPolitiFact Would immigration reform add 7 billion to economyrn
1,The Economic Impact of S 744 the Border Security Economic Opportunity and Immigration Modernization Act  Congressional Budget Office
2,Border Security Economic Opportunity and Immigration Modernization Act of 213  Wikipedia
3,The Economic Benefits of Fixing Our Broken Immigration System  whitehousegov
4,Why comprehensive immigration reform is good for all of us  TheHill
5,How to Fix the United States Immigration Policy  Foreign Affairs
6,The immigration price tag the right didnt want to see  MSNBC
7,House GOP split over immigration reform  CNNPolitics
8,Up to 7 Billion in Economic Benefits from the Immigration Modernization Act
9,Hillary Clinton Economic Speech Lays Out Agenda for Presidential Race  Time
10,Immigration Reform Would Boost Economy CBO Report Finds  ABC News
11,The Facts on Immigration Today  Center for American Progress
12,Undocumented Immigrants Contribute Over 11 Billion to Our Economy Each Year  The Nation
13,HUFFINGTON POST What I Will Tell the President Tomorrow  Congressman Tony Cardenas
14,cirmeansjobs hashtag on Twitter
15, Americans Oppose Obamacare Social Security for Illegal Immigrants Made Legal by Reform  The Atlantic 
16,The history of illegal immigration in the United States  Rear Vision  ABC Radio National Australian Broadcasting Corporation
17,Why the Wall Wont Work  Cato Institute
