,searched
0,House passes farm bill 213211 that could cut food stamps for millions
1,House Debate on Farm Bill SNAP Changes  CSPANorg
2, Trump Adds Work Requirements to SNAP  The Atlantic 
3,The New Farm Bill Is Going To Suck  Reasoncom
4,Archive for Mar 219  New Mexico Center on Law and Poverty
5,Local 2195  Food Stamps  Fact From Fiction
6,In Signing Farm Bill Obama Extols Rural Growth  The New York Times
7,New Mexico families in danger of losing access to SNAPxc2xaxc2xaxc2xa  New Mexico Center on Law and Poverty
8,AllGov  Departments
9,You are being redirected
10,rntt     Circle of Protection  An Alliance of Christian Leaders Committed to Ending Povertyt
11,NWH In the News
12,Blog  Nebraska Appleseed
13,Daniel Boone  Wikipedia
14,Public transportation bus service closing due to money woes  Government  postregistercom
15,Unite here union dues
16,Largest hemp processing plant
17,Agricultural investment funds for developing countries
