,searched
0,Obama Says Military Option on Iran Not a xe2x8x98Bluffxe2x8x99  The New York Times
1,n                Obama says not bluffing on Iran military option  Reuters
2,Not Everyone Likes Obamas New National Security Nominees
3,Kristolfounded group targets Hagel  POLITICO
4,In Israel Chuck Hagel has a oneword refrain Friend  LA Times
5,Fact check Hagels record on Iran
6,The Controversy Surrounding Hagels Confirmation  NPR
7,President Obamaxe2x8x99s Interview With Jeffrey Goldberg on Syria and Foreign Policy  The Atlantic
8,Equipo Nizkor  CRS RL3248  Iran Gulf Security and US Policy
9,Obamas Syria legacy Measured diplomacy strategic explosion  BBC News
10,RJC News  Republican Jewish Coalition
11,This Week Transcript Senate Minority Leader Mitch McConnell  ABC News
12,rntDefensegov Transcript Media Availability with Secretary Hagel Enroute to Israelrn
