,searched
0,  5 Entertainment Law Facts You Need to Know
1,The Smartphone Wars Nokia gives it up for Microsoft  Armed and Dangerous 
2,PDF Digital Planet  Tomorrows Technology  You  Mochamad Redza Yuliawan  Academiaedu
3,Austin AmericanStatesman from Austin Texas on August 24 21 xc2xb7 B1
4,Imxc3xb3veis em Betim
5,Cell Phones  Page 2
6,Article titles
7,Charged With a Crime Better Check Your Facebook Pictures  Reality Base  Reality Base
8,Kims weblog  Winterseizoen
9,NOW  Links Today
10, Africa Development Volume 39 nxc2xb 4 214  CODESRIA
11,Hello world  
12,Job dating pole emploi annecy
13,Indian business   technology  index  domainbcom 
