,searched
0,Decline of Global Extreme Poverty Continues but Has Slowed World Bank
1,How do we know the history of extreme poverty  Our World in Data
2,Global Extreme Poverty  Our World in Data
3,Poverty in the United States
4,The Changing State of Global Poverty
5,In a land of dollars Deep poverty and its consequences
6,Extreme poverty  Wikipedia
7,Poverty in the United Kingdom  Wikipedia
8,British children living in poverty could hit record high xe2x8x93 report  Society  The Guardian
9,Poverty the past present and future  World Economic Forum
10,Middleclass income rose above 61 for the first time last year US Census Bureau says  The Washington Post
11,World poverty capitalisms crime against humanity
12,Child poverty in working families on the rise  Child Poverty Action Group
13,Americans Want to Believe Jobs Are the Solution to Poverty Theyxe2x8x99re Not  The New York Times
14,rntOHCHR  Statement on Visit to Ghana by Professor Philip Alston United Nations Special Rapporteur on extreme poverty and human rightsrn
15,The world has made great progress in eradicating extreme poverty  Fewer but still with us
16,Not always with us  Poverty
