,searched
0,Mitt Romneys stance on gun control  POLITICO
1,Mitt Romney warns NRA against an aposunrestrainedapos secondterm Obama  LA Times
2,Romney On Guns FlipFlopping To The NRA  WBUR News
3,    Mitt Romneys FlipFlop On Gun Control Assault Weapons And The NRA  Business Insidern
4,Mitt Romney Assures Gun Rights Group of His Fealty  The New York Times
5,Mitt Romney plays to NRA interests in bid to win over conservative base  US news  The Guardian
6,Mitt Romney to deliver NRA speech in hopes of securing campaign cash  US news  The Guardian
7,Mitt Romney the GunControl Candidate  The New Yorker
8,An Honest Look at Mitt Romney
9,Mitt Romney aims to fire up wary gunrights set  pennlivecom
10,Mitt Romney  Video on NBCNewscom
11,Where Obama and Romney stand on gun control  The Washington Post
12,Political positions of Mitt Romney  Wikipedia
13,Donald Trump to Address NRA Convention  Time
14,Mitt Romney  RationalWiki
15,Mitt Romney On school shootings immigration and when hexe2x8x99ll challenge Trump A QA with Utahxe2x8x99s new Senate candidate  The Salt Lake Tribune
16,Is Mitt Romney Running for President or What  Vanity Fair
17,President Trump Speaks To NRA Attacking Sen Elizabeth Warren Reiterating Border Wall Promises  NPR
18,Is Mitt Romney the Toothsome Carpetbagging Phony He Appears to Be  New York Magazine  Nymag
19,Inside the DecadeLong Russian Campaign to Infiltrate NRA Elect Trump  Rolling Stone
