,searched
0,Pole position  Wikipedia
1,Formula One  Wikipedia
2,The Real Reason The Williams Team Will Close If F1 Doesnt Get A Budget Cap
3,Bloomberg  Are you a robot
4,Show Me the Money The Finances Behind Indycar NASCAR and Formula 1  The Drive
5,Formula One in America Why the racing sport is wooing US fans
6,219 United States Grand Prix  Formula 1xc2xae
7,Revealed The 26 Billion Budget That Fuels F1s 1 Teams
8,218 United States Grand Prix Race Highlights  YouTube
9,Stalled in Formula One Drivers Are Moving to IndyCar Series  The New York Times
10,Racing  Williams
11,Tickets  219 US Grand Prix at COTA F1Destinationscom
12,    Here Is The Difference Between 4 Major Racing Series  Business Insidern
13,Financial questions hound 2 of F1s 3 races in North America
14,Inside the Worlds Fastest Startup Haas F1 Americas Formula 1 Racing Team  Inccom
15,4 Ways to Become an F1 Driver  wikiHow
16,F4 US Sporting Format  F4 US Championship
17,For NJ Formula 1 race more bumps in the road  njcom
18,Frequently Asked Questions  bookf1com
19,F3 Americas Championship
20,rn        Indianapolis 5rn    
21,RacingReferenceinfo  Race Results and Driver Statistics for NASCAR and more
22,Frequently Asked Questions  Circuit of The Americas
23,The startline for your career in motorsport   Your startline for a career in motorsport
