,searched
0,The Cost of the Bush Tax Cuts and What It Might Mean  Tax Policy Center
1,POLITICO analysis At 23 trillion cost Trump tax cuts leave big gap  POLITICO
2,Economic policy of Donald Trump  Wikipedia
3,United States federal budget  Wikipedia
4,President Trumpxe2x8x99s Economic Plan What Could Go Right and Wrong  Fortune
5,Taxes  Just Facts
6,Blog  Page 64  Economic Policy Institute
7,Bitter Pill Why Medical Bills Are Killing Us  Timecom
8,Bush or Gore Does It Matter  The Nation
9,Web Editor Author at The Bill Coach  Page 1 of 21
10,NJ Physician Magazine March 213 by NJPhysician Magazine  Issuu
