,searched
0,How has the money supply M1 more then doubled in just 8 years but there have been no inflationary effects  Quora
1,Do prices really double every 2 years as claimed by Suze Orman due to inflation  Quora
2,Why have food prices such as wheat corn have doubled in the last 5 years  Quora
3,Effects of a Money Supply Increase
4,MoneySupply Growth Slows in January  Mises Wire
5,Money Supply Definition Quantity and Impact
6,Lesson summary money growth and inflation article nKhan Academy
7,rntUnited States Money Supply M2  219  Data  Chart  Calendar  Forecastrn
8,rntUnited States Money Supply M  219  Data  Chart  Calendar  Forecastrn
9,Intermediate Macroeconomics  Money Supply
10,Japanese central bank doubles money supply in fresh bid to spur inflation  Business  The Guardian
11,Federal Reserve Bank of San Francisco  Research Economic Research Monetary Policy Money John Williams Inflation Monetary Theory
12,    Chinas Monetary Supply Has DOUBLED Since The Financial Crisis  Business Insidern
13,Americas reckless moneyprinting could put the world back into crisis    Telegraph
14,Why the US Dollar Constantly Loses Value  theTrumpetcom
15,Institute for New Economic Thinking
16,The Fedxe2x8x99s ObamaEra Hangover  WSJ
17,Why Didnt Quantitative Easing Lead to Hyperinflation
18,Inflation Isnt Inevitable
19,M2 Money Stock  FRED  St Louis Fed
20,St Louis Adjusted Monetary Base  FRED  St Louis Fed
21,A Monetary Theory of Everything xe2x8x9cPrintingxe2x8x9d New Money and Egyptxe2x8x99s Economic Ills  The Tahrir Institute for Middle East Policy
22,This tech stock has doubled this year
23,Apple doubles 1 renewable energy commited suppliers  9to5Mac
