,searched
0,Senate Leadership Fund launches 6 million ad buy across six battleground states  NBC News
1,Larry J Sabatos Crystal Ball   View All Races
2,Williams Campaign Reports Strong Fundraising Numbers  MTPR
3,RealClearPolitics  Politics Nation
4,Barack Obama 28 presidential primary campaign  Wikipedia
5,Horton  home
6,Briefings  The Economist
7,Updated NH Primary Source Ayotte outraises Hassan by 6K returns 2K to disgraced excongressman 
8,Mayor Marty Walsh Has 4 Times More Campaign Cash Than Challenger Tito Jackson
9,The 11th Rule For Car Buying Everyone Must Follow
10,   Lizzie FLetcher  Off the Kuff
