,searched
0,House Session  CSPANorg
1,House Session  CSPANorg
2,House Session  CSPANorg
3,Antiabortion congressman from Tennessee pressured mistress  a former patient  to have an abortion and arranged for his thenwife to have two more  Daily Mail Online
4,ScottDesJarlaisCongressmanDesJarlaisCityCafeMurfreesboroTennesseeTNMurfreesboronewsWGNS  Murfreesboro News and Radio
5,Republican Scott DesJarlais says God forgives him  Daily Mail Online
6,BETA  House FloorCast
7,Tea Party Patriots  Congress Too much vacation and too little work
8,George HW Bush Tennesseans remember former president as gentleman
9,March  217  History Musings
10,Nashville Public Radio  NPR News and Classical Music
11,Home  American College of Emergency Physicians CapitolConnect
12,Homelessness in the United States The United States government determined that somewhere between 2 and 5 Americans were then homeless  Heinz  Duthel  Academiaedu
13,Right Now  Tom Coburn MD United States Senator from Oklahoma
14,Sunny Side of Slavery A Manifesto
15,WOA  nt   Funding Politics Policies t
16,Full text of Winchester Star January 7 1965  March 25 1965
