,searched
0,n                Which xe2x8x98La Razaxe2x8x99 Trump comments cause confusion over groups role  Reuters
1,Lawyers Group Not ProMexican  FactCheckorg
2,Trump on Mexican Judge We Have To Stop Being So Politically Correct In This Country  Video  RealClearPolitics
3,Shithole and other racist things Trump has said xe2x8x94 so far  Los Angeles Times
4,Donald Trump Judge Gonzalo Curiel And La Raza
5,Trump Muslim judge might not be fair to me either  POLITICO
6,Trump hails Mexico wall legal victory though not the judge he once berated  CBC News
7,Gonzalo Curiel  Ballotpedia
8,Trump Questions Neutrality Of Muslim And MexicanAmerican Judges  NPR
9,Donald Trump xe2x8x98Itxe2x8x99s Possiblexe2x8x99 Muslim Judge Would Be Biased  Time
10,Donald Trump Its possible a Muslim judge would be biased  MSNBC
11,Donald Trump Is Afraid of Muslim Judges Too
12,Trump says Muslim judges might be unfair to him too
13,    n            Trumps judge defense I am friends with and employ Mexicans  CBS Newsn    
14,Trump judge a Hoosier and an American
15,Could a Muslim Judge Be Neutral to Donald Trump He Doesnxe2x8x99t Think So  The New York Times
16,Trump and the Truth The xe2x8x9cMexicanxe2x8x9d Judge  The New Yorker
17,Trump says Muslim judge might also treat him unfairly  The Times of Israel
18,Dems GOP silence on Trump attacks deafening
19,Judge Curiel sides with Trump on border wall ruling But whoa do these two have a history  The San Diego UnionTribune
20,Donald Trump faces backlash over comments about judge in Trump University lawsuit  abc7newscom
21,Judge in Trump University Case Tied to Radical La Raza Organization
22,Trumps new feud troubles GOP  City
23,To No Ones Surprise Donald Trump Doesnt Like MuslimAmerican Judges Either
24,Republican critics line up against Trump for comments about Latino judge  La Jolla Light
