,searched
0,Remarks by Vice President Pence at the Indiana Society of Washington DCs Tribute to a Hoosier Vice President and Second Lady  The White House
1,Pences Indiana record more complicated than campaign claims
2,Pences Indiana record more complicated than campaign claims  PBS NewsHour
3,Vice President of the United States  US Embassy in Paraguay
4,January 219 Presidentxe2x8x99s Update News  Updates Office of the President Indiana University
5,Donald Trump on Gov Mike Pence as VP Who the hell knows
6,Indiana Is Weird  FiveThirtyEight
7,Hoosiers The Story of Indiana
8,Pence touts Indiana economy in VP pitches  216813  Indianapolis Business Journal  IBJcom
9,Factchecking the second day of the 216 Republican National Convention  The Washington Post
10,Governor Eric J Holcomb 217 State of the State Address
11,Gov Mike Pence delivers farewell message to Hoosiers  News Now Warsaw
12,Walmart Selects Indiana for New Milk Processing Plant 2 Hoosier Jobs
13,rntFamous Hoosiers  Visit Indianarn
14,Eric Holcomb sworn in as Indianas 51st governor  Political News  13 WTHR Indianapolis
15,SATELLITE 219 The Business of Meaningful Connections
16,Bob Knight  Wikipedia
17,Governor Pence Announces State Receives Full Reimbursement of Incentives Issued to Carrier  XRB Radio
18,Indiana University Bloomington
19,EWBryant  Page 6  Feeding Indianas Hungry
20,Bob Heaton  State of Indiana House of Representatives
