,searched
0,If Trump helps steel mills other Ohio companies say theyll be hurt
1,n            Political TV Ad Archive   PolAdRobPortmanra4rr        
2,If Trump helps steel mills other Ohio companies say theyll be hurt  clevelandcom
3,216 Political Ad by Strickland for Senate  Strickland for Senate  Free Download Borrow and Streaming  Internet Archive
4,Ad watch Union spot distorts Sen Rob Portmans record on outsourcing
5,Hatch IP Lighthizer  CSPANorg
6,The Daily 22 How Rob Portman pulled away in Ohio  The Washington Post
7,china  US China Trade War Blog
8,securities  US China Trade War Blog
9,United States  The Economist
10,Ignoring Donald Trump Republican Senators Orbit Their Own Worlds  The New York Times
11,GOP antiTPP letter fails to draw a crowd  POLITICO
12,Alabama Steelworkers Fight for Their Jobs Threatened By Korea Trade Ruling
13,United States Senate election in Ohio 218  Ballotpedia
14,Father builds guillotine and chops off own hand in bid to end years of agony  Daily Mail Online
15,CNNcom  Transcripts
16,Wanna Be Veep Okay but This Is Going to Hurt  GQ
17,Senator Portman On Why The New Tax Bill Helps The Middle Class  Hoover Institution
