,searched
0,Bridge to Nowhere  FactCheckorg
1,About George Allen  GeorgeAllencom
2,Gravina Island Bridge  Wikipedia
3,The Real Obama Part IV  RealClearPolitics
4,These 12 GOP senators voted against Trumps national emergency declaration  CNNPolitics
5,Senate Republicans see national emergency vote as onetime break with Trump  Vox
6,    12 GOP senators voted against Trumps border wall national emergency  Business Insidern
7,An interrupted dinner followed by a rebuke How GOP senators failed to stop the emergency resolution vote  CNNPolitics
8,Implications of Todays Senate Vote Against Trumps Border Wall Emergency Declaration  Reasoncom
9,The 1 Most Outrageous Government Boondoggles I Ever Saw  POLITICO Magazine
10,Cole A misused majority  The Journal Record
11,Nashville Public Radio  NPR News and Classical Music
12,Godxe2x8x99s Plan for Mike Pence  The Atlantic
13,The Most Wanted Woman in New Hampshire  Politics  Power  OZY
14,News
15,Editorial Not above the law  Other Views  postbulletincom
16,Is the Intellectual Dark Web Politically Diverse  Quillette
17,Jake Offenhartz archives  Gothamist
18,AP FACT CHECK Trump teams distortions on Mueller report  ABC News
19,32517 More Outdoors
20,Gates of Vienna News Feed 416219  Gates of Vienna
