,searched
0,Independent voters will decide Arizonas historic female Senate race
1,Independent politician  Wikipedia
2,Petition signature requirements for independent US Senate candidates 218  Ballotpedia
3,Time To Vote 218 Here Are Vermonts Candidates For US Senate  Vermont Public Radio
4,Never Say Die Senate Candidates Don Blankenship Lost His Primary But Plans To Run In November Anyway  Rasmussen Reports
5,Whoxe2x8x99s Running for President in 22  The New York Times
6,FEC  Candidate  House and Senate candidate registration
7,Mississippi Senate race Cindy HydeSmith faces Mike Espy in runoff
8,Independent candidate will be on Missouri US Senate ballot in November  Missourinet
9,Candidate information  Australian Electoral Commission
10,Larry J Sabatos Crystal Ball   The Low Success Rate of Independent and ThirdParty Candidates in Senate Elections
11,Uncalled Senate House and governors races to watch in midterms 218  The Washington Post
12,Running for Office  New York State Board of Elections
13,Bernie Sanders announces run for presidency in 22 Were gonna win  US news  The Guardian
14,Independent women a key in outcome of Montana Senate race  The SpokesmanReview
15,US Senate The Senate and the United States Constitution
16,US midterm elections 218 Can we tell yet who has the edge  BBC News
17,US Senate approves bill to keep government running into 219  Independentie
18,The Senate represents states not people Thatxe2x8x99s the problem The Supreme Court confirmation of Brett Kavanaugh spurred a lively discussion about institutional design  Vox
19,Sanders to run as a Democrat  but not accept nomination  POLITICO
20,Candidates  Elections  Vermont Secretary of State
21,rnIndependent Neal Simon Running for US Senate  Montgomery Community Media
22,Two challengers try to shake up Marylands US Senate race as Democrat Ben Cardin seeks his third term  Baltimore Sun
23,Democrat Kyrsten Sinema Wins Arizona Senate Race Flipping Second GOP Seat  NPR
24,Can an Independent Win a Presidential Election  Observer
