,searched
0,The Battle for Energy Dominance
1,Energy in Russia  Wikipedia
2,Fossil Fuels  Our World in Data
3,OPEC  Saudi Arabia
4,America unseats Russia Saudi Arabia as No 1 oil producer 
5,Empires before World War I video nKhan Academy
6,Russian Energy Week International Forum xe2x8xa2 President ofxc2xaRussia
7,Where Does America Get Oil You May Be Surprised  NPR
8,US Set To Pump More Oil Than Russia And Saudis Combined  Watts Up With That
9,USSaudi Arabia Relations  Council on Foreign Relations
10,United States remains largest producer of petroleum and natural gas hydrocarbons  Today in Energy  US Energy Information Administration EIA
11,What countries are the top producers and consumers of oil  FAQ  US Energy Information Administration EIA
12,Russia  International  Analysis  US Energy Information Administration EIA
13,The Worlds Top Oil Producers of 217
14,1 Countries With The Most Natural Resources
15,US Fracking Is About to Transform the Global Energy Market  Time
16,Crude oil facts  Natural Resources Canada
17,rntWorld Energy Needs and Nuclear Power  Energy Needs  Nuclear Energy meeting Energy Needs  World Nuclear Associationrn
18,Digital in 217 Global Overview  We Are Social
19,OPEC nations are reportedly trying to extend cooperation with Russia
20,The US Is the Biggest Carbon Polluter in History It Just Walked Away From the Paris Climate Deal  The New York Times
21,Australian Energy Resources Assessment AERA
22,Top Energy Producers and Consumers 26
23,The Worldxe2x8x99s Largest Oil Reserves By Country  WorldAtlascom
