,searched
0,Wealth inequality in the United States  Wikipedia
1,Richest 1 own half the worlds wealth study finds  Inequality  The Guardian
2,Nationxe2x8x99s top 1 percent now have greater wealth than the bottom 9 percent  The Seattle Times
3,Richest 1 now owns half the worlds wealth
4,Part IV  World Inequality Report 218
5,Oxfam says wealth of richest 1 equal to other 99  BBC News
6,Herexe2x8x99s How Much Americaxe2x8x99s Rising Income Inequality Is Costing Social Security  Center for American Progress
7,The 85 Richest People In The World Have As Much Wealth As The 35 Billion Poorest
8,Are You in the Top One Percent of the World
9,Top 1 Paid More in Federal Income Taxes Than Bottom 95 in 7  The New York Times
10,Top 2 of Americans Will Pay 87 of Income Tax  WSJ
11,An Embarrassment Of Riches  The Sun Magazine
12,n          Summary of the Latest Federal Income Tax Data 218 Updaten      
13,Who Rules America Wealth Income and Power
14,Issue Clash Should wealthy Americans be taxed to pay for health care reform  NOW on PBS
15,Michael Moore Capitalism has proven its failed  CNNcom
