,searched
0,Earmark politics  Wikipedia
1,Lifting the Earmark Moratorium Frequently Asked Questions  EveryCRSReportcom
2,Lifting the Earmark Moratorium Frequently Asked Questions  EveryCRSReportcom
3,Lifting the Earmark Moratorium Frequently Asked Questions  EveryCRSReportcom
4,Lifting the Earmark Moratorium Frequently Asked Questions  EveryCRSReportcom
5,Just What Earmark xe2x8x9cMoratoriumxe2x8x9d Are They Talking About
6,Earmark politics  Wikipedia
7,Earmark politics  Wikipedia
8,Earmark politics  Wikipedia
9,Earmark politics  Wikipedia
10,The case for xe2x8x94 and against xe2x8x94 earmarks  Vox
11,   Keep the Ban on Earmarks   The Ripon Society
12,House GOP mulls lifting a ban on earmarks  POLITICO
13,Earmark Moratorium Backlash  Citizens Against Government Waste
14, Congressional Earmarks Could Soon Return Will You Be Ready   Stay Informed  KL Gates
15,The bipartisan movement to bring back earmarks in Congress  PBS NewsHour
16,The Congressional Earmark Ban the Real Bridge to Nowhere  Commentary
17,A return to earmarks could grease the wheels in Congress
18,Taxpayer Groups Donxe2x8x99t End The Earmark Moratorium  Taxpayers for Common Sense
19,House GOP To Debate Bringing Earmarks Back  NPR
20,The case for restoring earmarks  The Washington Post
21,Trump just praised earmarks Heres what the fuss is about  The Washington Post
22,Yes Congress is broken But earmarks will only make it worse  The Washington Post
23,FreedomWorks Statement in Response to Both Chambers of Congress Continuing the Ban on Earmarks  FreedomWorks
