,searched
0,Statement from FDA Commissioner Scott Gottlieb MD on effort to help bolster US shellfish market by taking mutually beneficial steps to resume shellfish trade with the EU
1,Remarks by the President at ExportImport Bank Bill Signing  whitehousegov
2,Competing Globally  The White House
3,Business Roundtable
4,News  Albright Stonebridge Group
5,rntExcerpts NAM 218 State of Manufacturing Address  NAMrn
6,The vital role of foreign assistance  POLITICO
7,Beyond Our Shores Dolphinfish Fisheries Citizen Science  
8,Obamaxe2x8x99s 215 State of the Union Address  US Embassy in Norway
9,Help with Exporting  North Coast
10,Untie farmersxe2x8x99 hands and open world markets
11,Top Ten Issues Facing the National Parks  National Geographic
12,Remarks By The President At University Of California At San Diego Commencement 
13,Transcript Obamaxe2x8x99s State of the Union address 215  The Washington Post
14,n          47 Incredible Instagram Statistics you Need to Know  Brandwatch      
15,Ripple Effects Population and Coastal Regions  Population Reference Bureau
16,rntrntServing the world from our shoresrn  Library and Archives Canadarn
17,HRC scores Vermont companiesxe2x8x99 LGBTQinclusive workplace policies  Vermont Business Magazine
18,Willamette Still West Coasts Wine Sweetheart  WineSearcher News  Features
19,Why US banks hid billions in derivatives trades from the CFTC
20,The 1 states that run on nuclear power  NBC News
