,searched
0,Tracking Congress In The Age Of Trump  FiveThirtyEight
1,A QA With The House Democrat Whoxe2x8x99s Voted With Trump 75 Percent Of The Time  FiveThirtyEight
2,Nancy Pelosi Henry Cuellar news conference in Laredo  YouTube
3,Rep Cuellar Warns Trumps Use of Defense Funds on Border Wall Could Jeopardize Projects at San Antonio Bases  The Daily
4,Key votes 115th Congress 217218  Ballotpedia
5,John Ratcliffe American politician  Wikipedia
6,John Culberson  Ballotpedia
7,Previous Coverage  FedNet
8,US Congress  KUT 
9,House Session  CSPANorg
10,Heritage Action For America
11,Best to Worst  Vote Climate US PAC
12,fakenewstestcsv at master xc2xb7 rampkitsfakenews xc2xb7 GitHub
13,Fast Track  Eyes on Trade
14,Larry J Sabatos Crystal Ball
15,Legislative Update 722214  Federation for American Immigration Reform
16,PointOfLaw Forum March 21 Archives
