,searched
0,Shelley Moore Capito quote The presidents come out with rules that say no new
1,Both Trump and Obama give utilities little certainty on carbon rules
2,EPA Rolls Back Carbon Rule for New Coal Plants
3,EPA sees no new coal plants from its CO2 rule but it could still help industry  SP Global Market Intelligence
4,EPA to ease carbon emissions rules for new coalfired power plants
5,The Tennessee Valley Authority votes to close Kentucky coal plant  NPR
6,EPA Is Set to Roll Back Restrictions on CoalBurning Power Plants  WSJ
7,EPA to replace Obama coalplant rule xc2xaAxios
8,Trump Power Industry Analysts Say New Rule Will Not Fuel Coal Comeback  WKMS
9,Chemical contamination from 7 Colorado coalfired power plants found during groundwater monitoring  The Colorado Sun
10,New EPA Plan Could Free Coal Plants to Release More Mercury Into the Air  The New York Times
11,Obamaxe2x8x99s Climate Plan Will Limit Emissions from Power Plants and Heavy Trucks  Scientific American
12,EPAs Power Plant Regulations  Global Energy Institute
13,Coal Comeback Coal At New Low After Two Years Under Trump  West Virginia Public Broadcasting
14,Obamas EPA Trying to Kill Coal  Raise Your Electric Bill  Congressman John Shimkus
15,Bloomberg  Are you a robot
16,EPA chief tells Grist what coal will have to do to survive in a xe2x8x9ccarbonconstrainedxe2x8x9d future  Grist
17,President Obamas Alleged War On Coal  Climate Change Edition
18,More coalfired power plants have closed under Trump than in Obamas first term  HartfordBusinesscom
19,Trump calls to save coal plant supplied by major supporter  POLITICO
20,More coal plants have closed under Trump than in Obamas last term  CNNPolitics
21,Liberals attack Queensland Nationals push for coalfired power stations  Australia news  The Guardian
22,One Key Question on Obamas Push Against Climate Change Will It Matter
23,Is There a War On Coal
