,searched
0,Fallen officers 219 All the law enforcement officers shot to death in the line of duty in the US this year  CNN
1,Number of officers killed hits 2ndlowest in more than 5 years
2,Officers killed in the line of duty in 218  Fox News
3,The Man Who Shot Michael Brown  The New Yorker
4,Factcheckers look at Trump Clinton and who started the
5, Victims of Illegal Aliens Memorial
6,5 Years After the Moynihan Report Examining the Black Family in the Age of Mass Incarceration  The Atlantic
7,Mail On Sunday  Daily Mail Online
8,Top Stories  WNYTcom
9,Opposition Violence and Government Abuses in the 214 Pre and Post Election Period in Bangladesh  HRW
10,Aileen Carol Wuornos 85rn
11,Bosch Eleanorxe2x8x99s Big Scene and Season 5  IndieWire
12,Frank Castle Earth616  Marvel Database  FANDOM powered by Wikia
13,Los Angeles News Local News Politics Sports Tech Breaking News  NBC Southern California
14,Chapter 18B
15,Michigan Local News Breaking News Sports  Weather  mlivecom
16,Welcome to Curry County OR
17,Barack Obama  Wikiquote
18,New IRA apologises as it admits responsibility for murder of Lyra McKee in Londonderry
19,David Brion Davis Pulitzerwinning historian who reshaped study of slavery dies at 92  The Washington Post
