,searched
0,rntPolitiFact Does Clinton support open bordersrn
1,How the Democrats Lost Their Way on Immigration  The Atlantic
2,Leftwing Critics of Mass Immigration Have a Weak Point
3,Could an open borders ever exist anywhere and benefit its citizens  Quora
4,Does Hillary Clinton want open borders  Quora
5,Full transcript Hillary Clinton and Donald Trumpxe2x8x99s final presidential debate  Vox
6,Hillary doesnt lie according to Hillary How the factcheckers blew open borders
7,Trump Nation  USA TODAY
8,Fact Check  Analysis Of Third 216 Presidential Debate With Hillary Clinton And Donald Trump  NPR
9,Transcript Donald Trumps full immigration speech annotated  Los Angeles Times
10,Donald Trump  Wikiquote
11,Transcript of the Second Debate  The New York Times
12,No Democrats Donxe2x8x99t Want xe2x8x98Open Bordersxe2x8x99  The New York Times
13,Trump State of the Union 219 Live factcheck  transcript
14,Inside Californiaxe2x8x99s War on Trump  The New Yorker
15,SelfAwareness  Carole Gold
16,Political positions of Bernie Sanders  Wikipedia
17,Yes Donald Trump is grotesque But I will never vote for Hillary Clinton  The Spectator Australia
18,Why Your Reaction To The Election May Say More About You Than The Election
19,Discover the Networks  Hillary Rodham Clinton
20,5 Ways to Turn a Liberal Into a Conservative At Least Until the Hangover Sets In  The Crux
21,Astroturf Outrage Machine of Paid Trolls Floods Social Media to Counteract Negative News About Hillary Clinton  The Stream
