,searched
0,Should Schools Close on Cold Days  Chicago News  WTTW
1,Schools Closed For Cold Or Snow Never In Anchorage Alaska  CBS Chicago
2,Obama amazed that schools close due to ice  Weather  NBC News
3,Is Cold Weather a Good Reason to Cancel School  Plainfield IL Patch
4,Chicago Public Schools some suburban schools closed Thursday because of cold  Chicago Tribune
5,When is it too cold for school  The Washington Post
6,Some ChicagoArea School Activities Canceled Ahead of Ice Storm Warning   NBC Chicago
7,rn  Chicagoxe2x8x99s Been Canceling School Due to Extreme Cold For Decades Updated rn  Chicago magazinern       Politics  City Life January 215rn    
8, How Often the Countrys Largest Districts Have Snow Days  The Atlantic 
9, Map How Much Snow It Typically Takes to Cancel School in the US  The Atlantic 
10,Heres everything closing during Chicagos dangerous cold snap
11,Chicago Weather Polar vortex brings brutal cold CPS cancels school Wednesday  abc7chicagocom
12,Chicago weather Hundreds of schools closed due to frigid temperatures  abc7chicagocom
13,Obama girls cant believe school canceled     POLITICOcom
14,    Polar vortex in US Authorities warn of frostbite within 5 minutes  INSIDERn
15,Weather today Winter storm brings warnings snow ice cancels school
16,Extreme Weather Policies
17,75 of the US population will suffer belowfreezing temps this week  CNN
18,Cold Weather Tips From Chicagoans Who Really Know What Theyxe2x8x99re Talking About  The New York Times
19,Winter Weather Cancellations  Jan 2931 219  WGLT
20,    n            Winter storm today Snow rain hits Northeast flight cancellations and delays power outages  latest weather forecasts live updates  CBS Newsn    
21,Midwest Freeze Cancels Flights Even Stops the Mail   NBC Connecticut
22,Polar blast envelops Midwest strains aging infrastructure
23,Obama Chuckles At DC Snow Day  NPR
24,Deep freeze grips Upper Midwest more bitter cold to come
25,SnowCold Weather Closing FAQs  Huntley Community School District 158
26,On a Snow Day Obama Disses DC Recommends Flinty Chicago Toughness
