,searched
0,As Debt Rises the Government Will Soon Spend More on Interest Than on the Military  The New York Times
1,Government set to borrow nearly 1 trillion this year an 84 percent jump from last year  Chicago Tribune
2,Bloomberg  Are you a robot
3,Bloomberg  Are you a robot
4,    n            Debt ceiling Understanding whats at stake  CBS Newsn    
5,    n            Government Spending Per Minute 685 Million  CBS Newsn    
6,Trudeau has thrown sound economic policy out the window  
7,National Debt  Just Facts
8, The Long Story of US Debt From 179 to 211 in 1 Little Chart  The Atlantic 
9,The National Debt Explained
10,China hits back at Trump with tariffs on 6bn of US goods  BBC News
11,Forest Service Wildland Fire Suppression Costs Exceed 2 Billion  USDA
12,Scott Morrison to lift credit limit as Australias debt hurtles towards 5 billion
13,The Fed  Consumer Credit    G19
14,Bankruptcy of Lehman Brothers  Wikipedia
15,Bloomberg  Are you a robot
16,DC has a problem it never expected Too much money  The Washington Post
17,nttHow crushing is Ontarioxe2x8x99s 312 billion debt It would take Drake 2 years to pay it off  National Posttt
18,Facing forex crisis Pakistan borrows 1 billion from Chinese banks
19,Fact Sheet Focusing Higher Education on Student Success  US Department of Education
20,The Cashless Society Has Arrivedxe2x8x94 Only Itxe2x8x99s in China  WSJ
21,Tolls vs redirecting bond funds Competing plans or natural pairing  Connecticut Post
22,President Obama The Biggest Government Spender In World History
23,Special Reports  Do The Math  Why The Illegal Business Is Thriving  Drug Wars  FRONTLINE  PBS
24,Canadas Corporations pay less tax than you think  Toronto Star
