,searched
0,Election Dates for 22  Division of Elections  Florida Department of State 
1,Frontloading HQ The 22 Presidential Primary Calendar
2,Floridas Move Means Primaries Start Earlier  Its All Politics  NPR
3,Clerk Changing 22 presidential primary date would be chaos and Floridalike  WISC
4,Republican Party primaries in Florida 218  Ballotpedia
5,Republican Party primaries in Florida 218  Ballotpedia
6,Republican Party primaries in Florida 218  Ballotpedia
7,Republican Party primaries in Florida 218  Ballotpedia
8,Republican Party primaries in Florida 218  Ballotpedia
9,Florida elections 219  Ballotpedia
10,    Californias new presidential primary date could decide 22 for Democrats  Business Insidern
11,Forget about Floridaxe2x8xa6 What about the Michigan primary  Michigan Radio
12,Seeking an Edge Florida Changes Its Primary Date  The New York Times
13,RNC Hands Down Punishments To Florida For Early Primary Date Starting Domino Effect  CBS Tampa
14, PolitiJax Presidential primary group to weigh early date  News  The Florida TimesUnion  Jacksonville FL
15,Florida kicks off early voting in presidential primary
16,212 Florida Republican primary  Wikipedia
17,Frontloading HQ The 216 Presidential Primary Calendar
18,Florida Primary Results
19,States Weigh Later Dates for 212 Presidential Primaries  The Pew Charitable Trusts
20,Why California leapfrogged the 22 primary schedule  CNNPolitics
21,rntElection Dates  Deadlinesrn
22,Florida presidential primary ballots include many candidates who are no longer running  Sun Sentinel
23,Florida Presidential Primary Important Dates   NBC 6 South Florida
24,Polls Open For Early Voting In Florida Presidential Primary  WUSF News
25,Politics1  US Election Calendar
26, Florida presidential primary moved up to Jan 31  News  The St Augustine Record  St Augustine FL
27,Florida moving presidential primary to Jan 31  Orlando Sentinel
