,searched
0,Americas Greenest States
1,Greenest Cities in America  Architectural Digest
2,2 of the greenest cities in the nation  Expedia
3,Americaxe2x8x99s xe2x8x9cGreenestxe2x8x9d Cities Six Out of the Top 1 Are in California  California City News
4,Americas Top 5 Green Cities  Popular Science
5,The Greenest Place in the US May Not Be Where You Think  Yale E36
6,Creating the Greenest County
7,Creating the Greenest County   Suffolk County Council
8,On list of xe2x8x98Greenest Cities in Americaxe2x8x99 Atlanta doesnxe2x8x99t exactly impress   Curbed Atlanta
9,Irvine is the Greenest Big City in Orange County Based on National Rankings  OC Weekly
10,Top 1 Greenest Cities
11,California Claims 6 of the Nations Top 1 Environmentally Friendly Cities in 218  California Real Estate Blog
12,Americaxe2x8x99s Greenest Cities  Travel  Leisure
13,News  Events  Sustainability  Alameda County
14,Suffolk Greenest County Awards 215  winners announced  Adnams
15,Americas Greenest Wine Region Mendocino County CA  YouTube
16,How corporate cash corrupted one of the greenest states in America  Polluted by Money  YouTube
17,The unhealthiest county in each US state
18,n    City of Chicago  City Unveils xe2x8x9cGreenest Street in Americaxe2x8x9d in Pilsen Neighborhoodn
19,What is the greenest country in the world  Atlas  Boots
20,The 1 Most Beautiful Counties in Utah
21,San Diego tops the list of the greenest cities in America  Earthcom
22,Which US City Is the Greenest It Depends on Whom You Ask  Scientific American
