,searched
0,Synthetic cannabis having a devastating impact in UK prisons  Society  The Guardian
1,Why Be a Zombiexe2x8x94Spice and Health Risks
2,ADF  Drug Facts  Synthetic Cannabis
3,Synthetic Cannabinoids  IDPH
4,Is Pot Dangerous  The Marshall Project
5,News  Institute for Behavior and Health
6,Synthetic dope now illegal in Georgia  MadisonJournalTODAY
7,New bill outlaws all synthetic pot affects proposed BOE recommendation  Barrow Journal
8,To the Maximus Blog  Fighting Fake Weed
9,Synthetic Drugs Overview and Issues for Congress  EveryCRSReportcom
10,CNT Reacts to GA Bill Outlawing All Forms of Synthetic Marijuana
11,    n            Synthetic pot or fake weed like K2 and Spice much riskier than marijuana CDC study finds  CBS Newsn    
12,National Drug Prevention Alliance  PPP  Effects of Drugs
13,Four Decades and Counting The Continued Failure of the War on Drugs  Cato Institute
