,searched
0,rntDid Democratic recall candidate Sandy Pasch challenger to GOP Sen Alberta Darling vote to cut 3 million from educationrn
1,Front Groups Dive Into Wisconsin Recall Elections
2,Report Ads Saying Pasch Voted for State Aid Cuts for Schools Are True  Shorewood WI Patch
3,Front Groups Dive Into Wisconsin Recall Elections  PR Watch
4,211 Wisconsin protests  Wikipedia
5,governor scott walker  Dispatches from Fitzwalkerstan
6,TheWheelerReport  Archives
7,TheWheelerReport  Archives
8,Patrick DePula  Dispatches from Fitzwalkerstan
9,Wisconsin Union  Dispatches from Fitzwalkerstan
10,wisconsin recalls  blue cheddar
11,Cognitive Dissidence July 211
12,General  Wisconsin Wave
13,The Watering Hole Wednesday August 1 211 Hump Day Wisconsin Votes to Reaffirm its Committment to Destroying Unions  TheZoo
14,Daily Kos Progressive Hippie
15,FakeNewsDetectiontestcsv at master xc2xb7 nishitpatel1FakeNewsDetection xc2xb7 GitHub
16,STOP PLUTO  Fighting Plutocrats and Corporate Tyranny
17,Janesville  Rock County July 211
18,TCA 11118 by Tuscola County Advertiser  Issuu
