,searched
0,US Risks Roiling Oil Markets in Trying to Tighten Sanctions  The New York Times
1,Trump administration slaps sanctions on Iranian energy banking
2,US Sanctions on Russia Congress Should Go Back to Fundamentals  Carnegie Endowment for International Peace
3,Remarks by President Trump on Iran Strategy  The White House
4, Why Republicans Are So Mad About Obamas Nuclear Deal With Iran  The Atlantic 
5,Negotiations leading to the Joint Comprehensive Plan of Action  Wikipedia
6,Iranxe2x8x93United States relations  Wikipedia
7,Joint Comprehensive Plan of Action  Wikipedia
8,After the Deal A New Iran Strategy
9,The Unconstrained Presidency Checks and Balances Eroded Long Before Trump  Council on Foreign Relations
10,George H W Bush Foreign Affairs  Miller Center
11,Why Its Hard to Take Democrats Seriously on Russia  POLITICO Magazine
12,Congressman Eliot Engel  Latest News 
13,Barack Obama  Wikiquote
14,A History of President Obamaxe2x8x99s 8 Years in Office
15,How An Oil Boom in West Texas Is Reshaping the World  Time
16,Party Platform  Democrats
17,Trump Putin and the New Cold War  The New Yorker
18,Hardball with Chris Matthews for Feb 2  msnbc  About MSNBC TV  MSNBC Transcripts  NBC News
19,Feb 21 Petraeus Pawlenty roundtable  Meet the Press  NBC News
20,How Obamas Libya Intervention Ended in Failure  Foreign Affairs
21,Bloomberg  Are you a robot
22,Mullers report may be a great political weapon for both RNC and DNC to fight the 22 US election and raised more questions than answers
