,searched
0,Police in Texas shot 159 people over the past year as Houston led all cities in shootings by far  HoustonChroniclecom
1,216 shooting of Dallas police officers  Wikipedia
2,Five Dallas Officers Were Killed as Payback Police Chief Says  The New York Times
3,5 Officers Killed in Sniper Attack at Dallas Protest Over Police Shootings
4,Sniper Ambush Kills 5 Officers Injures 7 in Dallas Following Peaceful Protest   NBC 5 DallasFort Worth
5,Four years in a row police nationwide fatally shoot nearly 1 people  The Washington Post
6,n                Dallas sniper plotted bigger assault taunted officers police chief  Reuters
7,Dallas Police Department leads the way in deescalation  The Boston Globe
8, How the Dallas Police Department Under David Brown Became a Model For Reform  The Atlantic 
9,Get data on nonfatal and fatal police shootings in the 5 largest US police departments xe2x8x93 VICE News
10,Number Of Police Officers Killed By Firearms Rose In 216 Study Finds  The TwoWay  NPR
11,Dallas sniper attack 5 officers killed suspect IDd  CNN
12,Killing of Dallas gunman Micah Johnson citys first policerelated death this year  US news  The Guardian
13,Number of officers killed hits 2ndlowest in more than 5 years
14,Violent Crime Is On the Rise in US Cities  Time
15,US police shootings How many die each year  BBC News
16,These Cities Claim Zero Hate Crimes But Police Reports Show Otherwise
17,Dallas Police Shooting Kills Botham Jean Everything to Know
18,City Lawsuit Costs Report
19,Most states neglect ordering police to learn deescalation tactics to avoid shootings  Not Trained to Not Kill  APM Reports
20,Police killed more than 1 unarmed black people in 215  Mapping Police Violence
21,Why 218 could be an especially deadly year for cops  ABC News
22,Minority underrepresentation in city and suburban policing
23,Fatal Shootings By Chicago Police Tops Among Biggest US Cities  Better Government Association
