,searched
0,Voter Registration Elections and Voting FAQ  Rock the Vote
1,Frequently Asked Questions  California Secretary of State
2,Heres what Donald Trump thinks about voting  MSNBC
3,Your needtoknow guide for MN primary day Yes you can take a selfie  MPR News
4,Voter registration in the United States  Wikipedia
5,Automatic Voter Registration and Modernization in the States  Brennan Center for Justice
6,FAQs  Page 2  Election Commission of India
7,rntrntFrequently Asked Questionsrnrn
8,Texas Voting
9,Register to Vote  Cook County Clerks Office
10,Election Day Voting  Division of Elections  Florida Department of State 
11,Register to Vote  Tennessee Secretary of State
12,rntDistrict of Columbia Board of Elections  Voter Registrationrn
13,7 specific ways states made it harder for Americans to vote in 216  Vox
14,Firstxc2xaTimexc2xaVoterxc2xaGuidexc2xaElectionxc2xaRightsxc2xaRulesxc2xaxc2xaRegulations
15,Voting in New Jersey  Ballotpedia
16,Elections Voter Registration Information
17,FAQs  Board of Elections  Clermont County Ohio
18,Do I need a California ID to vote Where is my Polling Place  The SDFP Quick and Easy Guide to Election Day
19,Voter Registration Guide  Indivisible
20,Your Guide to Standing Up for Voting Rights  Let America Vote
