,searched
0,President Obama Announces Historic 545 mpg Fuel Efficiency Standard  whitehousegov
1,Obama to propose 1abarrel oil tax
2,You are being redirected
3,The Energy 22 Democrats ding Trump on gas prices just as Trump once did to Obama  The Washington Post
4,Building on President Obamaxe2x8x99s Clean Energy Successes  Center for American Progress
5,Environmental Economics Gas Tax
6,Economic policy of the Barack Obama administration  Wikipedia
7,ntOurEnergyPolicyorg    Obamaxe2x8x99s EPA to Cost Americans Billions of Dollars and Hundreds of Thousands of Jobs
8,Scott Pruittxe2x8x99s Dirty Politics  The New Yorker
9,Energy Exchange  Environmental Defense Fund
10,Why Arent Liberals Celebrating Higher Gas Prices Its What They Want  Reasoncom
11,National Corn Growers Association  News Stories
12, How the Carmakers Trumped Themselves  The Atlantic 
13,NPR Details on Obamas Budget
14,Trending on Earth  Autumn Spanne
15,Whats New List Serve Post Display
16,The Environment Is Also on the November Ballot  Sierra Club
17,US Oil Dependence CQR
18,Here Are the Races to Watch if You Care About Global Warming  Mother Jones
19,The most important science policy issue in every state  Popular Science
20,Obama says carbon pollution caps will protect health of vulnerable xe2x8x93xc2xaas it happened  Environment  The Guardian
21,EPA Takes a Major Step to Roll Back Clean Car Rules  The New York Times
22,You are being redirected
