,searched
0,Officers Say No StandDown Order for Benghazi  Militarycom
1,FACT CHECK The First Night Of The Republican National Convention   NPR
2,    New Book Claims Benghazi Stand Down Order  Business Insidern
3,Benghazi movie reignites standdown order debate  POLITICO
4,Benghazi Stand Down Denials Dont Stand Up To Reason
5,Benghazi Terror Attack CIA Operatives Told Twice to Stand Down During Fight Plot Thickens
6,Former CIA contractor speaks out about Benghazi attack in San Rafael  abc7newscom
7,FACT CHECK Attack on the US Diplomatic Mission in Benghazi
8,American Commandos Say They Were Ordered to xe2x8x98Stand Downxe2x8x99 During Benghazi Attack 
9,New Book Says CIA Official in Benghazi Held Up Rescue  The New York Times
10,Benghazi jingos stick to their repeatedly debunked claims about nonexistent stand down order
11, Benghazi survivor shares story with Volusia County Republicans  News  Daytona Beach NewsJournal Online  Daytona Beach FL
12,AP Benghazi story challenges Fox News xe2x8x98stand downxe2x8x99 scoop  The Washington Post
13,13 Hours Yes There Is Evidence of a StandDown Order in Benghazi  National Review
14,Author of Benghazi book stands by pivotal standdown scene
15,GOP speakers fault Clinton on Benghazi deaths  Chicago Tribune
16,212 Benghazi attack  Wikipedia
17,Mark Caserta Benghazi team confirms getting standdown orders  Opinion  heralddispatchcom
18,13 Hours Movie vs True Story of Benghazi Attack and Controversy
19,The Amazing Shrinking Benghazixc2xaScandal  ThinkProgress
20,Tig Time John Tiegen Dishes the Dirt on Contracting Benghazi Attack
21,Benghazi The Terrorist Attack of September 11 212  Discover the Networks
