,searched
0,Corey Stewart on Twitter While Tim Kaine has done NOTHING in 6 years in the Senate I get things done1B in new roadsNationxe2x8x99s toughest crackdown on illegalsCut crime 5Built 2 new schoolsHired 1xe2x8x99s of policefirefightersCut taxesPresident Trump needs a Senator who will GET THINGS DONExe2x8xa6 httpstco26XaG3DGcV
1,Immigration  Just Facts
2,The Daily 22 Virginia governorxe2x8x99s race tests Trumpismxe2x8x99s staying power and the GOP establishment is winning  The Washington Post
3,News Articles  Immigration Lawyers US Immigration News and Law Updates  Kolken and Kolken Immigration Lawyers
4,News Articles  Immigration Lawyers US Immigration News and Law Updates  Kolken and Kolken Immigration Lawyers
5,Crime in New York City  Wikipedia
6,United States Immigration Detention Profile  Global Detention Project  Mapping immigration detention around the world
7,Nationalism Nativism and 287g Lessons from Prince William County Virginia  Joanna PintoCoelho PhD
8,Statewatch Observatory EU Refugee crisis  a humanitarian emergency
9,Lest We Forget the Horrors A Catalog of Trumpxe2x8x99s Worst Cruelties Collusions Corruptions and Crimes The Complete Listing So Far Atrocities 1546  McSweeneyxe2x8x99s Internet Tendency
