,searched
0,In Rare Move Mayor Ted Wheelers Giving Amanda Fritz Just One Bureau To Manage  Blogtown  Portland Mercury
1,Amanda Fritz Lambastes Portland City Council for Giving Uber and Lyft the Green Light  Willamette Week
2,Portland Commissioner Amanda Fritz to forgo reelection in 22  oregonlivecom
3,Amanda Fritz vs Mary Nolan unprecedented Portland City Council race  oregonlivecom
4,Commissioner Amanda Fritz shares successes and looks forward  News  The City of Portland Oregon
5,City Commissioner Amanda Fritz Says Shell Vote Against Latest Street Fee Proposal  Willamette Week
6,Amanda Fritz for Portland City Council editorial endorsement  oregonlivecom
7,Transportation Archives  Cascade Policy Institute
8,News  Views comments welcome  Save the Portland Redwoods  be part of History
9,Posts
10,Crossing the Green Divide  commonplace
