,searched
0,Google must not capitulate to Chinas censorship demands  Amnesty International
1,9 Best Amnesty International images  Amnesty international Ads creative Creative advertising
2,Tactics change in highstakes NH debates  Los Angeles Times
3,The Adventure Zone Amnesty  Episode 1  The Adventure Zone Wiki  FANDOM powered by Wikia
4,The Adventure Zone Amnesty  Episode 1Transcript  The Adventure Zone Wiki  FANDOM powered by Wikia
5,Amnesty International  AITEN
6,Criticism of Amnesty International  Wikipedia
7,Denmark shamed by Amnesty over rape convictions
8, Amnesty program helps Ohio residents regain drivers license  News  Akron Beacon Journal  Akron OH
9,Voices for Human Rights  Page 2  Amnesty International Toronto Organization AITO
10,HOUSE JUDICIARY COMMITTEE CONGRESSIONAL STATEMENT RE GOOGLE DRAGONFLY  Amnesty International USA
11,Amnesty Ireland calls for US to follow its own laws as crisis unfolds at Mexico border 
12,Amnesty International rejects call to fight antiSemitism  The Times of Israel
13,Big Bite Creative to Launch New Amnesty International Website based on Gutenberg  WordPress Tavern
14,Donald Trump Supports Amnesty   Dana Loesch Radio
15,Trump Administration Comes Out for Amnesty for Dreamers
16,rntOhio Department of Taxation  salesanduse  informationreleases  st2111rn
17,President Johnsons Amnesty Proclamation Restoration to Rights of Property Except in Slaves An Oath of Loyalty as a Condition Precedent Legality of Confiscation Proceedings Recognized Exception of Certain Offenders from this Amnesty By These Special Applications for Pardon May be Made Reorganization in North Carolina Appointment of a Provisional Governor A State Covention to be Chosen by Loyal Citizens The Machinery of the Federal Government to be Putin Operation AMNESTY PROCLAMATION  The New York Times
18,Documents reveal how Israel made Amnestys local branch a front for the Foreign Ministry in the 7s  Israel News    Haaretzcom 
19,Amnesty  Suicide for Republican Party  Eagle Forum
20,More ProAmnesty Ads from Obamas Facebook Friend  Center for Immigration Studies
