,searched
0,Why Is College in America So Expensive  The Atlantic
1,On Campus Community Colleges Affordable Practical and Increasingly Popular 
2,4 Mistakes I Made with My Student Loans and How You Can Avoid Them  EDgov Blog
3,Lessons from the end of free college in England
4,University  Wikipedia
5,The White House made me a poster child for beating the odds Then I dropped out of college  Vox
6,My bank erased my 6 student loan  Money  The Guardian
7,Louisiana School Made Headlines for Sending Black Kids to Elite Colleges Herexe2x8x99s the Reality  The New York Times
8,Success Stories  Scholarshipscom
9,Anxiety and Depression More College Students Seeking Help  Time
10,Pay gap between college grads and everyone else at a record
11,College in Sweden is free but students still have a ton of debt How can that be xe2x8x94 Quartz
12,What is the difference between a school college and university in the USA
13,Tuitionfree college is getting bigger Heres where its offered 
14,University of Central Florida  Orlandos Hometown University
15,Ivy League Schools Are Overrated Send Your Kids Elsewhere  The New Republic
16,Madam CJ Walker  Facts Quotes  Accomplishments  Biography
17,6 Countries with Virtually Free College Tuition
18,What Is College Worth  The New Yorker
19,Home  Corning Community College
20,College isnxe2x8x99t for everyone Letxe2x8x99s stop pretending it is
