,searched
0,His example lives on Trump and Obama lead tributes after George HW Bush dies  US news  The Guardian
1,Bushxe2x8x99s Letter to Clinton Cemented a Presidential Tradition Historians Say  The New York Times
2,World leaders respond to passing of former President George HW Bush  WHYY
3,Former President George HW Bush dies at age 94
4,George HW Bush and George W Bushxe2x8x99s LiberalImage Rehab
5,President George HW Bush Did More Than He Got Credit For  Time
6,Trump claims support from past presidents for the wall Clinton Bush and Obama beg to differ  POLITICO
7,Trump pays respects to George Bush Sr whom he recently disrespected  Vox
8,President Barack Obamaxe2x8x99s First Two Years Policy Accomplishments Political Difficulties
9,How George HW Bush Became a Democrat  Foreign Policy
10,George W Bush  Paintings Age  Wife  Biography
11, Bushs Death Deprives America of a Bipartisan Icon  The Atlantic 
12,George HW Bush What makes a oneterm president  BBC News
13,Jimmy Carter other living former presidents refute Trump claim about wall  The Washington Post
14,George W Bush  Wikipedia
15,Legacy of President George HW Bush War Crimes Racism
16,Did Democrats Support Border Barriers Before Trump Took Office  Pacific Standard
17,Damn It Joe Biden and Michelle Obama Stop Rehabilitating George W Bush  The Nation
18,Carter Bush Clinton and Obama stand united We do not support Trumps border wall
19,Tributes to George HW Bush pour in following former presidents death
20,George W Bush  HISTORY
21,George W Bush and Michelle Obamas Friendship History  Best Michelle Obama and George W Bush Moments
22,rntGeorge HW Bush Retrospective rn
23,Michelle Obama Freezes Donald Trump In Handshake At George HW Bush Funeral  Deadline
24,From Crusader to Exemplar Bush Obama and the Reinvigoration of Americaxe2x8x99s Soft Power
25,Obama Tops Publicxe2x8x99s List of Best President in Their Lifetime Followed by Clinton Reagan  Pew Research Center
26,George W Bush visit attracts 8 to Pigeon Forge event
27,Leaders from around the world react to George HW Bushs death  CNNPolitics
