,searched
0,Silenced Majority Portal Bachmann US Spent 85 Billion Lost 44 American Lives in Iraq Under Obamas Watch
1,Obamaxe2x8x99s Remarks on Iraq and Afghanistan  The New York Times
2,Remarks by the President in State of the Union Address  whitehousegov
3,Bachmann exaggerates directive in her criticism  MPR News
4,Fact or fiction US media keep tabs on wouldbe presidents  Euronews
5,Iraq  Mashed Potato Bulletin
6,Spending  Mashed Potato Bulletin
7,The Amazingly Sexy Adventures of Dr Michelle Bachmann JD  Page 2  The Tailgate  Extremeskins
8,Midland Prose  Shaken or Stirred We Dont Care  Page 113
9,Hanlons Razor  Do not attribute to malice that which is adequately explained by stupidity  Page 46
10,CNNcom  Transcripts
11,Strickland Barry78s blog
12,Bachmanns blame Obama claims debunked by Politifact  US Message Board  Political Discussion Forum
13,Bachmann xc2x91I Havenxc2x92t Had A Gaffexc2x92  PoliticalForumcom  Forum for US and Intl Politics
14,Michele Bachmannxe2x8x99s top xe2x8x98untruthsxe2x8x99  Texas on the Potomac
15,Bubblehead126 May 213
16,Obama Declares an End to Combat Mission in Iraq  The New York Times
17,Barack Obama  Wikipedia
18,Obama Iraq war will be over by years end troops coming home  CNN
19,First inauguration of Barack Obama  Wikipedia
