,searched
0,Was Rep Mike Schaufler the only Democrat to vote against health care reform PolitiFact Oregon  oregonlivecom
1,Health Care Vote Senate Rejects Repeal Without Replace  The New York Times
2, Power and peril await swing vote legislators  News  The RegisterGuard  Eugene OR
3,Health care in the US Why universal health care never happened xe2x8x94 Quartz
4,The Good the Bad and the Awful  Willamette Week
5,The Dubie Awards  Willamette Week
6,75th Oregon Legislative Assembly  Wikipedia
7,Working Families Party  Wikipedia
8,CFM Strategic Communications  Oregon Insider 
9,nwlaborpressorg    Legislature bangs gavel on banner year for Oregon laborn
10,The SinglePayer Party Democrats Shift Left on Health Care  The New York Times
11,House Democrats to Unveil Plan to Expand Health Coverage  The New York Times
12,September 1 213  September 7 213  Brad DeLongs Grasping Reality
13,Julie Parrish for Oregon  Publicaxc3xa7xc3xb5es  Facebook
14,Democrats fail Oregon with Measure 37 meltdown   HinesSight
15,Clark County Politics  Holding government at all levels accountable  Page 16
16,Daily Kos Elections Morning Digest The endgame approaches for Dick Lugar
17,Taxday tea partiers decry governments big spending ways  News  The TimesTribune
