,searched
0,List of Governors of Texas  Wikipedia
1,Rick Perry Uber Texan  The New York Times
2,Democratic Blog News Texas Ranks  Last In Job Creation Among Many Lasts
3,fakenewstestcsv at master xc2xb7 rampkitsfakenews xc2xb7 GitHub
4,Rick Perry  Wikipedia
5,Perry Exits Texas Stage Making a Case for His Past and His Future  The New York Times
6,Governorship of Rick Perry  Wikipedia
7,Donald Trump Picks Former Texas Gov Rick Perry as Energy Secretary  WSJ
8, Rick Perry  Page 2
9,Texas HHSFails
10,rntrntTEEX  rntPress Releasesrnrn
11,Soak the Rich Lose the Rich  WSJ
12,Friends of Texas vs Friends of Children  INVISIBLE CHILDREN
