,searched
0,How Banks Slid Into the Payday Lending Business  Talk Poverty
1,What Will Come After Payday Lending  The Atlantic
2,Limiting access to payday loans may do more harm than good
3,Payday loans in the United States  Wikipedia
4,Predatory lending  Wikipedia
5,Florida payday lending law traps communities of color
6,Confessions of a Payday Lender xe2x8x93 The Intercept
7,This map shows the states with the highest payday loan rates 
8,ScienceDirect
9,n      Federal Registern        n      Payday Vehicle Title and Certain HighCost Installment Loansn    
10,WikiLeaks  Search the DNC email database
11,The Great Lending Loophole  Fair Blog
12,Preying on Payday  Mother Jones
