,searched
0,Most Americans Support OcasioCortezs Plan to Raise Top Marginal Tax  Rolling Stone
1,How to tax the rich explained  Vox
2,n          How Much Revenue Would a 7 Top Tax Rate Raise An Initial Analysisn      
3,You are being redirected
4,Bloomberg  Are you a robot
5,OcasioCortezxe2x8x99s 7 Top Tax Rate Is a Moderate Policy
6,Alexandria OcasioCortezs tax idea is big and bold xe2x8x94 but not that radical  The Washington Post
7,7 percent tax is total fantasy  ACCF
8,No Economists Dont Agree a 7 Percent Top Marginal Tax Rate Is a Good Idea  Reasoncom
9,7 percent tax is total fantasy  TheHill
10,Ilhan Omar backs Alexandria OcasioCortez idea for high taxes on rich
11,Soak the rich Americans say go for it  POLITICO
12,Alexandria OcasioCortez Calls for 7 Tax Rate on the Rich  Money
13,Rep Ilhan Omar floats taxing rich up to 9 percent  Fox News
14,Alexandria OcasioCortez Agrees With America About Taxes
15,Democrats Take Aim at the Reagan Tax Revolution   WSJ
16,Opinion  The Economics of Soaking the Rich  The New York Times
17,Alexandria OcasioCortezxe2x8x99s 7 percent tax plan has this American philosopher to thank
18,Alexandria OcasioCortez doesnt want 7 of your income xc2xaAxios
19,nn      AOC tax plan would be bad for NYn     n    Empire Center for Public Policy    nn    
20,So You Want to Tax The Rich A HowTo Guide  Talk Poverty
21,OcasioCortez floats 7 percent tax on ultra rich
22,Democratic Representative Ilhan Omar calls for tax on the wealthy of up to 9 per cent  Daily Mail Online
