,searched
0,You are being redirected
1,Tax code changes leave Americans asking What happened to my refund
2,Senate approves most drastic changes to US tax code in 3 years  US news  The Guardian
3,3 million Americans are not withholding enough pay for taxes
4,n          Tax Reform Isnxe2x8x99t Done  Tax Foundationn      
5,Trumps Tax Reform Plan Explained
6,3 experts explain the changes in the Trump tax law
7,The myth of the 7page federal tax code  Vox
8,The US Cut Taxes Why Will Fewer Folks Get Refunds  The Washington Post
9,Yes Your Tax Refund Will Likely Be Delayed
10,Smaller Income Tax Refunds Bring Anger Confusion Over Trump Tax Overhaul  NPR
11,Tax Reform Should Not Add to the Debt xe2x8x93 Heres 5 Reasons Why  Committee for a Responsible Federal Budget
12,Tax Law Changes Affecting Families in 219  New Child Tax Credit
13,Some fights about the Tax Cuts and Jobs Act seem over  Cut it out
14,rntThe Latest Tax News From the United States of Americarn
15,Bloomberg  Are you a robot
16,n                15 trillion US tax cut has no major impact on business capex plans survey  Reuters
17,Opinion  Trump and the Failure of the American Tax System  The New York Times
18,Expatriation Tax  Internal Revenue Service
19,What the new tax law means for your holiday giving  PBS NewsHour
20,n      Tax codes Updating your tax code  GOVUKn  
21,If you donxe2x8x99t understand Americaxe2x8x99s tax code you donxe2x8x99t understand America  Los Angeles Times
22,Watch out taxpayers This government agency says you may owe more money next year  MarketWatch
23,Who Is Paying Their Fair Share in American Taxes  The Atlantic
