,searched
0,How the Battle Over Israel and AntiSemitism Is Fracturing American Politics  The New York Times
1,The Schism Is Finally Here
2,Hillary Clintons AIPAC speech hardline proIsrael rhetoric status quo Obama policies  Vox
3,Bernie Sanders and Israel Jewish candidate breaks with consensus  Vox
4,AIPAC Targets Bernie Sanders in Facebook Ads Focused on Key Democratic Primary States
5,Bernie Sanders pushed the Democrats left on Israel in 216 Has he become the partys mainstream  Jewish Telegraphic Agency
6,How the Debate Over Israel Could Separate 22 Contenders  Politics  Power  OZY
7,Trump says Omar should be ashamed of herself over AIPAC money tweets  The Times of Israel
8,Read Hillary Clintons Speech to AIPAC  Time
9,Hillary Clinton Targets Donald Trump in AIPAC Speech  Time
10,Hillary Clinton gets to Donald Trumpxe2x8x99s right on Israel  The Washington Post
11,American Israel Public Affairs Committee  Wikipedia
12,Bloomberg  Are you a robot
13,Donald Trumpxe2x8x99s New World Order  The New Yorker
14,At the AIPAC Conference Trump and Clinton Try for a DoOver  The New Yorker
15,No Democratic presidential candidates committed to AIPAC conference as liberal group calls for boycott  NBC News
16,Trump wins over AIPAC audience with strong proIsrael stance   World News  Haaretzcom 
17,Standing Ovations for Donald Trump at AIPAC  The Nation
18,The Democratic Partyxe2x8x99s Israel CrackUp  Foreign Policy
19,Donald Trump Speaks At AIPAC Policy Conference  NPR
20, Israel Is a Bastion of Liberty Hillary Clinton Tells AIPAC  News  teleSUR English
21,AIPAC condemns Donald Trump attack on Obama  POLITICO
22,Presidential Race Shifts Discourse on IsraelPalestine  Middle East Institute
23,In Gaza we arent mourning Clintons loss  US  Canada  Al Jazeera
