,searched
0, Ballesteros fends off challenger in Democratic primary for Travis County constable Pct 2  News  Austin AmericanStatesman  Austin TX
1,Texas police arrest 2 child predators in sex sting after posting ad online that got 18 responses in 12 hours Its every kind of weird sicko you can imagine says sheriff  Daily Mail Online
2,Sioux Center Iowa man arrested in Kansas after 9 years on the run  News  siouxcityjournalcom
3,Austin unlawfully blocked gun holder from City Hall judge rules  Personal Libertyxc2xae
4,San Mateo County Domestic Violence for Those Who Matter SMCSO Lt Kristina Bell case  San Mateo County News
5,Regional jail inmatexe2x8x99s heart takes Madison County taxpayers for ride
6,Embroidered Polo Shirts Cheap ruthlesscompassioninstitutecom
7,Sheriffs report      harrisondailycom
8,Search Results  Texas State Directory Online
9,US Court of Appeals Tenth Circuit Docket Number List
10,Bell County Courthouse Records    Archive  tdtnewscom
11,InCustody Deaths  
12,Austin AmericanStatesman from Austin Texas on July 28 212 xc2xb7 B1
13,Jackson Jambalaya Webster County Sheriff Arrested
14,Archives Search for Jones County  Page 2  The Austin Chronicle
15,KMIL 151 FM News Room
16,WTO History Project
17,Genealogy Records and Family and Personal Papers Collection Descriptions  Manuscript Collection  The State Historical Society of Missouri
18, x  News  Pawhuska JournalCapital  Pawhuska OK
