,searched
0,Perry calls Romney out on edit to his book  The Boston Globe
1,Romney care touted as a model for national health care reform  CNNcom
2,Consultant in Chief  Reasoncom
3,Romneys Mission Massachusetts Health Care  NPR
4,Romneyxe2x8x99s Dilemma  The New Yorker
5,The Truth About Mitt Romney and Massachusetts  The New Republic
6,    n            Massachusetts health care plan 6 years later  CBS Newsn    
7,Obama healthcare law modeled on Romney plan  politics  Decision 212  NBC News
8,ThereAreNoSunglasses  American Resistance To Empire  Page 1313
9,History Musings  History News  Political Buzz  Page 154
10,History Musings  History News  Political Buzz  Page 155
11,therearenosunglasses  ThereAreNoSunglasses  Page 1313
12,Tag Affordable Care Act  Consortiumnews
13,History Editor Bonnie K Goodman  History News  Politics  Page 42
14,Insight News  4912 by Insight News Inc  Issuu
15,nnIssues  Alibis nn
16,Page not found  The Power Hour Radio ShowThe Power Hour Radio Shownt   
