,searched
0, The Sewage Crisis In America  The Atlantic 
1,History of water supply and sanitation  Wikipedia
2,Sewage the trace of our history  We Are Water
3,How Does Sewage Treatment Work  Scientific American
4,Tracking Down the Roots Chronology
5,MWRA  How the Sewer System Works
6,How Sewer and Septic Systems Work  HowStuffWorks
7,The sewage treatment process  YouTube
8,El Paso is drinking its own sewage to fight climate change xe2x8x94 Quartz
9,Our cities water systems are becoming obsolete What will replace them  Vox
10,Water  Jacobs
11,Huge Blobs of Fat and Trash Are Filling the Worldxe2x8x99s Sewers
12,Nashvillexe2x8x99s Most Impressive Tunnels Are For Sewage Not Secrets  Nashville Public Radio
13,The First Sewage Treatment Plant in Victoria British Columbia is Under Construction  Surfrider Foundation
14,Historical Milestones for Wastewater Treatment in Columbus
15,Sewers at Capacity Pollution Spills Into Waterways  The New York Times
16,How a Sewer Will Save St Louis  POLITICO Magazine
