,searched
0,How the US Hispanic population is changing  Pew Research Center
1,Key facts about young Latinos  Pew Research Center
2,Fastgrowing and slowgrowing Hispanic counties  Pew Research Center
3,White right How demographics is changing US politics
4,The US will become minority white in 245 Census projects
5,Hispanics Account for Almost OneHalf of US Population Growth  Population Reference Bureau
6,rn             A Changing Composition Hispanics in the Southeast rn        Federal Reserve Bank of Atlantarn    
7,Demographics of Hispanic and Latino Americans  Wikipedia
8,Young Latinos Born in the USA carving their own identity
9,How young Americans are set to change the US forever  BBC News
10,Census Finds A More Diverse America As Whites Lag Growth  The TwoWay  NPR
11,The Rise of Asian Americans  Pew Research Center
12,Americas Changing Religious Landscape  Pew Research Center
13,Aging US population means older adults will outnumber children by 235
14,Hispanic population exceeds 5 million firmly nations No 2 group  CNNcom
15,Diabetes in Older HispanicLatino Americans Understanding Who Is at Greatest Risk  American Society on Aging
16,Asian and Multiracial Americans Are The FastestGrowing Groups in US  Fortune
17,rntTexas Demographic Centerrn
18,When will Latinos outnumber whites in Texas Expertsxc2xahave a new prediction  Demographics  Dallas News
19,Five Graphics That Show Why a PostWhite America Is Already Here  The New Republic
20,Fewer Births Than Deaths Among Whites in Majority of US States  The New York Times
21,US Population Trends Elders to Outnumber Youth More Ethnic Racial Diversity
