,searched
0,The Case Against Early Voting  POLITICO Magazine
1,Early voting 218 a statebystate guide  Vox
2,    n            Everything to know for Election Day 218 When do polls open How to register in my state What do I bring What time does voting start  CBS Newsn    
3,Election Day 218 Whats at stake where to vote poll hours  rules
4,Voter Suppression During the 218 Midterm Elections  Center for American Progress
5,9 Solutions to Secure Americaxe2x8x99s Elections  Center for American Progress
6,US Vote Announces 216 Election Day Voter Experience Survey Highlights  US Vote Foundation
7,xe2x8x98I Hate Him but I Hate Democrats Morexe2x8x99 Scenes From the US Before the Election  The New York Times
8,rntWaiting in Line to Vote xe2x8x93 White Paper Stewart Ansolabehere  US Election Assistance Commissionrn
9,LIVE UPDATES GEORGIA ELECTION DAY 218 Georgians await results for several races across state  WSBTV
10,Testimony Presidential Voting Commission Can Modernize Elections  Brennan Center for Justice
11,Public Comments 132  San Mateo County AssessorCounty ClerkRecorder  Elections
12,Voter suppression in the United States  Wikipedia
13,Updates  27 Strategies
14, Ohio Politics Now Thousands wait in line to cast vote before Election Day  News  The Columbus Dispatch  Columbus OH
15,Conversations with Kamala  Fox News
