,searched
0,Remember those claims that 8 to 9 of Americans wanted expanded background checks Well no so much support for specific bills  Crime Prevention Research CenterCrime Prevention Research Center
1,Every Objection to Expanding Background Checks Debunked
2,Fact Checking The Claim Of 97 Consensus On Anthropogenic Climate Change
3,Poll 97 percent support background checks for all gun buyers  TheHill
4,9 percent of Americans want expanded background checks on guns Why isnxe2x8x99t this a political slam dunk  The Washington Post
5,What The Media Should Know About Gun Background Checks  NationofChange
6,Media  Beating Guns
7,A new huge review of gun research has bad news for the NRA  Vox
8,The Costs and Consequences of Gun Control  Cato Institute
9,Debunking The 14 Biggest Gun Control Lies  Dana Loesch Radio
10,Gun Control in Australia Updated  FactCheckorg
11,BU Study Measures Impact of GunControl Laws  BU Today  Boston University
12,FACT CHECK Do We Only Use Ten Percent of our Brains
13,Gun show loophole  Wikipedia
14,11 myths about the future of gun control debunked after the Charleston shooting  US news  The Guardian
15,What Black Americans Say About xe2x8x98BlackonBlackxe2x8x99 Gun Violence  The Nation
16,Debunking The Fast  Furious Gun Control Conspiracy
17,Lest We Forget the Horrors A Catalog of Trumpxe2x8x99s Worst Cruelties Collusions Corruptions and Crimes The Complete Listing So Far Atrocities 1546  McSweeneyxe2x8x99s Internet Tendency
18,Deep web rules
