,searched
0,PolitiFact Testing claim Scott Walker broke pledge by raising money during budget
1,Tony Evers Wins Wisconsin Governorxe2x8x99s Race Scott Walker Concedes  The New York Times
2,Democrats Want to Beat Scott Walker But the Wisconsin Economy Is a Hurdle  The New York Times
3,Scott Walkerxe2x8x99s State Campaign Has a National Focus  Shepherd Express
4,n        Six things you didnxe2x8x99t know about Wisconsin Governor Scott Walker  Center for Public Integrityn            
5,Pat McCrory  Wikipedia
6,Sarah Palin  Wikipedia
7,138 things Trump did this year while you werent looking
8,Other States and the Nation California Clean Money Campaign
9,Scott Walker broke the unions Now he says hes the education governor  POLITICO
10,Scott Walker politician  Wikipedia
