,searched
0,Cuccinelli has drawn deep lines between what he believes is right and wrong  The Washington Post
1,Ken Cuccinelli Lost In Virginia Because Women Cant Stand His Crazy Ass
2,Ken Cuccinelli The Attorney General of the Tea Party  Right Wing Watch
3,Why Ken Cuccinelli Lost Thexc2xaElection  ThinkProgress
4,Can Anyone Stop Ken Cuccinelli Heres how Virginias prolife progun attorney general could take over the Governors Mansion  The Hook  Charlottesvilles weekly newspaper news magazine
5,nKen Cuccinellixe2x8x99s Outrageous Attack on the Catholic Church  Millennial
6,Ken Cuccinelli will not run for Virginia governor in 217 he says  The Washington Post
7,Cuccinelli book No apologies  POLITICO
8,Ken Cuccinellis Record on Womens Issues Is As Bad As Ever  The New Republic
9,Crazy Cuccinelli  National Catholic Reporter
10,Cuccinelli critical of Catholic approach to poor  Blog  Pilot on Politics  pilotonlinecom
11,VAGov Paul Begala Lists The Reasons Why Ken Cuccinelli R Is Crazy  Bad For Virginia
12,VAGov Ken Cuccinelli R Says Hes Done More To Help Women Than Terry McAuliffe D
13,Ken Cuccinelli  Wikipedia
14,Ken Cuccinellis book targets feds Obama  WJLA
15,Cuccinelli and His Caucus Are Bad for Womenxe2x8x99s Health in Virginia  Center for American Progress Action
16,xe2x8x98Awakeningxe2x8x99 To Extremism Va Attorney General Shares Liberty U Stage With Exorcist Et Al  Americans United for Separation of Church and State
17,Separating Charity and State  Reasoncom
18,The Family Foundation Blog  The Family Foundation
19,The Family Foundation Blog  The Family Foundation
20,The Family Foundation Blog  The Family Foundation
21, What the Republican Party Can Learn From Pope Francis  The Atlantic 
