,searched
0,No David Axelrod The Vast Majority of People In This Country Are Not Keeping Their Plan
1,What Happens if Obamacare Is Struck Down  The New York Times
2,Who is Covered  International Health Care System Profiles
3,Health care in the US Why universal health care never happened xe2x8x94 Quartz
4,Did President Obama xe2x8x9cLiexe2x8x9d When He Said xe2x8x9cIf You Like the Policy You Have You Can Keep Itxe2x8x9d  Context Is Everything  Health Beat by Maggie Mahar
5,Data Note Americans Challenges with Health Care Costs  The Henry J Kaiser Family Foundation
6,Medicareforall eliminating private insurance is a big task  Vox
7,Medicareforall The design and costs for Democratic health care plans  Vox
8, How We Spend 34  The Atlantic 
9, 22 Could Be a Test of Medicare for Alls Popularity  The Atlantic 
10,How Obamacare changed group health insurance  healthinsuranceorg
11,This insurer doesnt play by the ACAs rules The GOP sees it as the future
12,Employersponsored health insurance isnt going away Thats a good thing  STAT
13,How Does Healthcare in Europe Work
14,Guide to Health Insurance and Healthcare System in the UK  InterNations GO
15,rntMost Americans Still Rate Their Healthcare Quite Positively rn
16,Number Losing Coverage Involuntarily Under ACA  US Health Policy Gateway
17,America is a healthcare outlier in the developed world  Land of the freeforall
18, Is NYCs New Plan Actually a Health Care Guarantee  CityLab 
19,Health care systems by country  Wikipedia
20,The Complete Guide to Health Insurance  The Simple Dollar
21,n    The Worlds Best Travel Insurance for LongTerm Travelersn  
22,Four Reasons Planned Parenthood Is an Essential Health Care Provider  Families USA
23,How Medicare for all which 7 of Americans support could affect you
24,WHO  Questions and Answers on Universal Health Coverage
