,searched
0,Kelli Ward touts endorsement from fakenews site  POLITICO
1,    n            McCain rival suggests he should resign after brain cancer diagnosis  CBS Newsn    
2,McCain Spends Big Against Ward In Despicable Attacks  Arizona Daily Independent
3,Kelli Ward apologizes for saying McCain timed announcement that he was stopping treatment to hurt her campaign  CNNPolitics
4,Kelli Ward blames the media for narrative comments about McCain
5,GOP Will Avoid a Special Election for McCainxe2x8x99s Seat
6,n            Political TV Ad Archive   PolAdKelliWardgj7wz        
7,Kelli Ward John McCains Primary Opponent 5 Fast Facts  Heavycom
8,Best Naked Political Ambition  Kelli Ward  megalopolitanlife  Best of Phoenix  Phoenix New Times
9,United States Senate election in Arizona August 28 218 Republican primary  Ballotpedia
10,2 Breitbart alumni just abandoned the most ProTrump candidate of the year  Vox
11,Kelli Ward Wins Arizona Republican Party Chair  AZPM
12,Kelli Ward may have missed her moment to control GOP Senate race
13,rn  Institutions Burning And How YOU Can Help Fight for At Least One of Them BradCast 415219  The BRAD BLOG
