,searched
0,Ohio Democrats launch ad campaign against Renacci on Tax Day  TheHill
1,Ohio Democrats celebrate tax day by reviving tax claims about Jim Renacci  clevelandcom
2, Congressman Renacci still appealing tax case  News  The Repository  Canton OH
3, New Brown TV commercial appears a bit misleading  News  The Columbus Dispatch  Columbus OH
4,Ohio Congressman still appealing tax case
5,Top 8 Lies from Sherrod Brown in Tonights Debate  Jim Renacci
6,WKSU News Renacci and Sutton An Odd Couple
7,Ohio Dems on Twitter It isnxe2x8x99t surprising Renacci struggled to win after his straw donor scheme made the front page in both Ohio and Indianaxe2x8xa6 httpstcoqZRCKqJVmm
8,Ohio hopeful for US House fought tax assessment  Bostoncom
9,n        Daily Disclosure Congressman gets help from Chevronpowered super PAC  Center for Public Integrityn            
10,Ohio Senate Debate  CSPANorg
11,VP Pence In Cincinnati America Is Coming Back  WVXU
12,Ads get heated in OHSEN  NBC News
13,Full Transcript Enquirer editorial board with Jim Renacci
14, Jim Renacci Republicans tenacity impresses supporters  News  Akron Beacon Journal  Akron OH
15,Car Dealers Win Carveout In Latest GOP Tax Proposal
16,First on CNN Taxwriting lawmakers tax issues  do as I say  CNNPolitics
17,Is 14 Million the New 47 Percent
