,searched
0,Toni Preckwinkles administration hired Ald Edward Burkes son to nearly 1Kayear county job  Chicago Tribune
1,Employment  Burke Museum
2,Criminal background and job performance  IZA Journal of Labor Policy  Full Text
3,Ald Edward Burkexe2x8x99s son was under investigation for misconduct allegations when Toni Preckwinkles administration hired him  Chicago Tribune
4,Althouse Democratic candidate for governor Mary Burke stumbled Thursday when asked to define plagiarism and said
5,Job Market Trends and News  Job Bank
6,ENA Connection  November 217 Wasting No Time 218 ENA Foundation Chairperson Eager to xe2x8x98Advance Emergency Nursingxe2x8x99
7,State Enforcement Actions  Fraud  Office of Inspector General  US Department of Health and Human Services
8,Burke County GA Real Estate  Homes for Sale  realtorcomxc2xae
9,Faculty  Barry R Feirstein Graduate School of Cinema
10,Hansard Transcripts 25May18  Legislative Assembly of Ontario
11,KZBK Radio  969 FM  Were your home for Todays Best Mix  Home Page
12,CBJ Property transfers and building permits  Workitcville  dailyprogresscom
13,Matt Talbot and his Times by Aid to the Church in Need  Issuu
14,218 MLB Draft Tracker  Spotrac
15,Iredell Public Records Nov 41  Local News  statesvillecom
