,searched
0,Death by a simple toothache  Guyana Chronicle
1,What is the underlying cause of death from toothache  Quora
2,Has a toothache ever made you consider suicide I want to be sure that Im not alone  Quora
3,How to stop a toothache or remove worms from your teeth  Quora
4,How can an abscess tooth cause death  Quora
5,How to get rid of an insane toothache without consulting a dentist  Quora
6,Can you die of a toothache  Beenleigh Dental
7,Without Insurance 24yearold Dies of Toothache  ABC News
8,Can You Die from a Tooth Infection
9,California Father Reportedly Dies of Tooth Infection  PEOPLEcom
10,Why God Why The Science of a Toothache  Motherboard
11,A Toothache Can Turn Deadly  Bottom Line Inc
12,Dead Tooth Signs Treatment Pain Management and More
13,1xc2xaWays toxc2xaKill axc2xaToothache In a Minute  YouTube
14,The healthcare gap how can a child die of toothache in the US  Inequality  The Guardian
15,Dead tooth Symptoms causes and treatment
16,Toothache Pain Why does it go away Scottsbluff NE Dental Blog
17,When toothache strikes what is the treatment  Revive Dental Care  NHS Dentist in Manchester
18,Oral Infections Causing More Hospitalizations  The New York Times
19,Top 1 Reasons For Toothaches  123Dentist
20,Digitised Diseases
21,What Happens When You Ignore Tooth Pain  Carolina Dental Alliance
22,How Long Does a Sinus Toothache Last  Colgatexc2xae Oral Care 
