,searched
0,Government Shuts Down in Budget Impasse  The New York Times
1,US government shuts down as Congress cant agree on spending bill  CNNPolitics
2, The Shutdown Is Over as Obama Gives Debt Deal His Signature  The Atlantic 
3,A History of President Obamaxe2x8x99s 8 Years in Office
4, When Obama Had Total Control of Congress  News  Akron Beacon Journal  Akron OH
5,A look back at every government shutdown in US history  Fox News
6,Fact check Did Democrats once support border wall
7,Laws and disorder Congress has a job xe2x8x94 but has largely stopped doing it  Washington Post
8,Republicans lose budget battle but US fiscal war may continue  Americas North and South American news impacting on Europe  DW  171213
9,Barack Obama  US Presidency Family  Quotes  Biography
10,President Barack Obamaxe2x8x99s First Two Years Policy Accomplishments Political Difficulties
11,Patient Protection and Affordable Care Act  Wikipedia
12,Obamas State of the Union wins and losses  POLITICO
13,Social Posts Distort Facts of 213 Shutdown  FactCheckorg
14,Remarks by the President in the State of the Union Address  whitehousegov
15,Patrick Murphy Florida  Ballotpedia
16,Barack Obama  Wikiquote
17,What Is a Government Shutdown Effects in 219 218 and 213
18,The House of Pain  The New Yorker
19,OSF  Politicstxt
20,How Obamacare Became Law  Brian Sussman
21,Patty Murray in 19 Takes
22,US government shutdown House votes to delay Obamacare law  US news  The Guardian
23,There is a good chance that you are the xe2x8x9cfriendxe2x8x9d that everyone finds insufferable on Facebook xe2x8x94 Quartz
24,Robert Reich
