,searched
0,What Happens if Obamacare Is Struck Down  The New York Times
1,A Tale Of Two States California Texas And The Latest ACA Repeal Bid  Kaiser Health News
2,Benefits of Obamacare Advantages of the ACA
3,Obamacare in California Explained A Complete Guide
4,Republican Health Care Plan The Big Problem and Benefit  Fortune
5,Group 1 Automotive GPI Q1 219 Earnings Call Transcript
6, Repeal of the ACAxe2x8x94Without a Replacementxe2x8x94Threatens California Seniors  JUSTICE IN AGING 
7,Killing Obamacares coverage mandate will cut enrollment but leave Californias marketplace stable study says  Los Angeles Times
8,Seniors Who Stuck With Obamacare Over Medicare Face Looming Deadline  Shots  Health News  NPR
9,Carnabys black cockatoo images
