,searched
0,House Democrats will push for 15 per hour federal minimum wagexc2xa
1,Democrats introduce bill to hike minimum wage to 15 per hour
2,n                Senate Republicans block Obama bid to hike minimum wage  Reuters
3,The minimum wage in every US state and DC in 219  lovemoneycom
4,1 Best Infographics images  Minimum wage Infographics Human Rights
5,11 Best Ahhhhh images  Haha Rich people Comic strips
6,All the places in the US raising their minimum wage on Jan 1 xe2x8x94 Quartz
7,Illinois Senate Backs 15 Hourly Minimum Wage Within 6 Years  Chicago News  WTTW
