,searched
0,Analysis Whats lost when the president cant show up
1,Winning the Media Campaign  Pew Research Center
2,Ralph Nader on Barack Obama xe2x8x9cIt is Quite Clear He is a Corporate Candidate from A to Zxe2x8x9d  Democracy Now
3,Comparison of the 28 United States presidential candidates  Wikipedia
4,Barack Obama 28 presidential primary campaign  Wikipedia
5,Ralph Nader Prison Reform Plan  CSPANorg
6,McCain Closes Gap on Obama  nIn Poll as Conventions Loom  WSJ
7,Tort System  Ralph Nader for President in 28
8,RealClearPolitics  Election 28  General Election McCain vs Obama
9,Ralph Naders VP Pick on Running Against Obama  Vanity Fair
10,Barack Obama  Ballotpedia
11,28 United States presidential election in West Virginia  Wikipedia
12,Ralph Nader 28 presidential campaign  Wikipedia
13,28 United States presidential election  Wikipedia
