,searched
0,The American Middle Class Is Losing Ground  Pew Research Center
1,Percentage of Americans Living in Poverty Rises to Highest Level Since 1993  The New York Times
2,NUMBER OF PEOPLE LIVING IN POVERTY INCREASES IN US  The New York Times
3,Why Concentrated Poverty Fell in the United States in the 199s  Population Reference Bureau
4,Already more than a lost decade Poverty and income trends continue to paint a bleak picture  Economic Policy Institute
5,Year in Review 218 in 14 Charts
6,  The Washington Post
7,The Top 3 Things You Need to Know About the 213 Poverty and Income Data  Center for American Progress
8, Americas Slums Are Getting Worse As More People Live in Concentrated Poverty  The Atlantic 
9,Economic signs that America is on the decline  Fortune
10,A Global Middle Class Is More Promise than Reality  Pew Research Center
11,Combating Poverty Understanding New Challenges for Families
12,    n            What it takes to be middle class in America  CBS Newsn    
13,Hispanics only group to see its poverty rate decline and incomes rise  Pew Research Center
14,Income inequality in the United States  Wikipedia
15,Part II  World Inequality Report 218
16,New Poverty Numbers Remind Latinos We Must Grow Our Power  Talk Poverty
17,Global Extreme Poverty  Our World in Data
18, Mapping the Decline of the Middle Class  CityLab 
19,Year in review 99 of the best positive news stories from 218 xe2x8x94 Quartz
