,searched
0,Emancipation Proclamation  Wikipedia
1,Emancipation Proclamation  HISTORY
2,Lincoln issues Emancipation Proclamation  HISTORY
3,The Emancipation Proclamation Promise and Betrayal
4,An Act of Justice  Not Even Past
5,Lincoln Chronology on Slavery and Emancipation American Abolitionists and Antislavery Activists
6,Slavery Without Submission Emancipation Without Freedomr
7,Civil War Louisiana  64 Parishes
8,Owen Lovejoy and Abraham Lincoln During the Civil War
9,American Civil War  Wikiquote
10,What Sort of Leader Was Lincoln  The New York Times
11,The McClellan Problem  The New York Times
12,Advanced Search
13,Abraham Lincoln and Slavery  Abraham Lincolns Classroom
14,Presidency of Abraham Lincoln  Wikipedia
15,The notquiteFree State Maryland dragged its feet on emancipation during Civil War  The Washington Post
16,Abraham Lincoln  Wikipedia
