,searched
0,For Josh Mandel no gutter is too deep no shot too cheap Brent Larkin  clevelandcom
1,Josh Mandel drops out of the Senate race  clevelandcom
2,Josh Mandel Wants to be a Senator If Only He Could Get His Inlaws to Donate   The New Republic
3,Josh Mandel  Wikipedia
4,Records sought by feds went missing
5,Sherrod Brown  Ballotpedia
6,Gongwer News Service  Ohio
7,17 House Democratic Candidates to Congress We Want CampaignFinance Reform
8,Midterm Elections Live Results Democrats Have Flipped The House And Republicans Will Keep The Senate
9,Mandel drops out of Ohio Senate race vs Sherrod Brown  POLITICO
10,Ohios US Senate race draws millions in outside money will it work  clevelandcom
11,Josh Mandel drops out of Ohio Senate race  CNNPolitics
