,searched
0,Wisconsinxe2x8x99s 41 billion Foxconn factory boondoggle  The Verge
1,How Much Does Foxconn Announcement Really Change Things for Wisconsin
2,Democrats Want to Beat Scott Walker But the Wisconsin Economy Is a Hurdle  The New York Times
3,We agree our roads are bad Can we agree on how to pay to fix them  WIZM 923FM 141AM
4,Wisconsinxe2x8x99s Scott Walker Signs Bills Stripping Powers From Incoming Governor  The New York Times
5,Eyes on Milwaukee Foxconn Loves Wisconsin Walker   Urban Milwaukee
