,searched
0,Sure Unemployment Went Down  Because More People Left The Workforce
1,Okuns Law Economic Growth And Unemployment
2,The Declining Middle  837
3,How real is Trumps jobs miracle  BBC News
4,US Added 25 Jobs in October Unemployment at 37  The New York Times
5,Useful Definitions  Economic Policy Institute
6,The dazzling new US unemployment numbers are hiding a gloomier reality xe2x8x94 Quartz
7,Economists View Unemployment
8,rntWhat the future of work will mean for jobs skills and wages Jobs lost jobs gained  McKinseyrn
9,Declining Labor Force Participation Will Weigh on US GDP GrowthAnd Fed Monetary Policy  SP Global
10,Will teachers be replaced
11,Going beyond the unemployment rate  Pew Research Center
12,Unemployment  Wikipedia
13,Labor force participation what has happened since the peak  Monthly Labor Review US Bureau of Labor Statistics
14,What is the current crisis in darfur
