,searched
0,Bloomberg  Are you a robot
1,Country with highest crime rate 218
2,Is Violent Crime Increasing
3, What Caused Crime to Decline in the US  The Atlantic 
4,5 facts about crime in the US  Pew Research Center
5,Murder rate hits a 4yearlow police say  Stuffconz
6,We have solutions to crime We just need to scale them   World Economic Forum
7,Why Crime Keeps Falling  WSJ
8,NSW Crimes Rates are the Lowest in 4 Years
9,Therexe2x8x99s a 4 percent chance youxe2x8x99ll get away with murder in America  Vox
10,FACT CHECK US Murder Rate Highest in 47 Years
11,Crime Trends 199216  Brennan Center for Justice
12,Dueling Claims on Crime Trend  FactCheckorg
13,Crime Rates in US Drop to 197s levels  Time
14,There Is No National Emergency on the Border Mr President  Cato  Liberty
15,Homicides  Our World in Data
16,Steady Decline in Major Crime Baffles Experts  The New York Times
17,Crime in Context  The Marshall Project
18,NSW crime rates at their lowest in 4 years burglary and car theft drop to record lows  ABC News Australian Broadcasting Corporation
19,United States Crime Rates 196  217
20,Criminal Justice Facts  The Sentencing Project
21,Trump falsely claims US murder rate is highest in 47 years  CNNPolitics
