,searched
0,rntCode Enforcementrn
1,rntrn    Common Code Violations  City of OKCrnrn
2,Common Violations  Plano TX
3,City of Lubbock   Departments  Code Enforcement 
4,City of San Bernardino  Homepage
5,City of Tulsa
6,Code Enforcement  The City of Naperville
7,rntrn    Most Common Violations  City of Mesarnrn
8,FAQ
9,Code Enforcement FAQs xe2x8x94 City of Albuquerque
10,Neighborhood Inspections  Denver Development Services
11,rntProperty Maintenance  City of Dentonrn
12,rntrn    Common Code Violations  Cathedral Cityrnrn
13,Codes Display Text
14,Richmond VA  Planning and Development Review  FAQ
15,Code Enforcement  Welcome to Rockdale County Georgia
16,Bylaw Enforcement  City of Toronto
17,Altamonte Springs FL  Official Website
18,rntrn    Code Compliance Procedures  City of Lauderhillrnrn
19,Manhattan KS  Official Website
20,Code Enforcement Frequently Asked Questions
21,City of Hamilton Bylaws  City of Hamilton Ontario Canada
