,searched
0,Republican Debate in Simi Valley Calif  The New York Times
1,Highway 62 three times as deadly as average California road
2,news  SoCal Works
3,How Much Money Do The Top Income Earners Make By Percentage
4,The 11th Rule For Car Buying Everyone Must Follow
5,PDF Solutions and Activities WHY STUDY PUBLIC FINANCE Questions and Problems  jeffrey scott  Academiaedu
6,Caltrans Newsletter
7,The Average Net Worth Of Millennials By Age
8,Toyota Prius  Ass Kicker or Trouble Maker
9,Energy Trend Tracker  Resource Media
10,Californias 48th Congressional District election June 5 218 toptwo primary  Ballotpedia
