,searched
0,Betsys Page No matter how you compute it this is just silly
1,    n            Obama Camp Hits Back At Tire Gauge Rhetoric  CBS Newsn    
2, Is the US tyre pressure debate a lot of hot air  Environment  theguardiancom 
3,Obama xe2x8x98Itxe2x8x99s Like These Guys Take Pride in Being Ignorantxe2x8x99
4,Commentary Drive naked save America  CNNcom
5,ntt     Schwarzenegger loves the tire gauge  Politics Blogt
6,Clueless Gingrich Claims Inflating Car Tires Properly To Save Energy Is xe2x8x98Loonyxc2xaTunesxe2x8x99  ThinkProgress
7,More oil can be found in your car than offshore  Grist
8,BBC  Autos  How to save a billion gallons of petrol
9,The Truth About Tire Pressure  FactCheckorg
10,TuneUpping Our Way to Saving Gas
11,Who hates high gas prices
12,Urban Dictionary Inflate your tires
13,Obama Energy Plan Fill Tires Not Oil Tanks
14,   216   March  Clear The Air Energy Blog
15,Obama Solves Energy Crisis Inflate Your Tires  The Rush Limbaugh Show
16,BlameBush Environment
17,Hows your tire pressure
18,PDF CONSUMER AWARENESS OF THE EFFECTS OF UNDERINFLATED VEHICULAR TIRES ON GLOBAL WARMING IN SOUTHERN CALIFORNIA  Ali  Adabzadeh  Academiaedu
19,Chicago Daily Observer    28  July
20,iowas newz liter Tanks for nothing
21,Michelle Malkin    The RNCs special birthday present for Barack Obama
22,Obamaxe2x8x99s Running On Empty  Alabama Republican Party
