,searched
0,Barack Obamaxe2x8x99s Dreams from My Father and African American Literature
1,My President Was Black  The Atlantic
2,Barack Obama  Wikiquote
3,Subscribe to read  Financial Times
4,Barack Obama religion conspiracy theories  Wikipedia
5,Barack Obama  Wikipedia
6,Barack Obama Life Before the Presidency  Miller Center
7,Photographer says he suppressed ObamaFarrakhan photo for years
8,Barack Obamaxe2x8x99s Speech on Race  The New York Times
9,Eight Years of Trolling Obama  FactCheckorg
10,America just spent 8 years with a black president For many African Americans it meant one big thing freedom to dream  Los Angeles Times
11,Religion and Politics xe2x8x998 Barack Obama  Pew Research Center
12,Transcript This is your victory says Obama  CNNcom
13,Barack Obama presidency What black America wont miss   CNNPolitics
14,Pastor Darrell Scott Trump Most ProBlack President In My Lifetime  Video  RealClearPolitics
15,Barack Obama Before He Was President  The New Yorker
16,The Joshua Generation  The New Yorker
17,A History of President Obamaxe2x8x99s 8 Years in Office
18,How Trump talks about race  PBS NewsHour
19,Michelle Obama  First Lady Family  Quotes  Biography
20,Confederate flag belongs in a museum Obama says  BBC News
21,Obama uses Nword in interview about US race relations  BBC News
22,FACT CHECK Who Is Barack Obama
23,BBC Radio 4  Becoming by Michelle Obama  Eight amazing things we learned from Michelle Obama
24,Goodbye Barack Hussein Obamaxc2xaAmericas first Muslim president  Wajahat Ali  Opinion  The Guardian
25,Michael Lewis Obamaxe2x8x99s Way  Vanity Fair
