,searched
0,Obamacare still law of land despite US court ruling striking it down
1,3 Reasons ACA is Still the Law of the Land  AAPC Knowledge Center
2,Still the Law of the Land What a recent court ruling means for the future of the ACA  The Alliance
3,ACA is still the law of the land  HoustonChroniclecom
4,Judge rules the Affordable Care Act unconstitutional Whatxe2x8x99s next
5,Affordable Care Act remains xe2x8x98law of the landxe2x8x99 but Trump vows to explode it  The Washington Post
6,ACA still law of the land but consumers confused and worried after judgexe2x8x99s ruling  Houston Chronicle
7,Obamacare Ruled Invalid by Federal Judge Will Remain in Effect During Appeal  The New York Times
8,House Condemns Trump Administration for Legal Attack on Health Law  The New York Times
9,Obamacare is still the law of the land but as open enrollment nears big changes await consumers  Live Well Nebraska  omahacom
10,Dems aim to restore ACA as law of the land with new health care proposal  BenefitsPRO
11,The Affordable Care Act Is the Law of the Land  California Health Care Foundation
12,nTexas Affordable Care Actxc2xaDecision Flawed  ACA is Still the Law of the LandCenter for Medicare Advocacy
13,Many Americans Dont Know If ACA Is Law Of Land Or Not Adding Challenges To Enrollment Season  Kaiser Health News
14,HHS says Affordable Care Act here to stay  for now
15,Obamacare is the law of the land  Baltimore Sun
16, Obamacare Remains Despite a Judges Ruling In Texas  The Atlantic 
17,Obamacare Struck Down in Court Is Almost Certain to Survive  Vanity Fair
18,nThe Affordable Care Act is Still the Law of the Land
19,The Affordable Care Act Is Still The Law of The Land  YouTube
20,Indivisible Despite Ruling in Texas the Affordable Care Act Remains the Law of the Land Period  Indivisible
21,Is there still a health insurance tax  Credit Karma
22,Minnesota governor says Obamacare still law of the land despite federal judge ruling  KSTPcom
23,Happy 8th anniversary to the Affordable Care Act  National Consumers League
24,Judge says Affordable Care Act can remain law while his ruling declaring it unconstitutional is appealed 
25,Trump administration now says entire Affordable Care Act should be struck down  WQADcom
