,searched
0,How Paul Ryan Went From Fighting For A Compromise On Immigration To Standing In Its Way
1,What does DACA mean Complete guide to DREAMers and DACA xe2x8x94 Quartz
2,Remarks by the President at the NALEO Annual Conference  whitehousegov
3,The Civil Rights Act of 1964 and the Voting Rights Act of 1965 article nKhan Academy
4,How Newt Gingrich Destroyed American Politics  The Atlantic
5,Immigration Reform News
6,n        Dreamers from Rep Kevin McCarthys district call on the GOP to step up  Center for Public Integrityn            
7,Fix Our Broken System  wwwgporg
8,House Session Part 3  CSPANorg
9,A History of President Obamaxe2x8x99s 8 Years in Office
10,The Corner  National Review
11,Full Video Trump Delivers 219 State Of The Union  Video  RealClearPolitics
12,CNNcom  Transcripts
13,Loyalty unease in Trumpxe2x8x99s Midwest  Washington Post
14,The Daily 22 DACA reaction shows how immigration has become a litmus test for Democrats  The Washington Post
15,Impeachment the Twentyfifth Amendment and How Trump Could Get Fired  The New Yorker
16,Barack Obama  Wikiquote
17,I Spent 5 Years With Some of Trumps Biggest Fans Heres What They Wont Tell You  Mother Jones
18,Friday June 22  msnbc  Hardball with Chris Matthews  NBC News
19,Itxe2x8x99s Their Party
20,DACA House Speech  February 7 218    Archives of Womens Political Communication
21,Abraham Lincoln and Slavery  Abraham Lincolns Classroom
22,Perry Anderson Homeland NLR 81 Mayxe2x8x93June 213
23,Jeff durbin japan
24,The Dream Act came out of California 16 years ago Its still the bill Democrats want to be a model for DACAs replacement  Los Angeles Times
25,The 3 bills Congress could use to protect DACA recipients  Vox
