,searched
0,Hillary Clinton 216 Book alleges India cash swayed her nuclear stance  POLITICO
1,Hillary Clinton US Secretary of State  Council on Foreign Relations
2,Indiaxe2x8x93United States Civil Nuclear Agreement  Wikipedia
3,Political positions of Hillary Clinton  Wikipedia
4,Clinton And Trumps Final Debate FactCheck From NPR Politics  Vermont Public Radio
5,Hillary Clinton Opened Door to Key US Shift Toward Iran Nuclear Deal  WSJ
6,Fact Check  Analysis Of Third 216 Presidential Debate With Hillary Clinton And Donald Trump  NPR
7,Hillary the Hawk  The Cairo Review of Global Affairs
8,Your guide to the 22 Democratic presidential candidates xe2x8x94 Quartz
9,A History of President Obamaxe2x8x99s 8 Years in Office
10,rntHillary Clinton Biography  National First Ladies Libraryrn
11,Barack Obama  Wikiquote
12,Federal fact checks  Ballotpedia
13,Hillary Clintons Empowerment
14,Hillary Clinton on the Iran nuclear deal xe2x8x98Distrust and verifyxe2x8x99
15,United States  The Economist
16,Barack Obama  US Presidency Family  Quotes  Biography
17,Donald Trump is an existential threat to American democracy  ABC News Australian Broadcasting Corporation
18,Can Mark Zuckerberg Fix Facebook Before It Breaks Democracy  The New Yorker
