,searched
0,Miscarriage  Wikipedia
1,I had a miscarriage and it forced me to rethink everything I believed about abortion  Vox
2,Some Doctors Use the Word Abortion for Miscarriages
3,Miscarriage  Wikipedia
4,Miscarriage  Wikipedia
5,Miscarriage  Wikipedia
6,Miscarriage  Wikipedia
7,Abortion with Pills vs Miscarriage Demystifying the Experience  NWHN
8,Miscarriage Is Abortion And Heres Why That Matters
9,What is the difference between a miscarriage and an abortion  safe2choose
10,Abortion Termination Of Pregnancy  Harvard Health
11,What is a difference between abortion and miscarriage  Quora
12,Miscarriage MedlinePlus Medical Encyclopedia
13,New Treatment For Miscarriages Is Complicated By Abortion Debate  NPR
14,Spontaneous Abortion  Gynecology and Obstetrics  MSD Manual Professional Edition
15,ScienceDirect
16,rntInduced abortion and risk of subsequent miscarriage  International Journal of Epidemiology  Oxford Academicrn
17,When a Miscarriage Becomes a Crime
18,rntEarly Pregnancy Loss  ACOGrn
19,Women Now Have As Many Miscarriages As Abortions  Time
