,searched
0,Tim Kaine  Wikipedia
1,Tim Kaine  Ballotpedia
2,Tim Kaine Ahead in polls but running like an underdog  The Washington Post
3,Tim Kaine explained  Vox
4,Virginia Governor  Ralph Northam  Governors Cabinet
5,Kaine And Pences Vice Presidential Debate FactCheck From NPR Politics  Vermont Public Radio
6,Senator Tim Kaine  NATIONAL ENDOWMENT FOR DEMOCRACY
7,Virginia Gov Northam Says He Wonxe2x8x99t Resign Over Racist Yearbook Photo    WSJ
8,A Guide to the Governor Timothy M Kaine Administration Electronic Files Email 2221 bulk 2629n           Kaine Governor Timothy M Administration Electronic Files Email 2221 bulk 2629n         4478n         n         n      
9,How Tim Kaine went from wild card vice presidential pick to shortlist favorite for Hillary Clinton  Los Angeles Times
10,Candidate Profile Tim Kaine
11,Hillary Clinton Selects Tim Kaine a Popular Senator From a Swing State as Running Mate  The New York Times
12,Tim Kaines Political Summary  The Voters Self Defense System  Vote Smart
13,Illinois Review Jobs  Labor
14,Timeline Sen Tim Kaines life and career  Virginia Politics  richmondcom
15,Tim Kaine  Academy Health
