,searched
0,Supreme Court unanimously reaffirms There is no xe2x8x98hate speechxe2x8x99 exception to the First Amendment  The Washington Post
1,Is hate speech protected under the First Amendment  Quora
2,Is profanity and hate speech protected under the first amendment after Matal versus Tam  Quora
3,Should the first amendment be rewritten to exclude hate speech  Quora
4,Should hate speech be banned or protected under the First Amendment  Quora
5,Why is hate speech protected by the first amendment yet child porn is not  Quora
6,nWhich types of speech are not protected by the First Amendment  Freedom Forum Institute
7,Hate speech is protected free speech even on college campuses  Vox
8,Hate speech in the United States  Wikipedia
9,United States free speech exceptions  Wikipedia
10,Should the First Amendment cover racism and hate speech  The Perspective
11,Free Speech vs Hate Speech  NPR
12,AntiDiscrimination Laws  The First Amendment Encyclopedia
13,Actually hate speech is protected speech  Chicago Tribune
14,Free Speech Can Be Messy but We Need It  American Civil Liberties Union
15,Freedom of Expression  ACLU Position Paper  American Civil Liberties Union
16,Group Libel Hate Speech  US Constitution Annotated  US Law  LII  Legal Information Institute
17,Theres no hate speech exception to the First Amendment  The Boston Globe
18,Annotation 18  First Amendment  FindLaw
19,Where One Hears Free Speech Another Hears Hate Speech
20,Free Speech FAQs  UCLA Equity Diversity  Inclusion
21,The Politics of Protecting Hate Speech  Cato  Liberty
22,Free Speech and Equality on Campus  Public Books
23,Freedom and Democracy Blasphemy in the United States limits of the First Amendment  Reset Dialogues on Civilizations  a venue for all tribes
24,In the Age of Social Media Expand the Reach of the First Amendment
25,Exploring free speech versus hate speech  University of Redlands
