,searched
0,xe2x8x8bxe2x8x8bThe Truth About Crisis Pregnancy Centers  Womens Health
1,ProChoice Groups Question Crisis Pregnancy Center Tactics  TIME
2,Warning  Womens Care Center is not an abortion clinic Affiliated Medical Services is an Abortion Clinic  Abortion Clinic Milwaukee WI
3,The Basics  ExposeFakeClinicscom
4,Crisis pregnancy centers Three legal strategies for bringing them down
5,Week of Action Targets Crisis Pregnancy Centers  Slog  The Stranger
6, Editorial For Crisis Pregnancy Centers There Must Be A Law  Hartford Courant
7,How Google Maps Leads Women Seeking Abortions Astray
8,I Got An Abortion In One Of The Most Restrictive States xe2x8x94 This Is What I Went Through
9,Crisis Pregnancy Centers Money for Nothing Despite unprecedented taxpayer investment statefunded crisis pregnancy centers deliver few services  News  The Austin Chronicle
10,The AntiChoice Movements Continued Pursuit of Politicized Medicine  Center for American Progress
11,Crisis Pregnancy Center Fraud Prevention Act  Public leadership Institute
12,Abortionrights advocates call Connecticut a firewall
13,Pregnant Scared  Isthmus  Madison Wisconsin
14,Why Itxe2x8x99s Become So Hard to Get an Abortion  The New Yorker
