,searched
0,rntRyan Murray Bill Takes Budget Baby Step     Newsmaxcomrn
1,The winners and losers of the MurrayRyan budget deal  US news  The Guardian
2,Budget deal is sealed  TheHill
3,Profiles in negotiation The MurrayRyan budget deal
4,Bloomberg  Are you a robot
5,Leaders in Congress unveil twoyear budget deal
6,5 reasons why Congress might finally pass a budget  CNNPolitics
7,5 Things We Learned From The Budget Debate  Its All Politics  NPR
8,Partisanships anniversary 2 race ushered in era of animosity  LA Times
9,rntBipartisan Budget Agreement Announced  State Public Health  ASTHOrn
10,News 3s exclusive interview with Paul Ryan on budget deal  WISC
11,US budget compromise could test Republican unity  The Globe and Mail
12,Congress Budget Deal Reached Between Paul Ryan and Patty Murray  TIMEcom
13,Fussbudget  The New Yorker
14,Fiscal Year 214 Budget Agreement  CSPANorg
15,The Dividist Papers Carnival of Divided Government LVI  Excessum et Renatum  Special Last Carnival  214 New Year Edition
16,Congressional Leaders Reach Bipartisan Budget Agreement Video  ABC News
17,Can Paul Ryan Put Down a Revolt From the Right
18,Congress Is Suddenly Doing Meaningful Stuff
19,The Mindsets of Political Compromise  Penn Office of the President
20,n        Transcript Paul Ryan Part Two  Washington Wire  WSJn    
21,Trumps Tax Reform Plan Explained
