,searched
0,US GAO  Superfund Information on the Nature and Costs of Cleanup Activities at Three Landfills in the Gulf Coast Region
1,Superfund Sites in Reuse in Louisiana  Superfund Redevelopment Initiative   US EPA
2,PolitiFact NJ Sierra Club director claims AshBritt had dirty cleanup history in New Orleans  njcom
3,New Jersey Assembly DemocratsFrom NJ Chapter of the Sierra Club Politics Over Cleanup AshBritt and Christie 
4,List of Superfund sites  Wikipedia
5,National Priorities List NPL Sites  by State  Superfund  US EPA
6,Taxpayer dollars fund most oversight and cleanup costs at Superfund sites  The Washington Post
7,US GAO  Superfund EPA Should Improve the Reliability of Data on National Priorities List Sites Affecting Indian Tribes
8,rntAPWA Reporter Magazinern
