,searched
0,Evers 835 Billion Budget Grows Government Raises Taxes  MacIver Institute
1,Five things to watch in the Texas Legislature in 219  HoustonChroniclecom
2,News of the Day  Page 43  Wisconsin Independent Businesses
3,New plan to scrap school property tax emerges  Local News  dailyitemcom
4,Economic Growth and Tax Relief Reconciliation Act of 21  Wikipedia
5,You are being redirected
6,Governors budget includes gas tax increase more school funds lowerhigher taxes GOP may build own budget  Paywall  apgwicom
7,xe2x8x98Private Jet Deductionxe2x8x99 in Tax Bill Isnxe2x8x99t Quite What It Seems
8,  Taxes  Boots  Sabers
9,Transforming taxes Republican lawmakers want to change the way Wisconsin taxes its residents  Politics and Elections  madisoncom
10,Midterm elections 218 Governor races in 1 states worth watching  Vox
11,Subject
12, Iowa Legislature aiming for Saturday adjournment  The Gazette
13, To Cut Taxes BigBox Stores Use Dark Store Theory  CityLab 
