,searched
0,Cleveland police unions Steve Loomis says Ohios new labor law effectively eliminates collective bargaining for police PolitiFact Ohio  clevelandcom
1,How todayxe2x8x99s unions help working people Giving workers the power to improve their jobs and unrig the economy  Economic Policy Institute
2,On Friedrichs v California Teachers Association The inextricable links between exclusive representation agency fees and the duty of fair representation  Economic Policy Institute
3,Reforming Police Unions  On Labor
4,nn      Taylor Maden     n    Empire Center for Public Policy    nn    
5,Iowa House Senate approve sweeping collective bargaining changes
6,211 Wisconsin Act 1  Wikipedia
7,How Scott Walker crippled Wisconsins public unions in two charts  Vox
8,Unions  Just Facts
9,The Trouble with Public Sector Unions  National Affairs
10,Public Sector Collective Bargaining Substantially Diminishes Democracy  PSRF
11,What Iowas Chapter 2 Is And Why Its Important To Workers An Explainer  Iowa Starting Line
12,February 215  Collective Bargaining  LWM WI 
13,Massachusetts Labor Law Blog  Sandulli Grace
14,Chapter 21  Labour Resources and Human Resources Management
15,Unions and the Public Interest  Education Next  Education Next
16,State and Local Policies to Support Government Workers and Their Unions  Center for American Progress Action
17,FLORIDA STATE FRATERNAL ORDER OF POLICE  Tallahassee FL
18,Is It Fair To Have To Pay Fees To A Union You Dont Agree With  NPR
