,searched
0,The US has tried to build highspeed rail for 5 years
1,US Dept of Transportation cancels nearly 1 billion grant for Californias highspeed rail project  CNNPolitics
2,Bloomberg  Are you a robot
3,This train bound for fiscal nowhere this train  Boston Herald
4,Highspeed rail  Wikipedia
5,Highspeed rail in the United States  Wikipedia
6,HighSpeed Rail Grants Announced California Florida and Illinois Are Lucky Recipients  The Transport Politic
7,Why cant America have highspeed trains  CNN
8,Proposed BaltimoretoDC Maglev Train Would Cost as Much as Building 15 Miles of Highway  Reasoncom
9,Bullet trains and the economics of highspeed railways  INTHEBLACK
10,OpEd Walkerxe2x8x99s High Speed Folly   Urban Milwaukee
11,Michael Phelps  Medals Wife  Life  Biography
12,The Ultimate Pricing Strategy To Charge What Your Time Is Worth
13,Train travel in India  a beginners guide  How to buy tickets rnonline
14,POLITICO Playbook The most reliable politics newsletter  POLITICO
15,How To Make Over A Hundred Bucks An Hour With Uber
16,Fastest Private Jets in the World A Comparative Analysis
17,11 Ways to Make 1 in 218
18,52 places to go in 219 The top destinations to visit this year
