,searched
0,Data Note Americans Challenges with Health Care Costs  The Henry J Kaiser Family Foundation
1,New KaiserNew York Times Survey Finds One in Five WorkingAge Americans With Health Insurance Report Problems Paying Medical Bills  The Henry J Kaiser Family Foundation
2,Seniors report spending 22 billion from savings to cover healthcare costs  The Washington Post
3,Even Insured Can Face Crushing Medical Debt Study Finds  The New York Times
4, Consumers Feel Sticker Shock As OutOfPocket Health Care Costs Rise  Hartford Courant
5,Provider Consolidation Drives Up Health Care Costs  Center for American Progress
6,Dilemma over deductibles Costs crippling middle class
7,How Has Obamacare Impacted Health Care Spending in America  Money
8,The unfinished business of health reform Reining in market power to restrain costs without sacrificing quality or access  Economic Policy Institute
9,Bloomberg  Are you a robot
10,The ACAs costsharing subsidies  healthinsuranceorg
11,The US Health Care System An International Perspective xe2x8x94 DPEAFLCIO
12,Poll A Majority of Republicans Support Medicare for All
13,Americas Love Affair With Prescription Medication  Consumer Reports
14,Healthcare in Canada  Wikipedia
15,People Skip Cancer Treatments Drugs Because Of High Prices  Shots  Health News  NPR
16,Over half of Americans delay or dont get health care because of money
17,Colorado hospitals profits among highest in US as patients pay more
