,searched
0,Will Congress Let Trump Build More Nuclear Weapons  Foreign Policy
1,Herexe2x8x99s how many billions the US will spend on nuclear weapons over the next decade
2,APS Physics  FPS  US Nuclear Weapons Modernizationxe2x88x97
3,No the US doesnxe2x8x99t need to expand its nuclear weapons program
4,Making Nuclear Weapons Menacing Again  The Nation
5,ProCon Should the US beef up its nuclear arsenal to keep pace with Russia  Columns  dailyastoriancom
6,US Nuclear Weapons Modernization  Council on Foreign Relations
7,ICAN  International Campaign to Abolish Nuclear Weapons
8,Current US Policy  Washington Against Nuclear Weapons Coalition
9,Renovation of the nuclear weapon arsenal of the United States  Wikipedia
10,PIR Center
11,Nuclear budgets  Move the Nuclear Weapons Money
12,House Armed Services Committee Members Show Alarmingly Poor Knowledge On Nuclear Weapons
13,What Is Russiaxe2x8x99s Nuclear Stock Pile Really For
14,America desperately needs to modernize its nuclear weapons  TheHill
15,Opinion  For Decades the United States and Russia Stepped Back From the Brink Until Now  The New York Times
16,Why America needs lowyield nuclear warheads now  The Washington Post
