,searched
0,Sure Unemployment Went Down  Because More People Left The Workforce
1,There are more jobs than people out of work
2,Bloomberg  Are you a robot
3,Employment Hours and Earnings from the Current Employment Statistics survey National Home Page
4,Unemployment Definition How Its Used Causes Impact
5,Real Unemployment Rate Definition Formula Examples History
6,Unemployment Rate
7,Unemployment Rate Hits 39 a Rare Low as Job Market Becomes More Competitive  The New York Times
8,Going beyond the unemployment rate  Pew Research Center
9,19 times Trump called jobs numbers xe2x8x98fakexe2x8x99 before they made him look good  The Washington Post
10,How real is Trumps jobs miracle  BBC News
11,Everything you need to know about Jobs Day  Vox
12,The US unemployment rate measure is deceptive and doesnt need to be xe2x8x94 Quartz
13,United States Unemployment  History Causes  Consequences
14,Trumps Numbers January 219 Update  FactCheckorg
15,Unemployment in the United States  Wikipedia
16,Top 5 Problems With the Unemployment Rate  SmartAsset
17,Longest Consecutive Positive Monthly Job Growth in United States History  The White House
18,US Unemployment Rate Is Low Why Cant People Find Jobs  Money
19,Ing financial analyst salary
20,The Job Market Under President Obama In 8 Charts  NPR
21,Why the unemployment rate is so misleading  MarketWatch
22,Bureau of Labor Statistics Job Report Says Workers Quitting  Fortune
23,Unemployment A Jobs Deficit or a Skills Deficit  Dollars  Sense
24,Calculating the Unemployment Rate  Macroeconomics Fall 218
25,How Often Do People Change Jobs
