,searched
0,The Peoples Republic of China  United States Trade Representative
1,List of the largest trading partners of China  Wikipedia
2,What does the US import from China and how much are the tariffs An interactive guide xe2x8x94 Quartz
3,How Important Is Trade with China Canada and Mexico  St Louis Fed
4,rntrntBenefits of Trade with Chinarnrn
5,UPDATE 3China Oct exports surprisingly strong in race to beat higher US tariffs
6,China October export import trade data
7,n                Commentary Trump tariffs only a weak blow to China  Reuters
8,Would You Buy A Chinese Car Most Americans Say No  Take Our Poll
9,China Increases Tax on US Tea Imports  World Tea News
10,Trade war Chinese exporters frontloading beats US tariffs but for how long  POLITICO
11,Bloomberg  Are you a robot
12,Bloomberg  Are you a robot
13,Germany Buys Time from China  Geopolitical Futures
14,Why China Buys US Treasury Bonds
15,Chinas Exploding Wine Consumption   China Briefing News
16,Maine is sending far more lobsters to Canada as that countrys exports to China boom  WGME
17,  Feeling the tariff pain  Hay and Forage Magazine 
18,Subscribe to read  Financial Times
19,Australia Trade These Are The Top Commodity Imports  Exports  Commoditycom
20,Trump Turns the Tables on China  Geopolitical Futures
