,searched
0,Six Waltons Have More Wealth Than the Bottom 3 of Americans
1,Chart 6 Walmart Heirs Hold More Wealth Than 42 of Americans Combined  Mother Jones
2,Itxe2x8x99s Time to Get Billionaires Off of Welfare  Time
3,Walmart Heirs Have As Much Wealth As Bottom 4 Percent Of Americans Combined  ThinkProgress
4,Walmart Family Wealth is Equal To Bottom 42 of Americans Combined  The Rubin Report  YouTube
5, Just how wealthy is the WalMart Walton family  News  Austin AmericanStatesman  Austin TX
6,Americas wealthiest family owns Walmart They can afford to pay workers 15 an hour  Congressman Ro Khanna
7,After the Brilliant Thing Sen Bernie Sanders Just Did In Congress Everything at Walmart Could Change  Inccom
8,How the WalMart Heirs Got Their Wealth  BillMoyerscom
9,Bernie Sanders  Get WalMart off Welfare  Facebook
10,Bernie Sanders Taxpayers Are Subsidizing The Wealthiest Family In America Get WalMart Off Welfare  Video  RealClearPolitics
11,    What life for the Waltons heirs to Walmart and Sams Club is like  Business Insidern
12,Bernie Sanders on Twitter The Walton family of Walmart owns more wealth than bottom 4 of the American people yet Walmart still doesnxe2x8x99t pay their workers a living wage Ixe2x8x99m introducing legislation today to make Walmart finally pay their workers a living wage httpstcoUOecqwfOoR
13,Strong Walmart earnings add 5bn to Walton family fortune  Business  The Guardian
14,1 Wild Facts About The Waltons The Richest Family In America
15,Inequality exhibit A Walmart and the wealth of American families  Economic Policy Institute
16,Top Articles and Videos about Samwalton on Pocket
17,Did the 15 richest Americans gain as much wealth as the bottom 1 million  The Washington Post
18,A Panel of Experts Trying to Defend Walmart From Bernie Sanders Awkwaaard  GOOD
19,Citizens United  Protect Our Elections  Part 4
