,searched
0,A First in Decades More Businesses Are Closing Than Opening in Most Metro Areas
1,Restaurant and store openings and closings in Hampton Roads  Consumer  Retail  pilotonlinecom
2,Important restaurant and store openings and closings of 218 in Hampton Roads  Consumer  Retail  pilotonlinecom
3,Major Retailers Announce Dozens Of NoVA Store Closings In 219  McLean VA Patch
4,Retailers You Wont Be Seeing In Virginia In 219  Fairfax City VA Patch
5,More businesses are closing than starting Can Congress help turn that around  The Washington Post
6,    Stores closing include Bed Bath and Beyond Walmart in 219  Business Insidern
7,Closings and Delays
8,    Walmart stores closing list  Business Insidern
9,Closing  Delays
10,Retail alert This upscale grocery store chain is closing stores
11,Macys Stores Going Out of Business
12,Mattress Firm store closings See the list of first 2 to close
13,Payless ShoeSource All US stores liquidating and closing
14,Here are the stores Macys is closing next
15,Sears closing 8 more stores in March as it faces possible liquidation
16,Sears is closing 46 more storesxc2xaxe2x8x94 heres where they are
17,Retails toughest year A record for store closings 
18,Account Suspended
19,Weather Closings
20,ForProfit College Chain Closes Shutting Out Nearly 2 Students  The New York Times
21,School Closings  Roanoke VA News Weather  Sports 
22,Closing Information  Northern Virginia Community College
23,    List of 4 stores closing this year  Business Insidern
24,Prominent Christian Book Retailer LifeWay Closing BrickAndMortar Stores  NPR
