,searched
0,32 Tie minimum wage to inflation
1,Raise the Minimum Wage  The New Republic
2,A Campaign to Raise the Minimum Wage  The New York Times
3,Obama Proposes 9 Minimum Wage  Observer
4,A new day for the minimum wage  Fortune
5,Romney urges GOP to back minimum wage hike  The Boston Globe
6,Mitt Romney I think wexe2x8x99re nuts not to raise the minimum wage  Vox
7,MinimumWage Hikes Sweep States  The Pew Charitable Trusts
8,n        FACT CHECK State of the Union  Center for Public Integrityn            
9,Minimum Wage And What It Buys You 195s To Now 
10,Business and Political Experiences Pull Romney 2 Ways on Economy 
11,Romney Raise the minimum wage  POLITICO
12,n        Mitt Romney Backs Minimum Wage Increase Promises Not to Run for President  Truthdig    
13,Governorship of Mitt Romney  Wikipedia
14,Donald Trump  Skunk Works
15,Minimum wage hikes lead to job losses 72
16,July 24 Wisconsin Fights to Raise the Minimum Wage
17,Y Big Story What the minimum wage gets you
18,Chris Christie faces a minefield of issues on national stage  LA Times
19,Obama vows job creation without adding to deficit to keep promises that have been made   West Central Tribune
20,Romney Caught Encouraging Business Owners to Tell Employees How to Vote
21,Mitt RomneyGovernorship  Campaigns Wikia  FANDOM powered by Wikia
22,State of the Union 213 Watch Video Read Full Text Check the Facts and Get More Coverage  News Fix  KQED News
