,searched
0,Kingworldnews economic collapse april 219
1,  Economic History of Hong Kong
2,Is a recession coming Recessions and the fear about the next one explained  Vox
3,After Effects of the Great Depression
4,192s Economy With Timeline and Statistics
5,What are the sources of revenue for the federal government  Tax Policy Center
6,How Does the US Spend Its Foreign Aid  Council on Foreign Relations
7,World Economic Outlook April 218 Cyclical Upswing Structural Change
8,Economic Issues 8  Why Is China Growing So Fast
9,On Tax Day The IRS Is Short Of Money  Vermont Public Radio
10,Automatic Reductions in Government Spending  aka Sequestration  Congressional Budget Office
11,America is going to pay a lot of interest soon But dont fear a debt crisis
12,Smart Phones and Budget Changes  St Louis Fed
13,rnOur Common Future Chapter 4 Population and Human Resources  A42427 Annex Chapter 4  UN Documents Gathering a body of global agreementsrn
14,State and Local Expenditures  Urban Institute
15,Government spending  Wikipedia
16,Trustees Reports
17,The Changing Face of Americas Adolescents  HHSgov
18,Why conservatives should avoid government shutdowns
19,Teacher salary Public schools now pay below state average almost everywhere  The Washington Post
20,rntFederal Budget Deficit  Gallup Historical Trendsrn
21,Does government spending on education promote economic growth
22,rntWhat has and hasnxe2x8x99t changed since the global financial crisis  McKinseyrn
23,Indonesias economy Between growth and stability  Lowy Institute
