,searched
0,Twice as many moved out of New Jersey in 218 as moved in
1,New Jersey  Wikipedia
2,3 reasons so many people are getting the hell out of the Northeast  MarketWatch
3,New Jersey  Capital Population Map History  Facts  Britannicacom
4,New Jersey League of Municipalities
5,Hunger in New Jersey  Center for Food Action
6,Where We Came From and Where We Went State by State  The New York Times
7,The fastest growing and shrinking states A closer look
8,Which US States Are the Oldest  Population Reference Bureau
9,US unauthorized immigrant population estimates by state 216  Pew Research Center
10,States With Most Government Employees Totals and Per Capita Rates
11,The suddenly hot job market for workers over 5
12,Careers in social work Outlook pay and more  Career Outlook US Bureau of Labor Statistics
13,Hundreds of NJ cops are using force at alarming rates The statexe2x8x99s not tracking them So we did  njcom
14,Center for Nonprofits  Job Listings
15,How much do incarcerated people earn in each state  Prison Policy Initiative
16,NJ New Jersey Unemployment  Are you eligible
17,A new estimate of US Muslim population  Pew Research Center
18,The US States People Are Fleeing And The Ones They Are Moving To
19,We Compared Life Expectancy in All 5 States to Countries Around the World The Results Are Truly Stunning  Inccom
20,Bloomberg  Are you a robot
21,Employment and disconnection among teens and young adults The role of place race and education
22,Experts on the Future of Work Jobs Training and Skills  Pew Research Center
