,searched
0,Governor Accused in Scheme to Sell Obamaxe2x8x99s Senate Seat  The New York Times
1,Ohio Republican Party readies elections complaint over contribution Ed FitzGerald returned  clevelandcom
2,rntPay to Play How Rod Blagojevich Turned Political Corruption Into a National Sideshow  978156663834rn
3,Pay to Play How Rod Blagojevich Turned Political Corruption Into a National Sideshow by Elizabeth Brackett
4,Amazoncom Pay to Play How Rod Blagojevich Turned Political Corruption Into a National Sideshow eBook Elizabeth Brackett Kindle Store
5,Axe ripped Fitzgeralds patronage purge  POLITICO
6,Rod Blagojevich corruption charges  Wikipedia
7,NJ Election Law Enforcement Commission
8,List of American state and local politicians convicted of crimes  Wikipedia
9,Frank Rich Roy Cohn Was the Original Donald Trump
10,Feds Governor tried to sell Obamas seat  politics  NBC News
11,rn  Gangs and Politicians in Chicago An Unholy Alliance rn  Chicago magazinern        January 212rn    
12,The Daily 22 Floating clemency for Blagojevich Trump diminishes the gravity of political corruption  The Washington Post
13,The hidden key to the SNCLavalin scandal  National Observer
14,Pennsylvania Attorney General announces criminal charges in Turnpike paytoplay scheme  Pittsburgh PostGazette
15,Lakewood Police Stopped Ed FitzGerald and a Passenger During His Tenure as Mayor After a Call for a Suspicious Vehicle  Scene and Heard Scenes News Blog
16,Stuart Jeffries talks to Edward Fitzgerald QC who represents killers and terror suspects  UK news  The Guardian
17,Susan Watkins Which Feminisms NLR 19 Januaryxe2x8x93February 218
18,Corruption and Australiaxe2x8x99s Parliament  Pursuit by The University of Melbourne
19,My President Was Black  The Atlantic
