,searched
0,USMexico border apprehensions increased in 218  Pew Research Center
1,Border at xe2x8x98Breaking Pointxe2x8x99 as More Than 76 Unauthorized Migrants Cross in a Month  The New York Times
2,Trump Claims There Is a Crisis at the Border Whatxe2x8x99s the Reality  The New York Times
3,A Record Number Of Migrant Families Are Showing Up At The USxe2x8x93Mexico Border
4,Factchecking President Trumpxe2x8x99s Oval Office address on immigration  The Washington Post
5,US Arrests Record Number of Families at Southern Border  WSJ
6,US Unauthorized Immigration Total Lowest in a Decade  Pew Research Center
7,National emergency Is there a crisis on the USMexico border  BBC News
8,Border The migration crisis and the Trump administrationxe2x8x99s response explained  Vox
9,Where Does Illegal Immigration Mostly Occur Heres What The Data Tell Us  NPR
10,Trump immigration speech the facts about the USMexico border  Vox
11,Falling Illegal Immigration Numbers Confirm No Border Crisis
12,Trumps immigration policy is worsening the border crisis xe2x8x94 Quartz
13,David Frum How Much Immigration Is Too Much  The Atlantic
14,Most illegal immigration isnt at Mexican border where Trump wants to build a wall
15,Fact Check Donald Trumps Border Wall Speech From the Oval Office  Time
16,Yes Theres a Crisis on the Border And Its Trumps Fault  POLITICO Magazine
17,Would Patrolling With the Border Patrol Change Your Mind
18,Illegal immigration Separating the facts from fiction
19,Illegal immigration to the United States  Wikipedia
20,Fact Checkers Cant Handle the Truth  Center for Immigration Studies
21,The US Immigration Debate  Council on Foreign Relations
22,The Facts on Immigration Today  Center for American Progress
23,Why are so many migrants crossing the US border It often starts with an escape from violence in Central America
