,searched
0,FactChecking Marijuana Claims  WUSF News
1,Mason Tvert responds to his viral SNLmocked interview with Nancy Grace  The Cannabist
2,HLNs Judge Nancy Grace states People on pot shoot stab and strangle each other xcexbcxcexb5 xcfx85xcfx8xcfx8cxcfx84xcexb9xcfx84xcexbbxcexbfxcfx85xcfx82  Amara
3,2 Celebrities Who Publicly Said Stupid Things
4,Gang mob circle victim as they stab him outside a shop in London  Daily Mail Online
5,Darren Pencille charged with Surrey train murder of Lee Pomeroy  Daily Mail Online
6,University dropout who tortured and killed his transgender lover in frenzied stabbing  Daily Mail Online
7,Bulger On Trial  WBUR
8,Judge Nancy Grace states People on pot shoot stab and strangle each other  videos
9,Premio Innovazione Amica dellambiente 215  Fondazione Legambiente Innovazione
10,All 289 Eminem Songs Ranked  SPIN
11,Grantchester Season 4 On Masterpiece
12,fakenewstestcsv at master xc2xb7 rampkitsfakenews xc2xb7 GitHub
13,171 Best Quotes images  Thoughts Lyric poetry Words
14,Mitzeee Minniver  Wikipedia
15,Harry Potter  Harry Potter Wiki  FANDOM powered by Wikia
16,MODE Spring 216 by MODE Magazine  Issuu
17,Tiger Woods comeback tour hits another speed bump
18,n      Do You 1Qn    
19,New Episodes  Show Notes  You Must Remember This 
