,searched
0,Georgia lobbyists lawmakers dine out on weak ethics law
1,Lobbying and transparency A comparative analysis of regulatory reform  SpringerLink
2,Lobbies  AMERICAN HERITAGE
3,How Campaign Contributions and Lobbying Can Lead to Inefficient Economic Policy  Center for American Progress
4,Online Training Videos  Lobby School
5,GovTrackus  Congressional Misconduct Database
6,America Is Not a Democracy  The Atlantic
7,Voting Rights Act of 1965  Wikipedia
8,Patient Protection and Affordable Care Act  Wikipedia
9,Lobbying in the Shadows Religious Interest Groups in the Legislative Process
10,COST  Council On State Taxation
11,218 ballot measures  Ballotpedia
12,Ky constable krs
13,Nurse Staffing Ratio Law  Debating the merits of a nursestaffing ratio law
14,Statutes  Constitution rn      View Statutes rn    rn  rn  Online Sunshine
15,Meet Our Team  Connect South
16,Fix Our Broken System  wwwgporg
