,searched
0,Comments on What does Americaxe2x8x99s Second Amendment really say  The Economist
1,Illinois Review Second Amendment
2,Hillary Clintons threat to the Second Amendment  and the First  Chicago Tribune
3,Everything that was said at the second Donald Trump vs Hillary Clinton debate highlighted  The Washington Post
4,216 presidential candidates on the Constitution  Ballotpedia
5,216 presidential candidates on federalism  Ballotpedia
6,CNNcom  Transcripts
7,Hillary Clintons tenure as Secretary of State  Wikipedia
8,Betsys Page 111827  112527
9,A History of President Obamaxe2x8x99s 8 Years in Office
10,This Article Wonxe2x8x99t Change Your Mind  The Atlantic
11,The Internet Warriors
12,In Depth with Mark Levin  CSPANorg
13,Transcript Quote  Debate 2nd Republican Presidential Candidate Debate  September 16 215  Factbase
14,The US RegimeChange Agenda in Venezuela Haiti and Egypt
15,Trump and His Jokes and You  Whatever
16,Myron Calhouns Collection of Liberty  Freedom Quotations
17,Civics 11 Episodes  Civics 11 A Podcast
18,How tall is jerry nadler
