,searched
0,George Allen American politician  Wikipedia
1,Republican George Allen of Va to run again for US Senate seat  The Washington Post
2,Hank for Senate Cat campaigns against George Allen Tim Kaine for Va seat  The Washington Post
3,George Allen  Ballotpedia
4,Virginia Senate candidate George Allen R Discusses Foreign Aid to Egypt  CSPANorg
5,George Allen  The New York Times
6,ALLEN George  Biographical Information
7,Ashby Ponds Candidate for US Senate and Former Virginia Governor George Allen to speak at Ashby Ponds Retirement Community  Erickson Living
8,Tim Kaine with Senate candidate George Allen 212    lacrossetribunecom
9,GeorgeAllencom
10,n                Former Virginia Senator George Allen tries a comeback  Reuters
11,George Allen Attempts Historical Rarity in 212 US Senate Bid  Smart Politics
12,Why George Allen and Tim Kaine Wonxe2x8x99t Beat Up On One Another in Virginiaxe2x8x99s Senate Race  The New Republic
13,George Allen Political History of a US Senate Candidate  YouTube
14,George Allen introduces Macaca  YouTube
15,George Allen  Candidate for US President Republican Nomination  Election 212
16,Larry J Sabatos Crystal Ball   THE COMEBACK KIDS SENATE SECOND ACTS
17,ExVa Gov Allen helps Howard Senate candidate  MarylandReportercom
18,George of the Fumble  Mother Jones
19,Tim Kaine with Senate candidate George Allen 212    tucsoncom
20,214 Midterm Election How Republican Senate Candidates Avoided Gaffes  Time
21,Sen George Allen RVA   Possible 28 Candidate for President
22,Former senator George Allen to try for comeback  LA Times
23,George Allens biggest problem isnt racial insensitivity
24,A Gaffe Can Matter When It Motivates the Base  FiveThirtyEight
25,George Allen Defended Racist Virginia Song
26,The Battle For Congress Senate And House Races To Watch  Vermont Public Radio
