,searched
0,The Irony Of President Obamas Oil Legacy
1,President Obamas Energy Report Card
2,Weekly Address Investing in a Clean Energy Future  whitehousegov
3,Fact Sheet AlloftheAbove Approach to American Energy  whitehousegov
4,Obama steals GOPs energy slogan  POLITICO
5,Candidates Make Slippery Claims on Oil
6,Obama Administration Approves Roadmap for UtilityScale Solar Energy Development on Public Lands  US Department of the Interior
7,US Field Production of Crude Oil Thousand Barrels
8,Obama OKs first new oil refinery in 3 years three weeks before Election Day  Grist
9,A History of President Obamaxe2x8x99s 8 Years in Office
10,Economic policy of the Barack Obama administration  Wikipedia
11,Obama Urges Incentives For AlternativeFuel Vehicles  NPR
12,How Obama Became the Oil President  Mother Jones
13,Domestic Leg of the Keystone XL Pipeline Moves Ahead  Center for American Progress
14,No President Can Take Credit for the Success or Failure of the Oil and Gas Industry  Upstream Petroleum Management
15,Energy from the Party Perspective  Ohio Oil and Gas Association
16,OIL AND GAS Production on federal tracts fell in 211  Monday February 27 212  wwweenewsnetn
17,n                In major shift US now exports more oil than it ships in  Reuters
18,Barack Obama What He Achieved in the White House  Time
19,Obamas Numbers October 214 Update  FactCheckorg
20,Trumps Numbers Second Quarterly Update  FactCheckorg
21,Obama Ad Targets Conservative Strongholds in Colorado    KUNC
22,Ad blames Obama for high gas prices  Fox News
23,News  With ObamaEra Handcuffs Removed US Finally Becomes Net Oil Exporter  Heartland Institute
