,searched
0,GUIDE TO CRIMINAL PROSECUTIONS IN THE UNITED STATES
1,xe2x8x98Progressive Prosecutorxe2x8x99 Can Kamala Harris Square the Circle  The New York Times
2,Opinion  Kamala Harris Was Not a xe2x8x98Progressive Prosecutorxe2x8x99  The New York Times
3,What If Prosecutors Wanted to Keep Peoplexc2xaOutxc2xaof Prison
4,Criminal Justice Standards for the Prosecution Function
5,n        Misconduct and punishment  Center for Public Integrityn            
6,Attorney General Announces ZeroTolerance Policy for Criminal Illegal Entry  OPA  Department of Justice
7,FJP Releases  Fair and Just Prosecution
8,Jeff Sessions Is Killing Civil Rights  The Atlantic
9,Arizonaxe2x8x99s Problems with Immigration Federalism  Take Care
10,Racial Profiling Definition  American Civil Liberties Union
11,World Report 218 United States  Human Rights Watch
12,Eric Holder  Wikipedia
13,Supreme Court of Virginia Opinions
14,Terrorismxe2x8x99s Double Standard
15,Defenses of Separating Children from Parentsxe2x8x94And Why Theyxe2x8x99re Wrong  Cato  Liberty
16,The Catholic priest child sex abuse crisis explained  Vox
