,searched
0,You are being redirected
1,You are being redirected
2,Senate Session  CSPANorg
3,The Latest Schumer says Trump backed off deal
4,Senate Democrats wonxe2x8x99t pass a budget  The Washington Post
5,Senate Democrats appear to derail bill to avert shutdown  PBS NewsHour
6,Midterm Elections Live Results Democrats Have Flipped The House And Republicans Will Keep The Senate
7,213 United States federal government shutdown  Wikipedia
8,Trump Threatens Shutdown as Negotiators Close In on Budget Deal  The New York Times
9,GOP assails Reid on budget punt  POLITICO
10,Earned Income Tax Credit Senate Democrats propose big expansion  Vox
11,Government shutdown 219xc2xaall 2 previous shutdowns explained  Vox
12,Reid This years budget is done  TheHill
13,Who Has A Chance Against Walker  Watch on Wisconsin Public Television
14,Record US government shutdown harms Trumps ratings plus Brexit chaos and Australian Essential poll
15,Heres who the partial government shutdown affects
16,ntUncategorized Archives  Page 4 of 21  Washington State Senate Democratst
17,Border wall Democrats give Trump no money for barrier in first offer
18,Press Briefing by Press Secretary Sarah Sanders and Secretary of Defense James Mattis  The White House
19,US shutdown Democrats to pass funding bills as they take control of House  BBC News
20,Graces Law Passes Senate Commerce Committee  NJ Senate Democrats
