,searched
0,Capitol Police arrest Rayburn projection protester confiscate equipment
1,New Capitol police chief to clamp down on protests  Politics and Elections  madisoncom
2,Capitol Police chiefs crackdown on protesters appears to be backfiring  Local News  madisoncom
3,UPDATE Wisconsin appeals court Protest policy was unconstitutional
4,Unlawful assembly Capitol steps arrests raise key questions  The Hook  Charlottesvilles weekly newspaper news magazine
5,A year later no end in sight for Capitol crackdown on protesters  Politics and Elections  madisoncom
6,Chief of peace During protests at Capitol Charles Tubbs emerged as force for calm  Local News  madisoncom
7,Police clash with Capitol singers for second straight day  Stateandregional  wiscnewscom
8,Crime and Courts Bad behavior on display in Capitol Police reports  Local News  madisoncom
9,Peace corp of nigeria news 1 april 219
10,29 Iranian presidential election protests  Wikipedia
