,searched
0,Republican Governors Association says Ohio lost 4 jobs on Gov Ted Stricklands watch  clevelandcom
1,RGA TV Ad Ohio  Ted Strickland Huge  YouTube
2,Television Ad on the Ohio Jobs Lost  under Ted Strickland 4  YouTube
3,RGA Ad Ohio  Inspector General Special Strickland Unit  YouTube
4, Campaign Ad Watch Mike DeWine loose with facts in attack on Richard Cordray  News  The Columbus Dispatch  Columbus OH
5, Ad Watch Mike DeWine loose with facts in tax jobs attacks on Rich Cordray  News  Akron Beacon Journal  Akron OH
6,Ohio Gone on Vimeo
7,Kochs unleash 2 million ad in Ohio Senate race
8,Should Ohio blame Ted Strickland for jobs lost while he was governor
9,Republican John Kasich victorious in Ohio jobs message overcomes Wall Street baggage  clevelandcom
10,Fact check Rob Portman on Ted Stricklands economic record  Ballotpedia
11,Strickland wont run for governor in 214  WVXU
12,New TV ad pins blame for NCR move on governor
13,Is Time Up for Ted  WSJ
14, Ad Watch New DeWine spot highly misleading in attack on Cordray  News  RecordCourier  Kent OH
15,Sun will come up again Kasich promises in new ad
16,Cordray criticizes DeWines political record during Youngstown stop  vindycom 
17,Ohio Strickland vs Kasich Fisher vs Portman  21 Races to Watch  TIME
18,Successful auto bailout to be subject of Ohio tour on behalf of Obama  Toledo Blade
19,Ohio Weekend Roundup  National Review
