,searched
0,I oppose samesex marriage and no Im not a bigot  ABC News Australian Broadcasting Corporation
1,Abuse Tracker July 28 Archives
2,Clip House Session  CSPANorg
3,fakenewstestcsv at master xc2xb7 rampkitsfakenews xc2xb7 GitHub
4,Texas politics full of pants on fire moments  Houston Chronicle
5,Political positions of Hillary Clinton  Wikipedia
6,rntWhat gay parents are worthrn
7,NAASCA  Feb17  week 4  Recent News  NAASCAorg
8,rnttDomestic Family Violence  TAFE NSW  South Western Sydney Instituternt
9,Abelard and Heloise REMARKS on a new literal translation  roland D Oberson  Academiaedu
10,ASC  The American Society of Criminology  21 Abstracts
11,215  New Books  LibGuides at Wilkes University
