,searched
0,The Job Killers  Mother Jones
1,You are being redirected
2,You are being redirected
3,Grover Norquist  Wikipedia
4,Americans for Tax Reform  Wikipedia
5,Despite Signing Pledge to Oppose Tax Increases Congressman Bill Cassidy Has Supported Policies That Raise Taxes on Louisiana Families at Every Turn  Louisiana
6,Understanding Republicans vs Democrats on Taxes
7,Will Arizona Gov Ducey violate his no tax pledge by signing bill
8,13 Inspirational Quotes About Taxes  Inccom
9,AFP Launches Digital Campaign Opposing Gas Tax Increase
10,73 of Edmonton homeowners oppose any property tax increase poll  Edmonton  Globalnewsca
11,How George HW Bushs broken no new taxes pledge changed American politics and policy forever
12,Why it matters in Paying Taxes  Doing Business  World Bank Group
13,xe2x8x98Yellow Vestxe2x8x99 Protests Shake France Herexe2x8x99s the Lesson for Climate Change  The New York Times
14,Newsroom  Ontario Stands Up For Seniors by Opposing the Costly Federal Carbon Tax
15,Scalise McKinley Introduce AntiCarbon Tax Resolution  Congressman Steve Scalise
16,Laxalt releases economic development plan focused on reducing regulations opposing tax increases  The Nevada Independent
17,Nearly half of Americans oppose GOP tax bill Monmouth poll says
18,The case for raising the alcohol tax  Vox
19,Tax History Project  The Income Tax Arrives
20,Florida Amendment 5 TwoThirds Vote of Legislature to Increase Taxes or Fees Amendment 218  Ballotpedia
