,searched
0,The myth of the 7page federal tax code  Vox
1,How long is the tax code It is far shorter than 7 pages
2,    214 How Many Pages in the US Tax Code  Business Insidern
3,Look at how many pages are in the federal tax code
4,Jeb Bush My Tax Overhaul to Unleash 4 Growth  WSJ
5,Rand Paul Takes Aim At The Tax Code Literally With An AR15
6,The tax code is too complex and penalizes success  The Washington Post
7,Perot Urges Redesign of Tax System  The New York Times
8,Reforming Tax Preferences to Pay for Tax Reform  Mercatus Center
9,Student Loans and Taxes  New Tax Law
10,Tax on annual income calculator by keyword
11,Tax codes and tax rates
12,Publication 17 218 Your Federal Income Tax  Internal Revenue Service
13,Speak Now Congress or Forever Maintain the Status Quo  Mercatus Center
14,OPINION We must reduce the size of the federal govxe2x8x99t  MadisonJournalTODAY
15,  Services  Eden Prairie Tax
16,Yes Machine Learning Can Help Make Tax Preparation Less Painful  Intuit Corporate Blog
17,n      Tax codes Updating your tax code  GOVUKn  
18,n          Introducing the Tax Foundationxe2x8x99s 218 Tax Reform Calculatorn      
19,rntRep Gosar Our Tax System is Completely Broken  Congressman Paul Gosarrn
20,    Trump tax plan How it may affect a family making 25k 75k or 175k  Business Insidern
21,Speak Now Congress or Forever Maintain the Status Quo  Reasoncom
