,searched
0,More Police Officers Died From Gunfire Than Traffic Incidents In 218 Report Says  NPR
1,Data on police officers killed since 1961  Dan Wang
2,US police shootings How many die each year  BBC News
3,Police Officer Fatality Rates by State
4, Police Have a Much Bigger DomesticAbuse Problem Than the NFL Does  The Atlantic 
5,Number of officers killed hits 2ndlowest in more than 5 years
6,Police Killings of Blacks Here Is What the Data Say  The New York Times
7,Heres How Many People Police Killed in 218
8,Herexe2x8x99s How Many People Police Killed in 217
9,American police shoot and kill far more people than their peers in other countries  Vox
10,Study Police Officers and Firefighters Are More Likely to Die by Suicide than in Line of Duty
11,Police officers in the US were charged with more than 4 rapes over a 9year period  CNN
12,Drug decriminalisation in Portugal setting the record straight  Transform Drug Policy Foundation
13,Bureau of Justice Statistics BJS  Use of Force
14,Police Officers Factsheet
15,    POLICE KILLING OF BLACKS Data for 215 216 217 and first half of 218  Sociology Toolboxn
16,Law Enforcement Line of Duty Deaths in 219
17,Young black men killed by US police at highest rate in year of 1134 deaths  US news  The Guardian
18,rntAlcohol Abuse Among Police Officers  Hazelden Betty Ford Foundationrn
19,National Center For Women and Policing
