,searched
0,The Effects of Waiting Periods  RAND
1,Gun waiting periods could save hundreds of lives a year study says  Science  AAAS
2,Senate votes to end Wisconsins handgun waiting period
3,Gun Control  Just Facts
4,Fact Check Is Chicago Proof That Gun Laws Dont Work  NPR
5,Four Laws That Could Stem the Rising Threat of Mass Shootings  Scientific American
6,You Know Less Than You Think About Guns  Reasoncom
7, Americas Gun Laws How the Rest of the World Compares  The Atlantic 
8,Why are people against common sense gun control Im not trying to start a fight but I genuinely dont understand why background checks and a waiting period are too much to ask for  Quora
9, Gun Violence in America The 13 Key Questions With 13 Concise Answers  The Atlantic 
10,First Reports Evaluating the Effectiveness of Strategies for Preventing Violence Firearms Laws 
11,So just how easy is it to get a gun in Minneapolis  MinnPost
12,acevedo  CSPANorg
13,Gun laws in Australia  Wikipedia
14,Tyrrell We need common sense gun laws  Opinion  iowastatedailycom
15,DoctoDoc Gun Violence as a Public Health Issue  Medpage Today
16,Three million Americans carry loaded handguns daily study finds
17,USDOJ United States Department of Justice Archive  StrategyJan16PM
