,searched
0,Drug Testing Explained Cost Devices Privacy and Accuracy
1,Conditional probability tree diagram example video nKhan Academy
2,Quick Test vs Lab Test Drug Screening  I  O Medical Centers
3,PreEmployment Drug Testing
4,rnDrug Testing and Other Possible Conditions of Employment    
5,Urine Drug Test Kits  Urine Drug Testing  FDA Cleared
6,Hair Follicle Drug Test xe2x8x93 A Complete Guide  Best Tests Reviewed
7,DISA  Formerly SECON
8,Drug test  Wikipedia
9,5 Drug and alcohol testing situations  Ontario Human Rights Commission
10,Positive Drug Test Results What You Need to Know
11,Questions and Answers about United States Postal Service Drug Test  Indeedcom
12,Ketones in Urine MedlinePlus Lab Test Information
13,NonDOT Drug Testing What You Need to Know
14,Implementation Guidelines for Alcohol and Drug Regulations  Chapter 5  Federal Motor Carrier Safety Administration
15,Saliva screening test for 5 drugs  NarcoCheck
16,5 Panel Drug Test for Employee Screening  Nationwide Network
17,How Long Do Drugs Stay In Your System
18,FAQs  First Check Family
