,searched
0,Dangerous Discipline
1,The schooltoprison pipeline explained  Vox
2,The SchooltoPrison Pipeline Definition and Evidence
3,Pipeline to Prison Special education students land in jail too often
4,SchoolDisturbance Laws Have Outlawed Being a Teenager in America  The Atlantic
5,The State of Free Speech and Tolerance in America  Cato Institute
6,Sex Offender Laws in the US  HRW
7,Crime
8,Alabamas War on Marijuana  Southern Poverty Law Center
9,Angela Davis  Wikipedia
10,Harvard Has Become More Racially Diverse But Most Of Its Students Are Still Really Rich  Edify
11,nnn    n        n           Life And Death At Chemawa Indian School n        n        Newsn    n     OPBn
12,Frequently Asked Questions  Office of Student Conduct  UCF
13,Columbine Shootings Grim Legacy More Than 5 School Attacks Plots   ABC News
