,searched
0,CNN Fact Check Obama went on an apology tour Romney and others say  CNNPolitics
1,Obamaxe2x8x99s trip to Hiroshima and the looming xe2x8x98apology tourxe2x8x99 narrative  The Washington Post
2,No Apology  Wikipedia
3,Obamas Apology Tour And Latin American Dictators
4,The Presidents Apology Tour  WSJ
5,Should America Ever Apologize by Ruti Teitel  Project Syndicate
6, The Democratic Apology Tour We Need  Crooked Media
7,Romneys Sorry Apology Dig  FactCheckorg
8,Barack Obama Archives  Page 21 of 77  FactCheckorg
9,Obamas apology complex  POLITICO
10,After Fueling Birther Conspiracy Donald Trump Now Says Barack Obama Born In The US  NPR
11,22 Democrats Agree Theyxe2x8x99re Very Very Sorry  The New York Times
12, The Democratic Party Just Apologized to Black Voters  The Atlantic 
13,Confronting the Consequences of Obamas Foreign Policy
14,Fact or fiction Is Obama the xe2x8x98apologistxe2x8x99 president  The Globe and Mail
15,Barack Obama  US Presidency Family  Quotes  Biography
16,President Obama Arrives in Vietnam for Historic Asia Trip
17,Trumpxe2x8x99s Apology Tour  FPIF
18,It took years of diplomacy for Abe and Obama to stand together at Pearl Harbor xe2x8x94 Quartz
19,Obamas shameful apology tour lands in Hiroshima
20,Time for Joe Biden to end the xe2x8x98apology tourxe2x8x99 and pass the torch to the 21st Century  Will Bunch
21,What Donald Trump has said through the years about where President Obama was born  Los Angeles Times
22,Sympathy for victims but no apology as Obama makes historic Hiroshima visit
23,Subscribe to read  Financial Times
24,Hiroshima memory must never fade Obama says on historic visit  BBC News
