,searched
0,5 freed from Gitmo in exchange for Bergdahl join Talibanxe2x8x99s political office in Qatar
1,PolitiFact  Donald Trump The five Guantanamo detainees  Facebook
2,Bowe Bergdahl Facing Desertion Trial Asks Obama for Pardon  The New York Times
3,Military suspects Detainee swapped for Bergdahl has returned to fight  CNNPolitics
4,xe2x8x98Taliban Fivexe2x8x99 Once Held at Guantanamo Join Insurgencyxe2x8x99s Political Office in Qatar   WSJ
5,Taliban official swapped for Bowe Bergdahl could return to battlefield general says  The Washington Post
6,Gitmo detainees traded for Bergdahl have tried to resume terror activities
7,Bowe Bergdahl  Wikipedia
8,Bowe Bergdahl Says Returning to US Was as Tough as Captivity
9,Taliban swapped for Bergdahl could be drone targets Kerry indicates  World news  The Guardian
10,No Obama cant use Bergdahlstyle prisoner exchanges to close Guantanamo  Vox
11,Guantanamo inmates swapped for Bergdahl could move freely  PBS NewsHour
12,The 5 Guantanamo detainees swapped for Bowe Bergdahl  YouTube
13,Bowe Bergdahl exchange  Ballotpedia
14,    n            John McCain questions swap of highest highrisk people for Bergdahl  CBS Newsn    
15,Bowe Bergdahl White House defends prisoner swap in tense Hill meeting  POLITICO
16,Prisoner swaps like Sgt Bergdahls are nothing new  MSNBC
17,    Former Guantanamo return to terror in Middle East  Business Insidern
18,What happened to captured US soldier Bowe Bergdahl  BBC News
19,Sergeant Bowe Bergdahl Prisoner Exchange  CSPANorg
20,US soldier Bowe Bergdahl freed by Taliban in swap for Guantanamo prisoners  ABC News Australian Broadcasting Corporation
21,How Bergdahls Release Fits In The History Of Prisoner Exchanges  NPR
22,Guantanamo Why Obama Hasnt Been Able to Close the Prison  Time
23,Botching the Prisoners Returning to the Battlefield Story  FAIR
