,searched
0,Obama to Trump Stop Whining About Rigged Election  Video  RealClearPolitics
1,After disbanding his vote fraud panel Trump still says voting system is rigged  Los Angeles Times
2,What are 3 things that make the US election system rigged  Quora
3,The US election wont be rigged xe2x8x93 but the system has to be fixed
4,Donald Trump Says the Election Could Be xe2x8x9cRiggedxe2x8x9d Herexe2x8x99s Why Hexe2x8x99s Wrong  Vanity Fair
5,How to rig an election in three notsoeasy steps
6,Is the US election really rigged  BBC News
7,On Election Day Trump still says its largely a rigged system
8,Donald Trumpxe2x8x99s xe2x8x9crigged electionxe2x8x9d myth explained  Vox
9,Why Trump says its all rigged  POLITICO
10,Will the US Presidential Election Be Rigged  YouTube
11,Trump The system is rigged against our citizens  YouTube
12,Subscribe to read  Financial Times
13,How the Electoral College Rigged the Election for Trump  Rolling Stone
14,Trump Says System Is Rigged  Video  NYTimescom
15,Republicans rigged our democracy Heres how Democrats can fight back  David Faris  Opinion  The Guardian
16,Bernie Sanders And Donald Trump Say The Voting System Is Rigged Is It   NPR
17,Donald Trump Brett Kavanaugh and the rigging of American politics  Vox
18,Donald Trump says the election is xe2x8x98riggedxe2x8x99 Herexe2x8x99s what his supporters think that means  The Washington Post
19,Donald Trump Rigged Elections Talk Is Incorrect  Time
20,    Trump claims election will be rigged xe2x8x94 and its being called dangerous  Business Insidern
21,Ballot Breakdown  Columbia Magazine
22, Trump Continues to Attack xe2x8x98Riggedxe2x8x99 Elections  The Atlantic 
23,Rigged There is almost nothing new about this presidential elections conspiracy theories xe2x8x94 Quartz
24,Donald Trump ramps up voter fraud claim but Republicans disagree  Donald Trumps America  ABC News Australian Broadcasting Corporation
