,searched
0,Trustees Reports
1,Social Security Funded Until 234 and About ThreeQuarters Funded for the Long Term Many Options to Address the LongTerm Shortfall  Social Security Matters
2,This is why you shouldnxe2x8x99t count on Social Security  MarketWatch
3,Will Social Security Really Run Out of Money  Money
4,Social Security debate in the United States  Wikipedia
5,The unfinished business of health reform Reining in market power to restrain costs without sacrificing quality or access  Economic Policy Institute
6,Social Security Reform CQR
7,LexisNexisTM Congressional  Document
8,National Debt  Just Facts
9,Chapterxc2xa13xc2xaAging and the Elderly  Introduction to Sociology  2nd Canadian Edition
