,searched
0,Medicare Ghost Stories  FactCheckorg
1,A Kentucky shootout over stale Medicare claims  The Washington Post
2,Medicare in the 214 campaign New ads old messages  Sarah Wheaton  POLITICOcom
3,Kentucky Senate race Mitch McConnell strikes back on Medicare ad  POLITICO
4,Grimes proMcConnell group launch dueling attack ads  TheHill
5,Ad wars McConnell takes shot at Grimes  Archives  thetimestribunecom
6,GRIMES CAMPAIGN STATEMENT ON MCCONNELLxe2x8x99S DECEITFUL AD  Alison Lundergan Grimes
7,Kentucky Senate candidate Alison Lundergan Grimes resurrects Mediscare tactic
8,Factchecking the Kentucky Senate race
9,Its Mediscare time in Kentucky
10,REALITY CHECK McConnell Grimes claims about Medicare are false
11,Grimes releases ad critical of McConnell  Local News  dailyindependentcom
12,Mitch McConnells kynect  ACA  Obamacare Lies by the Numbers  ACA Signups
13,Latest News  Louisiana
14,Kentucky Senate Debate  CSPANorg
15,A funky Friday for Democrats  Fox News
16,fakenewstestcsv at master xc2xb7 rampkitsfakenews xc2xb7 GitHub
17,PolitiFact Bias PolitiFact revises its own history
18,Spitfire List    The GOP Pulled Off the Medicaid Bandaid Next Up Medicare Amputationsrn
