,searched
0,Mitt Romney  Wikipedia
1, Mitt Romneys Many Houses  The Atlantic 
2,The Dark Side of Mitt Romney  Vanity Fair
3,Mitt Romney building house in Utah
4,Mitt Romney  Wikiquote
5,Mitt Romney to Make Utah Senate Race Announcement on Feb 15  Time
6,MItt Romney will make announcement on Utah Senate race on Feb 15
7,Mitt Romneys FOUR BIG Houses  Bain Capital  YouTube
8,Mitt Romney Trump has caused worldwide dismay  BBC News
9,Change of Subject When Mitt Romney Came to Town  full video  transcript
10,Mitt Romney will announce on Feb 15 his decision about the Senate race  The Salt Lake Tribune
11,On immigration Romney favors a border wall and meritbased citizenship Wilson opposes wall supports legal status for undocumented residents already here  The Salt Lake Tribune
12,Did Mitt Romney Live In His Sons Unfinished Basement Last Year
13,Mitt Romneyxe2x8x99s latest attempt to backtrack on Trump tells us what to expect from him in the Senate  The Washington Post
14,Mitt Romney launches Utah Senate campaign with dig at Trump  BBC News
15,Subscribe to read  Financial Times
16,Romneys Vacant Childhood Home in Detroit Torn Down  WSJ
17,Mitt movie makes its debut  POLITICO
18,Revisiting the Romneys La Jolla beach house  and its car elevator  Los Angeles Times
19,Mitt Romneyxe2x8x99s Complaints  The New York Times
20,For Romney a Role of Faith and Authority  The New York Times
21,Mitt Romney flashback Stayathome moms need to learn xe2x8x98dignity of workxe2x8x99  The Washington Post
22,Romneys Bermuda Account Raises Questions  NPR
23,Home  Senator Mitt Romney
24,Can Anything Stop Romney From Winning Utahxe2x8x99s Senate Seat  FiveThirtyEight
25,Romney to make Senate announcement   CNNPolitics
26,Mitt Romney announces US Senate run
