,searched
0,SEC Wells Fargo ink 38 Studios settlement will be delayed
1,n                Wells Fargo settles SEC lawsuit over Curt Schillings 38 Studios  Reuters
2,Curt Schilling  Wikipedia
3,oped
4,rntState of Rhode Island General Assemblyrn
5,rntCengage Resource Centerrn
6,PDF Media culture Cultural studies identity and politics between the modern and the postmodern  rebecca chan  Academiaedu
7,38 Studios Lawsuit Settlement Delayed Due to Government Shutdown  Variety
8,Mattiello says state should pay 38 Studios bonds  WJAR
9,Curt Schilling Rhode Island and the Fall of 38 Studios  The New York Times
10,SEC Wells Fargo ink 38 Studios settlement will be delayed  Boston Herald
11,The First Million Might Be The Easiest How To Become A Millionaire By 3
12,InfiniteLooper  Yakety Sax Music
13,4 Practice of Change
