,searched
0,nEzra Kleinn  Unions arent to blame for Wisconsins budgetn                
1,Walkers proposed tax change More money for corporations less for state  Politics and Elections  madisoncom
2,n                Republicans block ending offshore jobs tax breaks  Reuters
3,n                    The 1 percent vs President Obama            
4,Donate Now to Public Citizen
5,Paul Singer Doomsday Investor  The New Yorker
6,Scott Walker   Urban Milwaukee
7,California Free Press
8,Business  The Economist
9,Video How to fix America  Need to Know  PBS
10,California News and Editorials California Clean Money Campaign
11, Perm Tax Bill  CSPANorg
12,Toyota workers could do without this opportunity  ABC News Australian Broadcasting Corporation
13,  Press
14,Why do only 2 consider aid to corporations important  Cafferty File  CNNcom Blogs
15,The Wolf Of Wall Street  CNN Special Investigations Unit  CNNcom Blogs
16,James Meek xc2xb7 Somerdale to Skarbimierz xc2xb7 LRB 2 April 217
