,searched
0,Florida to People of Color Dont Vote Here  Colorlines
1,Sharks attacked more than 3 people off Florida in 217  Sun Sentinel
2,Florida moves to remove noncitizens from voting rolls  Sun Sentinel
3, Report Trump commission did not find widespread voter fraud  News  The Florida TimesUnion  Jacksonville FL
4,The Limbaugh Letter  MARCH 219 Democrat Vote Fraud
5,The Real Voting Fraud  The Vanderbilt Political Review
6,Republicans are silent on shady North Carolina election after worrying about imagined voter fraud  ThinkProgress
7,Voter ID Laws Are Actually a Sneaky Way to Silence Women of Color
8,Controversial education bill barely survives in overtime  Joe Negrons session wins  Voter fraud in Putnam County sheriffs race  POLITICO
9,UF 217 an average year for shark attacks deaths
10,Florida Dems calling out Rick Scotts voter purge  MSNBC
11,Australia is the second worst place in the world for shark attacks after America  Daily Mail Online
12,Voting Wars 216  Amerikaanalysse
13,Billboard Exemplifies Attacks On Voting Rights Of Minorities And LowIncome Individuals
14,CNNcom  Transcripts
15,Dems push affidavits instead of voter IDs  TheHill
16,  Voter ID Push Continues Despite Lack Of Evidence Suggest Election Fraud  LNC  Live Stream News Chat xe2x9bx85xefxb8x8f
17,Justice Watch June 212
18,Bloomberg  Are you a robot
19,Texas Virtually No Voter Fraud  Ed Brayton
20,How Trump Radicalized ICE  The Atlantic
21,Elections czar urges probe into suspected voting fraud alleged by Likud  The Times of Israel
22,The Cyberthreats That Most Worry Election Officials  WSJ
23,The Daily 22 Democrats are going to win House seats today that will be difficult to defend in 22  The Washington Post
24,Happening Now  Sarasota HeraldTribune  Sarasota FL
