,searched
0,Opinion  Jorge Ramos Trump Is the Wall  The New York Times
1,Obamaxe2x8x99s claim that George HW Bush gave relief to xe2x8x994 percentxe2x8x99 of undocumented immigrants  The Washington Post
2,Economic policy of the Barack Obama administration  Wikipedia
3,Political positions of Jeb Bush  Wikipedia
4, Kamala Harriss TrumpSize Tax Plan  The Atlantic 
5,George HW Bush Four ways his funeral was different  BBC News
6,Presidents And Former Colleagues React To George HW Bushs Death  NPR
7,Why Fights Over Immigration Keep Shutting Down The Government  FiveThirtyEight
8,Lest We Forget the Horrors A Catalog of Trumpxe2x8x99s Worst Cruelties Collusions Corruptions and Crimes The Complete Listing So Far Atrocities 1546  McSweeneyxe2x8x99s Internet Tendency
9,A History of President Obamaxe2x8x99s 8 Years in Office
10,Obamas Final Numbers  FactCheckorg
11,Impeachment the Twentyfifth Amendment and How Trump Could Get Fired  The New Yorker
12,Mixed Views of Obama at Yearxe2x8x99s End  Pew Research Center
13,An Oral History of the Bush White House  Vanity Fair
14,Fix Social Security Before It Goes Broke  Reasoncom
15,John DiIulio Previews How FaithBased Initiatives Would Change if Barack Obama Is Elected President  Pew Research Center
16,Bombs Away
17,Radio Derb The Slow Motion Coup The British Election And Not Enough Trumpism Etc  Radio Derb  VDAREcom
18,Secret service most wanted
19,What race kidnaps the most
