,searched
0,In North Carolina paid family leave  The News  Observer  Facebook
1,North Carolina to investigate Coach Sylvia Hatchellxe2x8x99s womenxe2x8x99s basketball program over xe2x8x98issues raised by studentathletesxe2x8x99  The Washington Post
2,Justin Jackson Has the North Carolina Brotherhood on the Brink of a Championship  Bleacher Report  Latest News Videos and Highlights
3,UNC puts womens basketball staff on leave pending program review  abc11com
4,UNC womens basketball coaching staff put on leave  CNN
5,North Carolina Womenxe2x8x99s Coaches Put on Leave  The New York Times
6,North Carolinas Roy Williams Gets Extension But Is Still Not Among the Top 25 HighestPaid Coaches
7,n                UNC puts womens basketball coaching staff on leave  Reuters
8,Evaluating Roy Williams future at North Carolina and the top 5 candidates to one day replace him in Chapel Hill  CBSSportscom
9,    n            Sylvia Hatchell North Carolina Tar Heels womens basketball coach places on leave today  CBS Newsn    
10,Colorado to consider letting colleges pay student athletes challenging NCAA rules
11,NCAA tournament 219 our writers predict the winners sleepers and upsets  Sport  The Guardian
12,Heather Wallace Paid family leave would have made all the difference  The SpokesmanReview
13,Transfers hoping to leave their mark in womens basketball
14,UNC suspends womens basketball staff begins review of program  WRALSportsFancom
15,Family Leave Works for New Yorkers Caring for Sick or Elderly Parents  Grandparents  A Better Balance
16,Even this diehard WNBA supporter questioned why South Carolina players would leave school early xe2x8x94 The Undefeated
17,Auburn Tigers College Basketball  Auburn News Scores Stats Rumors  More  ESPN
18,A new breed of basketball school arises for high school grads trying to catch on with a college team xe2x8x94 The Undefeated
19,Duke Basketball Travel Guide for a Game at Cameron Indoor Stadium
20,Larry Brown basketball  Wikipedia
21, The Case of Jay Bilas vs the NCAA Will Now Be Heard  The Atlantic 
22,1 North Carolina Sports Legends  NC State News
