,searched
0,Bill Ayers 28 presidential election controversy  Wikipedia
1,Obama and Bill Ayers Together from the Beginning  TheHill
2,Palin trying to keep Fey in business  POLITICO
3,FACT CHECK Barack Obama and Bill Ayers
4,Obamas Links To ExRadical Examined  NPR
5,Ayers and Obama crossed paths on boards records show  CNNcom
6,He Lied About Bill Ayers  FactCheckorg
7,Obamaxe2x8x99s Pragmatic Politics Forged on the South Side of Chicago  The New York Times
8,Making It  The New Yorker
9,Obama Reckons with a Trump Presidency  The New Yorker
10,Barack Hussein Obama  Discover the Networks
11,Chart Almost Every Obama Conspiracy Theory Ever  Mother Jones
12,PDF OBAMAS DARKEST SECRETS REVEALED  Victor  Christianto  Academiaedu
13,President Barack Obama The First Draft of History   History Newsn        Network
14,A History of President Obamaxe2x8x99s 8 Years in Office
15,My President Was Black  The Atlantic
16,The OList The 3 People Who Matter Most  The New Republic
17,Why Wont Obama Talk About Columbia  National Review
18,Barack Obamas Lost Years
19,Illinois Review
20,Barack Obama and Democratic Socialists of AmericaSocialism  KeyWiki
21,President Barack Obamas First 1 Days  Stories Photos Videos  National  Los Angeles Times
22,Breaking News  Pennsylvania Conservative Party  Page 3
