,searched
0,Rick Perrys Texas vs Mitt Romneys Massachusetts The Health Statistics Almanac
1,rntAnalysis Perry Miscasts Romney Health Plan  Newsmaxcomrn
2,    n            Romney turns Romneycare question back on Perry I care about people  CBS Newsn    
3,Romneys Strong Debate Performance Keeps Him On Course  PBS NewsHour
4,In defense of capitalism  The Washington Post
5,Romney prospers in Republican debate  The Washington Post
6,Truth Squad Fact checking the GOP debate  This Just In  CNNcom Blogs
7,Romney the Inexorable  The New York Times
8,Mitt Romney liberal On taxes health care trade and bailouts he shows some lefty thinking
9,Cain Romney dominate GOP debate  Houston Chronicle
10,GOP Candidates Push State Role In Health Care   Kaiser Health News
11,South Texas Counties Among Highest Rates of Uninsured in Nation
12,Rick Perry Loses Dartmouth Debate Wins Beta House
13,Herman Cains 999 Plan Under Attack at GOP Debate  The Christian Post
14,A deep health care divide in Rick Perrys Texas  The Boston Globe
15,Rick Perry  Wikipedia
16,Texas health insurance find affordable coverage  healthinsuranceorg
17,FactChecking the Reagan Debate  FactCheckorg
18,Cain Romney skate in debate  POLITICO
19,Priorities Archives  Page 2 of 4  Chris Turner
20,n                Healthcare reform looms large in Texas  Reuters
21,Closing the Coverage Gap What You Need to Know  CPPP Blog  Center for Public Policy Priorities
22,Rick Perrys Texas faces widening health care gap  The Boston Globe
