,searched
0,n                AntiWall Street camps lure US homeless  Reuters
1,n                Thousands protest banks corporate greed in US marches  Reuters
2,Occupy movement  Wikipedia
3,    n            Occupy Wall Street uses social media to spread nationwide  CBS Newsn    
4, What Happened to Occupy Wall Street  The Atlantic 
5,Occupy Wall Street Just Part of Global Anxiety
6,    Occupy Wall Street In 15 Cities Nationwide  Business Insidern
7,Occupy Wall Street  SourceWatch
8,Judge Intervenes After NY Police Clear Occupy Camp  The TwoWay  NPR
9,Occupy Wall Street New York police clear Zuccotti Park  BBC News
10,An Oral History of Occupy Wall Street  Vanity Fair
11,Occupy Wall Street Inspires Worldwide Protests  NPR
12,Occupied  Cities Becoming A Big Problem For Mayors  NPR
13,Occupy Wall Street protesters face eviction in several cities Zuccotti Park tent ban  The Washington Post
14,A Return to Occupy Wall Street  what lessons can we learn   autrefuturnet
15,In United States Occupy Wall Street Movement Gains Supporters
16,Police Oust Occupy Wall Street Protesters at Zuccotti Park  The New York Times
17,Occupy Wall Street Organizers Consider Value of Camps  The New York Times
18,Occupy protesters camp out in Canadian cities  CBC News
19,Occupy Wall Street Protesters Evicted Grapple With Future of Movement  WSJ
20,Slide Show Occupy Americaxe2x8x94Nine Occupied Cities  The Nation
21,Police 3 Occupy Wall Street protesters arrested   US news  Life  NBC News
22, Occupy Wall Street London and Frankfurt xe2x8x93 your questions answered  World news  theguardiancom 
23,From Occupy Wall Street to Occupy the World The Emergence of a Mass Movement  New Politics
