,searched
0,Scraping By On 5K A Year Why Its So Hard To Escape The Rat Race
1,Why Households Need To Earn 3 To Live A Middle Class Lifestyle
2,Alexandria OcasioCortez Calls for 7 Tax Rate on the Rich  Money
3,GovHK Tax Rates of Salaries Tax  Personal Assessment
4,Even YouTube Stars With 14 Million Monthly Viewers Earn Less Than 17 a Year Research Shows  Inccom
5,Jack Whittaker won Powerballxe2x8x99s 314 million jackpot It ruined his life  The Washington Post
6,Social Security United States  Wikipedia
7,Economics of nuclear power plants  Wikipedia
8,If Youre Not Getting Rich in your 2s Youre Doing it Wrong
9,Who Ruined Illinois 
10,Why the Wall Wont Work  Reasoncom
11,How Much Does It Cost to Hire a House Cleaner  Angies List
12,Debates Hansard No 44  April 12 219 421  House of Commons of Canada
13,The SixFigure Price Tag for Selling a 2 Hot Dog  The New York Times
14,A Response To Christians Who Are Done With Church  CareyNieuwhofcom
15,Aurora News  Aurora BeaconNews
16,Brexit Means Brexit  Charlies Diary
17,Why I left Dubai and wont come back part 12   Backpack Me
18,Who Are The Top 1 Income Earners
19,How Much Do I Have To Make As An Entrepreneur Or Contractor To Replace My Day Job Income
20,Highincome Americans pay most income taxes but enough to be fair  Pew Research Center
21,What Would an OpenBorders World Actually Look Like  The Nation
22,Steve Adler New Way Forward News  News  The Austin Chronicle
23,Long term parking boulder 
