,searched
0,Reagan Cuts 53Million From the Budget Passed by California Legislature  The New York Times
1,The Leader He Was the Leader He Wasnt  The Washington Post
2,Ronald Reagan the pragmatist  Los Angeles Times
3,Reaganomics  Wikipedia
4,Political career of Arnold Schwarzenegger  Wikipedia
5,Reagans Forgotten Tax Record  Bruce Bartlett  Academiaedu
6,1 Things Conservatives Donxe2x8x99t Want You To Know About Ronaldxc2xaReagan  ThinkProgress
7,Who Killed California  National Affairs
8,Ronald Reagan  Biography Facts  Accomplishments  Britannicacom
9,April 1 1967 Address of Governor Ronald Reagan to California Republican Assembly Lafayette Hotel Long Beach  Ronald Reagan Presidential Library  National Archives and Records Administration
10,Inside Ronald Reagan  Reasoncom
11, American Tax Returns Dont Need to Be This Painful  The Atlantic 
12,President Ronald Reagans Economic Policies
13,Bloomberg  Are you a robot
14,Rating the Governors  Cato Institute
15,Pete Wilson Facts
16,Wilsons Eight Years From Fiscal Crisis to Record Tax Cut  December 1998
17,Ronald Reagan tax hiker  CalWatchdogcom
18,The Once and Future Gov
19,Dems Saw Similar Gains in 1982 Midterms xe2x8x93 Then Reaganxe2x8x99s Win
20,CNNcom Specials
21,The Argument Against Proposition 6 Donxe2x8x99t Jettison Road And Bridge Safety Projects  Hoover Institution
22,Jim Hartman Taking a look at the Paul Laxalt Ronald Reagan legacy  Pahrump Valley Times
23,Happy 1th Birthday President Reagan  NPR
24,Advocates Should Your State Adopt a Constitutional Amendment to Limit State Spending
