,searched
0,Rhode Island Gubernatorial Debate  CSPANorg
1,Rhode Island Gubernatorial Debate  CSPANorg
2, RI Democratic Party says Fung not honest during JournalWPRI debate  News  providencejournalcom  Providence RI
3,Donald Carcieri  Ballotpedia
4,Rhode Island Gov Carcieri Hopes to Sidestep Democratic Wave  New York Times
5,Trial by Fire  Brown Alumni Magazine
6,The Publics Radio
7,Donald Carcieri  Wikipedia
8, Attack ads in full deployment in RI governors race  News  providencejournalcom  Providence RI
9,Lincoln Chafee  Wikipedia
10,218 Rhode Island gubernatorial election  Wikipedia
11,Home Rhode Island Office of the Governor
12,Donald Carcieri  Building Americas Future
13,In RI some wary as tide of gay marriage rises at border  The Boston Globe
14,PressReleaseData Opening Day Speech of House Speaker William J Murphy Esquire after his election on the opening day of the 2324 legislative session of the General Assembly
15, Executive Assistance  The Atlantic 
16,Running for RI Lieutenant Governor from Behind home plate at Fenway  On Politics
17,Leaders deliver upbeat report 13M for Station Fire Memorial  Warwick Beacon
18,Afternoon Fix Sarah Palin goes to Fox News  The Washington Post
19,Anchor Rising Donald Carcieri for Governor of Rhode Island  x93I am doing everything I know how to control spending and make Rhode Island affordable for the average Rhode Islanderx94
20,Larry J Sabatos Crystal Ball   The Crystal Ballxe2x8x99s SENATE RATINGS MARCH UPDATE
21, Carcieri v Salazar  555 US 379 29  Justia US Supreme Court Center
22,rntState of Rhode Island General Assemblyrn
