,searched
0,Republicans spent the weekend talking about a fake health care plan  Vox
1,Republican women are just fine thank you with being Republican
2, Which Republicans Are Against Donald Trump A Cheat Sheet  The Atlantic 
3,xe2x8x9cThey Say Wexe2x8x99re White Supremacistsxe2x8x9d Inside the Strange World of Conservative College Women  Vanity Fair
4,The Corner  National Review
5,POLITICO Playbook The most reliable politics newsletter  POLITICO
6,Hes the Republican Dream Candidate Theres Just One Problem   POLITICO Magazine
7,Build Your Own xe2x8x98Medicare for Allxe2x8x99 Plan Beware There Are Tough Choices  The New York Times
8,The Daily 22 Lameduck power grab in Wisconsin showcases the GOPxe2x8x99s embrace of zerosum politics  The Washington Post
9,n      Justine Greening The world cannot wait for womens empowerment  GOVUKn  
10,Senate Democratic Women Say Zika Bill Undermines Womens Health  Morning Consult
11,Scott Santens  Women Have Lower Incomes Than Men
12,5 Ways to Turn a Liberal Into a Conservative At Least Until the Hangover Sets In  The Crux
13,Ann Coulter  Wikipedia
14,Dwight D Eisenhower Domestic Affairs  Miller Center
15,Fix Our Broken System  wwwgporg
16,The 216 Candidates on the Issues
17,Republican Party United States  Wikiquote
18,n                Commentary A dysfunctional Supreme Court Get used to it  Reuters
19,Trump Nation  USA TODAY
20,Why Not Read Our Blog  Workbench Serviced Workspace
21,Millions of lowwage workers in the US are struggling to survive  Oxfam
22,Republican Debate Read the Transcript of the Primetime Debate  Time
23,Happily ever after Advice for midcareer academics  Times Higher Education THE
