,searched
0,Trump event touted made in America goods A lot of his merchandise couldnt be featured
1,Made In America Campaign Trump Products Made Overseas
2,Column Trumps outrage over outsourcing doesnt apply to his own merchandise  PBS NewsHour
3,How many Donald Trump products are made in the USA xe2x8x94 Quartz
4,Holy Melania Comedian Ken Jeongs skit sheds light on
5,Trump Shirts Made In China  RLDM
6,Holy Melania Comedian Ken Jeongs skit sheds light on
7,Casey If Trump is champion of working people Im the 76ers center  POLITICO
8,Japan Today
9,Holy Melania Comedian Ken Jeongs skit sheds light on Trump outsourcing  WSOCTV
10,xe6x82xa8xe6xadxa3xe5x9cxa8xe8xaexbfxe9x97xaexe7x9ax84xe5x9fx9fxe5x9x8dxe5x8fxafxe4xbbxa5xe8xbdxacxe8xaexa9xe5x87xbaxe5x94xae
11,Buy American  hire American are the principles at the core of my agenda which is JOBS JOBS JOBS Thank you exxonmobil 6 Mar 217  TrumpCriticizesTrump
12,Message Board  BigPumpkinscom
13,Holy Melania Comedian Ken Jeongs skit sheds light on Trump outsourcing  KIROTV
14,Donald Trump Shirts Made In China  ANLIS
15,Donald Trump Shirts Made In Bangladesh
16,Donald Trump Shirts Made In China  Splendid Wedding Company 
17,How To Get T Shirts Made In China  BETC
18,Donald Trump Shirts Made In China  Lauren Goss
19,Donald Trump Shirts Made In Bangladesh  Lauren Goss
