,searched
0,9 questions about Benghazi you were too embarrassed to ask  Vox
1,Suit against Hillary Clinton over Benghazi deaths and emails is dismissed  POLITICO
2,The Benghazi Timeline Clinton Edition  FactCheckorg
3, From Whitewater to Benghazi A Primer on Bill and Hillary Clinton Scandals  The Atlantic 
4,WikiLeaks  The Podesta Emails
5,212 Benghazi attack  Wikipedia
6,Benghazi Mission Attack Fast Facts  CNN
7,Benghazi What the report reveals about Hillary Clinton  Chicago Tribune
8,Chris Stevensxe2x8x99s Family Donxe2x8x99t Blame Hillary Clinton for Benghazi  The New Yorker
9,Scandals Have Followed The Clintons Over Decades In Public Life  NPR
10,6 xe2x8x98requestsxe2x8x99 from Benghazi for better security What this statistic really means  The Washington Post
11,Hillary Clinton  Age Life  Books  Biography
12,Parents of two men killed in Benghazi attack sue Hillary Clinton
13,US ambassador Chris Stevens killed in Libya  as it happened  World news  The Guardian
14,Republicans Seek to Show Hillary Clinton Neglected Stevensxe2x8x99 Requests for Security  NYTimescom
15,Hillary Clinton Benghazi emails reveal she forgot dead ambassador to Libyas name  Daily Mail Online
16,Answers to the top 1 questions asked about Benghazi  MSNBC
17,Gowdy To Hillary Clinton Benghazi Investigation Is Not About You  Video  RealClearPolitics
18,Hillary Clinton Testimony at House Select Committee on Benghazi Part 1  CSPANorg
19,Benghazi The Terrorist Attack of September 11 212  Discover the Networks
20,Hillary Clinton Knew All Along Benghazi Attack Had Nothing To Do With The Film Documents Reveal  Reasoncom
