,searched
0,Politifact True Brown Wanted To Give Employers Right To Deny Birth Control  Talking Points Memo
1,THE FACTS ON BROWNS ANTICHOICE RECORD  Shaheen for Senate
2,NARAL ProChoice America PAC Endorses Jeanne Shaheen  Shaheen for Senate
3,Shaheen Campaign Launches Online Petition to Let New Hampshire Know Where Scott Brown Stands  NH LABOR NEWS
4,rntAyottexe2x8x99s supporters critics have different views on votesrn
5,Planned Parenthood Action Fund President Cecile Richards Joins Jeanne Shaheen At Rally In Concord  Public Statements  The Voters Self Defense System  Vote Smart
6,Brown declines to pull ad mentioning Ted Kennedy
7,Saturday October 2  msnbc
8,WOA  nt   Funding Politics Policies t
9,NPR Corrections  NPR
10,Princeton Info  Princetons Entertainment and Business Newspaper  Page 1873
11,California Broker  October 215 by California Broker Magazine  Issuu
12,James Tichaceks RAO Bulletins  Current Bulletins
13,nnNational Partnership for Women  Familiesn
14,Senate Session  CSPANorg
15,Debates Hansard No 35  October 24 211 411  House of Commons of Canada
16,Full text of Health care reform  hearings before the Subcommittee on Health of the Committee on Ways and Means House of Representatives One Hundred Third Congress first session
