,searched
0, Newt Gingrich Supported an Individual Mandate as Recently as May 29  The Atlantic 
1,Health Care Mandate Was First Backed by Conservatives  The New York Times
2,Newt in 25 Supporting Individual Mandate  YouTube
3,Newt Gingrich  Long Time Supporter Of Health Insurance Mandates
4,Newt Gingrichxe2x8x99s changing stance on healthcare mandates Fact Checker biography  The Washington Post
5,rntGingrich Backs Obamacares Individual Mandate Requiring Health Insurance  Newsmaxcomrn
6,Newt Gingrich And The Individual Mandate  ThinkProgress
7,Newt Gingrich Used To Love Individual Health Insurance Mandates  ThinkProgress
8,25 Republicans Who Supported Obamacare Before Obama  Mother Jones
9,Gingrich in 27 Congress Must Impose an Individual Mandate  Mother Jones
10,Reversal On Health Mandate Came Late For Gingrich And Romney  Shots  Health News  NPR
11,Newts mandate walkback  POLITICO
12,ObamaCares Heritage  WSJ
13,Gingrich under fire for shifting views on healthcare mandate Video  LA Times
14,Romney describes healthcare mandate as conservative principle  TheHill
15,Did Newt Gingrich Endorse ObamaCare in 29
16,Can Gingrich be taken seriously
17,    n            Gingrich praised Romneys health law in 26  CBS Newsn    
18,The Heritage Heresy  The New Republic
19,Unpopular Mandate  The New Yorker
20,Newt Gingrichs 13 Most Liberal Moments
21,GOP Candidates Dispute Gingrich Romney Records On Individual Mandate  Kaiser Health News
22,Newt Gingrich Had Lucrative Health Industry Ties  ABC News
23,Newt Gingrich In 29 Hey That Individual Mandate Is A Great Idea
24,Gingrich Unconstitutional Insurance Mandate Started As Conservative Effort to Stop Hillarycare
25,Newt Gingrich A proposed Republican pledge on health care  Fox News
26,Romney Gingrich Huntsman and Health Care Hypocrisy  Fox News
