,searched
0,Senate Shocker of the Year Republicans Cast A Meaningful AntiWar Vote on Yemen  Politics  Yemen  Paste
1,Opinion  How to Vote as an Immigrant and a Citizen  The New York Times
2,Who Is America  Wikipedia
3,Senate Session  CSPANorg
4,Ottawa This Week  South by Metroland Ottawa  Issuu
5,Said Edward  Politics of Dispossession  Maryanne Moll  Academiaedu
6,PDF Does Civic Duty Solve The Rational Choice Voter Turnout Puzzle
7,CNNcom
8,THUNDER FROM THE RIGHT  The New York Times
9,Dissent the Blog
10,The Governor and Cabinet  Florida Department of State
11,The Governor and Cabinet  Florida Department of State
12,731 News Roundup  Sanders On CNNs State Of The Union Randall Woodfins Campaign For Mayor Of Birmingham  More  The Progressive Wing
13,interactivefacebookreactionsmsnbcfacebookstatusescsv at master xc2xb7 minimaxirinteractivefacebookreactions xc2xb7 GitHub
