,searched
0,Worst cities in America 5 places named least desirable to call home
1,Unemployment in the United States  Wikipedia
2,Worst places to live in America 6 Michigan cities make list
3,Americans Want to Believe Jobs Are the Solution to Poverty Theyxe2x8x99re Not  The New York Times
4, Wage Inequality Is Rising in US Cities  CityLab 
5,Bloomberg  Are you a robot
6,Income inequality in the US by state metropolitan area and county  Economic Policy Institute
7,rntBrazil Unemployment Rate  219  Data  Chart  Calendar  Forecast  Newsrn
8,The top 15 cities in America to start a business in 217
9,These 15 Cities Have the Most Homeless People in America
10,Atlanta  Wikipedia
11,Central Americaxe2x8x99s Violent Northern Triangle  Council on Foreign Relations
12,Unemployment statistics  Statistics Explained
13,Fifth world countries
14,Request Rejected
15,Nigeria overtakes India in extreme poverty ranking  CNN
16,Canada Internet Stats Travel Stats and Telecommunicationsrn Reports
17,The Right Investment Corrections Spending in Baltimore City  Prison Policy Initiative
