,searched
0,Climate Signals  California Drought 211  216
1,211xe2x8x93217 California drought  Wikipedia
2,2912244936
3,    17 Million Cattle Have Died In Mexicos Worst Drought On Record   Business Insidern
4,Reflections on a really big drought  NOAA Climategov
5,California Facing Worst Drought on Record  NOAA Climategov
6,California is no stranger to dry conditions but the drought from 211217 was exceptional  Droughtgov
7,Global Warming Amplifying Texas Drought Wildfires Scientists Say  Climate Central
8,Heat Records Smashed in Texas and Oklahoma  Climate Central
9,211 Drought News  Welcome to Hill Country Alliance
10,Tree ring measurements show devastating droughts back 5 years  Farm Progress
11,Droughts in Syria and California linked to climate change  New Scientist
12,Did Climate Change Help Spark The Syrian War   The Earth Institute  Columbia University
13,xe2x8x98Flash droughtxe2x8x99 could devastate half the High Plains wheat harvest  Grist
14,Megadrought threat to US Southwest  Nature News
15,Climate Change Hastened Syrias Civil War  Scientific American
16,Some Climatologists Worry That Texas MegaDrought Could Endure for Years  NYTimescom
17,Drought  May 211  State of the Climate   National Centers for Environmental Information NCEI
18,How Climate Change Helped Lead to the Uprising in Syria  Yale E36
19,n    n        n    n    n    droughtn  National Geographic Society
20,Californias 1year drought
