,searched
0,Research Finds Some RICaught Fish Test High for Mercury   ecoRI News
1,ThernFood Timeline history notesstate foods
2,Who invented the glo worm
3,The Most Famous Restaurants in Every State in the USA  Thrillist
4,The Overprotected Kid  The Atlantic
5,Quotes I Have Enjoyed
6,Blue new hampshire blog
7,English Settlements in America  US History I OS Collection
8,Rhode Island  Wikipedia
9,RI Hunting  Fishing Licenses Rhode Island Department of Environmental Management
10,Meanings and origins of Australian words and idioms  ANU School of Literature Languages and Linguistics
11,n  n    Myths of the American Revolutionn     n    Historyn     Smithsonian
12,African food 15 best dishes  CNN Travel
13,Civil war food
14,The Colonists  What they created
15,Seafood thailand
16,Life of moose ghost
17,Chapter 2 Working with Words Which Word Is Right  Writing for Success 1st Canadian Edition
18, United States Food amp Drink  TripAdvisor 
19,Elvis Presley  Wikiquote
