,searched
0,Gun Control in Australia Updated  FactCheckorg
1,Australiaxe2x8x99s mass shooting is not proof gun control doesnxe2x8x99t work  Vox
2,Australias Ambassador Says His Countrys Gun Laws Cant Save America  Pacific Standard
3,Did gun control work in Australia  The Washington Post
4,New Zealand Took 6 Days to Plan New Gun Laws Herexe2x8x99s How Other Countries Reacted to Shootings  The New York Times
5, How Australia Restricted Guns After a 1996 Massacre  The Atlantic 
6,    n            How Australia dealt with mass shootings  CBS Newsn    
7,Is gun ownership increasing in Australia  BBC News
8,How Japan has almost eradicated gun crime  BBC News
9,The Effects of the 1996 National Firearms Agreement in Australia on Suicide Violent Crime and Mass Shootings  RAND
10,US Gun Policy Global Comparisons  Council on Foreign Relations
11,How Australia and Britain Tackled Gun Violence
12,Four countries with gun control xe2x8x93 and what America could learn from them  US news  The Guardian
13,Gun violence in the United States  Wikipedia
14,Gun control  Wikipedia
15,Americaxe2x8x99s gun problem explained  Vox  Pocket
16,The Costs and Consequences of Gun Control  Cato Institute
17,Should the US implement stricter gun control laws  The Tylt
18,Gun Laws Stop At State Lines But Guns Donxe2x8x99t  FiveThirtyEight
19,Reports of at least fourteen dead this week due to gunrelated suicides in the United States  Wikinews the free news source
20,If gun control legislation doesnt work why is gun crime so low in other developed nations with these laws  Quora
21,Parkland shooting anniversary Americaxe2x8x99s gun problem explained in 5 facts  Vox
