,searched
0,Opinion  A Red Warning Sign  The New York Times
1,Lisa Neubauer Concedes Wisconsin Supreme Court Race To Brian Hagedorn  Wisconsin Public Radio
2, Lisa Neubauers Likely Defeat Is a Warning to Democrats  The Atlantic 
3,Democrats wanted a big win in Wisconsin but now theyll have to wait
4,rn  Sequoia Voting Systems  The BRAD BLOG
5,rn  Many Problems Observed in Milwaukee Recount of WI Supreme Court Election  But No Media Reports  The BRAD BLOG
6,Will Wisconsin recount affect collective bargaining bill
7,GOPs War on American Labor
8,Voting News
9,New evidence finds anomalies in Wisconsin vote but no conclusive evidence of fraud  The Washington Post
10,Dane Waukesha Counties Tell Tale Of Wisconsins 218 Election For Governor  Wisconsin Public Radio
