,searched
0,Sanders wonxe2x8x99t vote for Republican xe2x8x98singlepayerxe2x8x99 amendment  The Washington Post
1,Sen Bob Corker Says Hell Vote No on Tax Bill
2,Ron Johnson and Steve Daines will vote for Senate tax bill
3,HOUSE IMMIGRATION BILLS STILL SHORT ON VOTES  Congress cant agree on family separation fix  AT LEAST 2 DEMS VOW TO OPPOSE PELOSI  Sanford responds to Trump insult  POLITICO
4,Steve Daines second Republican to say hes a no on tax bill
5,Senate defeats singlepayer measure Sanders called a sham
6,Daines introduces Medicare for all amendment he opposes  Missoula Current
7,The 14 GOP senators who voted against Trumpxe2x8x99s immigration framework  TheHill
8,115th Congress on taxes 217218  Ballotpedia
9,xe2x8x98Blue Water Navyxe2x8x99 bill backers press Trump to pressure senators  Stripes
10,Supreme Court nominee Brett Kavanaugh headed for confirmation on Saturday  Los Angeles Times
11,Senate Session Part 2  CSPANorg
12,Greg Gianforte  Wikipedia
13,Whip count Where senators stand on Kavanaugh xc2xaAxios
14,NJ Cannabis Insider  June 14 218  Issue 16
15,rntMcConnellxe2x8x99s opposition to Green New Deal comes as he backs coal  HeraldLeader 218219rn
16,HOUSE 17 members who will help shape energy green policies  Wednesday January 3 219  wwweenewsnetn
17,An overeager legal strategy may endanger Trumpxe2x8x99s energy goals
18,On the Nomination PN31 Ryan Zinke of Montana to be Secretary of the Interior  GovTrackus
19,Trump Floats xe2x8x98DACA Extension For Wall Moneyxe2x8x99 Deal
20,Donald Trump does best worst in University of Montana poll
21,Meet the new senators
22,Animals  Politics Federal Legislation
23,Max Baucus who once kicked singlepayer supporters out of an Obamacare hearing now open to the idea  Chicago Tribune
24,The Coming Week Riders On The Horizon  Morning Consult
