,searched
0,FabulousTreasuresoftheUSstatecapitols
1,Sublime Bloviations Grading PolitiFact Georgia  Roy Barnes and scraping gold off the capitol dome
2,For Deal and Riley loyalty is the tie that binds
3,Georgia State Capitol  Wikipedia
4,n  Gold Dome of Georgia State Capitol Building the gold donated from the gold mines in DalongeaGAn    Smithsonian Photo Contestn         Smithsonian
5,13 Things Ive Learned About Georgias Capitol  Nate Shivar
6,abuenrostro1  Alexis M Buenrostros Blog
7,Rebecca Latimer FeltonCountry Life in Georgia in the Days of My Youth
8,Consumer Qs March 7 217
9,Georgia Tech Alumni Magazine Vol 88 No 2 212 by Georgia Tech Alumni Association  Issuu
10,The 1 Best Buildings in Boston
11,Practice US History Part I Flashcards  Quizlet
12,zReportage Stories that need to be told
13,CNN Student News Transcript November 14 27  CNNcom
14,Atlanta Studies    Restoring the Archives Building An Interview with Adam Forrester
15,Elvis Presley  Wikiquote
