,searched
0,    Government shutdown 218 Social security checks still paid  Business Insidern
1,Social Security Checks Paid But Government Shutdown Can Still Damage Program
2,Will My Social Security Benefits Continue During the Government Shutdown
3,Government shutdown What would close would you get your SS check
4,Government shutdown Will Social Security checks be affected
5,n      n    On Social Security Dont Fear Trumps Shutdown Threat  The Motley Foolnn  
6,Government shutdown 218 The real victims are poor kids military vets and lowpaid workers  Vox
7,What Is and Isnxe2x8x99t Affected by the Government Shutdown  The New York Times
8,GOVERNMENT SHUTDOWN AND BENEFITS Government shutdown What will close will you get your Social Security check SNAP WIC  WSBTV
9,What does a US government shutdown mean for mail service military and Social Security xe2x8x94 Quartz
10,How the Government Shutdown May Impact Social Security and Medicare  AARP Ev
11,What services are interrupted during a government shutdown
12,Government shutdown 218 How long will it last Will I get mail  oregonlivecom
13,Social Security Update  Social Security Administration
14,    n            Government shutdown 218 What will be shut down during this partial government shutdown that started at midnight  CBS Newsn    
15,Government shutdown Whatxe2x8x99s been affected so far and what could be next
16,How The Partial Government Shutdown Could Affect You   Vermont Public Radio
17,Will Social Security checks be affected by government shutdown  KIROTV
18,The Government Shutdown Is Bad But It Could Get Much Worse  Fortune
19,QA Everything You Should Know About Government Shutdowns  Committee for a Responsible Federal Budget
20,The Government Partially Shut Down Heres What That Means  Time
21,What happens when the government shuts down Late paychecks closed museums and more  The Washington Post
22,Government shutdown Whats open closed will it affect you
23,What You Can and Cant Do During a Government Shutdown   NBC4 Washington
