,searched
0,rntCongress Job Approval Drops to AllTime Low for 213 rn
1,rntUS Congress Approval Remains Low rn
2,Obamas approval rating from his first day to his last in charts xe2x8x94 Quartz
3,Poll Spill drags Obamaxe2x8x99s rating down  politics  White House  NBC News
4,Fox News poll 83 percent think government spending is out of control  Fox News
5,Fox News Poll 78 Percent Favor Term Limits On Congress  Fox News
6,Most See Washington Dominated By Partisan Conflict  Pew Research Center
7,Section 4 Congress and the Political Parties  Pew Research Center
8, Poll Shows Problems for Obama Peril for Senate Democrats  The Atlantic 
9,Republicans Are Coming Home To Trump  FiveThirtyEight
10,If Democrats Are Doing so Great Why Dont They Have a Bigger Lead on Generic Ballot  The Cook Political Report
11,When Should We Start Paying Attention to the Congressional Generic Ballot Test  The Cook Political Report
12,218 election Democrats are fired up and maintain a strong lead according to poll  CNNPolitics
13,WSJNBC News Polls Articles and Charts  WSJcom
14,Public Opinion Polls Archive  washingtonpostcom
15,Poll Midwest Abandons Trump Fueling Democratic Advantage For Control Of Congress  NPR
16,Presidency of Barack Obama  Wikipedia
17,POLITICO Playbook The most reliable politics newsletter  POLITICO
18,Random Samples 2
19,What Does the Public Think  American Government
20,Congressional Representation  American Government
21,Herexe2x8x99s What Democrats Need to Do to Take Congress in 218
22,    n            Obamas approval rating drops to alltime low Public split on jobs plan  CBS Newsn    
23,Most Recent Articles  Rasmussen Reports
24,Bloomberg  Are you a robot
25,Likely Millennial Voters UpforGrabs in Upcoming Midterm Elections Harvard Youth Poll Finds  The Institute of Politics at Harvard University
