,searched
0,Life Expectancy in United States
1,n  n    United States Drops 21 Spots in Global Life Expectancy Rankings n     n    Smart Newsn     Smithsonian
2,The World Factbook xe2x8x94 Central Intelligence Agency
3,Life Expectancy for Countries
4,List of countries by life expectancy  Wikipedia
5,    n            Report US life expectancy lowest among wealthy nations due to disease violence  CBS Newsn    
6,We Compared Life Expectancy in All 5 States to Countries Around the World The Results Are Truly Stunning  Inccom
7,Life expectancy in America has declined for two years in a row  Not great again
8,Life Expectancy  Our World in Data
9, Charting the Life Expectancies of the Worlds Countries  CityLab 
10,CafeSentidocom  United States Ranks 5th in Life Expectancy
11,Life expectancy  Wikipedia
12,LifeExpectancy Inequality Grows in America  The New Yorker
13,Life expectancy could be topic in health care debate  CNNcom
14,Global patterns of healthy life expectancy in the year 22  BMC Public Health  Full Text
15,Humans Will Live Even Longer in 25 Scientists Predict  ABC News
16,    How has life expectancy changed throughout history  Business Insidern
17,Globally Is Life Better Today Than in Past  Pew Research Center
18,The 1 most and least educated states in 218
19,life expectancy  Ranking America
20,Living until 1 Life Expectancy is on the Rise
21,The Social Security Dilemma
22,Life span  Memory Alpha  FANDOM powered by Wikia
