,searched
0,OHare is once again the nations busiest airport in terms of total flights  Chicago Tribune
1,Dubai keeps rank as worlds busiest international airport  Stuffconz
2,List of the busiest airports in the United States  Wikipedia
3,List of busiest airports by passenger traffic  Wikipedia
4,Top ten busiest airports in the world by passenger volume
5,Chicagos OHare Airport regains title of nations busiest airport
6,Take a look inside the 1 busiest airports in Europe  TheJournalie
7,A Guide to Airports in the American Midwest
8,RootMetrics
9,Cargo services airport
10,    Busiest airports in the world 218  Business Insidern
11,Dubai is the worlds busiest airport for international passengers
12,This City Just Overtook Atlanta for Americaxe2x8x99s Busiest Airport  Travel  Leisure
13,Worlds busiest airports from 217 revealed  CNN Travel
14,US Moves to Stop All Nations From Buying Iranian Oil but China Is Defiant  The New York Times
15,Siam park accident
16,Airport codes ord
17,POLITICO Playbook The most reliable politics newsletter  POLITICO
18,Bjj germany
19,Milwaukee Journal Sentinel  Milwaukee and Wisconsin breaking news and investigations
20,Brisbane Times  Brisbane News Queensland News  World News
21,Windiest city in the us
22,India Is Changing Some Cities Names And Muslims Fear Their Heritage Is Being Erased  WBAA
