,searched
0, Rand Paul and Chris Christie Clash on NSA Spying in the Republican Debate  The Atlantic 
1,Rand Paul vs Chris Christie You Fundamentally Misunderstand The Bill Of Rights  Video  RealClearPolitics
2,Rand Paul Has Best Moment in Tense Debate with 911Obsessed Chris Christie  Reasoncom
3,    Chris Christie Rand Paul shout in debate  Business Insidern
4,The FOURTH AMENDMENT Is WHAT WE FOUGHT THE REVOLUTION OVER JoHN ADAMs SAID IT W as THE SPARK THAT LED TO OUR WAR FOR INDEPENDENCE I AM PROUD TO STAND FOR THE BILL OF RIGHTS AND WILL C UE TO STAND FOR THE BILL OF RIGHTS RAND PAUL Faceboo ThisIsRandPaulCountry RandPaulNation IStandWithFreedomAndLiberty IStandWithRand  Meme on MEME
5,Christie Clashes with Paul in FOX Debate  Observer
6,Rand Paul Candidate Profile  Arab American Institute
7,The first Republican presidential debate of the 216 election explained  Vox
8,Highlights From the First Republican Debate Night of 216  The New Republic
9,Making Sense Of The Fourth Of July  AMERICAN HERITAGE
10,Boston Massacre  HISTORY
11,John Adams  Wikipedia
12,    n            GOP debate 215 Transcript of the primetime debate  CBS Newsn    
13,ExPresidents Loom Large in 216 Presidential Debates  Smart Politics
14,The Sons of Liberty
15,Revolutionary Writingsn  Online Library of Liberty
16,Constitutional Rights Archives  Activate Media
17,Mass Collection of US Phone Records Violates the Fourth Amendment  All Debates  Debate  IQ2US Debates
18,There is a good chance that you are the xe2x8x9cfriendxe2x8x9d that everyone finds insufferable on Facebook xe2x8x94 Quartz
19,The 6 Most Surprisingly UnRepublican Moments of the Republican Debate
