,searched
0,A Trade Deal Read In Secret By Only A Few Or Maybe None  Its All Politics  NPR
1,The TransPacific Partnership Trade Deal Explained  The New York Times
2,You Canxe2x8x99t Read the TPP and You Canxe2x8x99t Find Out Who in Congress Has
3,TransPacific Partnership xe2x8x9cWe Will Not Obeyxe2x8x9d Building a Global Resistance Movement  Trade for People and Planet
4,TransPacific Partnership  Wikipedia
5,TransPacific Partnership Agreement  Electronic Frontier Foundation
6,n                TransPacific Partnership trade deal signed but years of negotiations still to come   Reuters
7,TPP What is it and why does it matter  BBC News
8,How Trump and Clinton teamed up to sink trade  POLITICO
9,What Theyxe2x8x99re Saying Congressional Passage of Trade Promotion Authority AGOA and Preference Packages  United States Trade Representative
10,Mr Obamaxe2x8x99s trade fight  The Washington Post
11,TransPacific Partnership  Public Citizen
12,The TransPacific Partnership trade deal An overview  Ballotpedia
13,Richard Katz  Getting TPP Right Is Better than Getting It Fast
14,TPP Bad For US  Marcy Kaptur
15,Congress will abandon TransPacific Partnership deal White House concedes  Business  The Guardian
16,How secretive is the TransPacific Partnership  CNNPolitics
17,What is Trade Promotion Authority and Why Does it Matter  Representative Bradley Byrne
18,nLisa Singhnvoted moderately fornthe TransPacific Partnership TPP Agreementnnxe2x8x94 They Vote For Youn
19,TransPacific Partnership TPP  Eyes on Trade
20,Trans Pacific Partnership Agreement
21,Senate votes to implement AsiaPacific trade deal putting Canada in line to ratify early  CBC News
22,TransPacific Partnership boosts Tennessee exports US official says
