,searched
0,CNN Fact Check A day after Libya attack Obama described it as acts of terror  CNNPolitics
1,Benghazi Timeline  FactCheckorg
2,CBS transcript Obama wouldnt call Benghazi terrorism
3,Benghazi What the report reveals about Hillary Clinton  Chicago Tribune
4,    John McCain Slams Obama Rice On Libya  Business Insidern
5,White House refuses Benghazi questions for Obama  POLITICO
6,Under Fire From GOP Obama Defends Response to Terror Attacks  The New York Times
7,How Obamas Libya Intervention Ended in Failure  Foreign Affairs
8,President Obama who hoped to sow peace instead led the nation in war  Los Angeles Times
9,Accused leader of 212 Benghazi attacks on US diplomats to face trial in federal court  Los Angeles Times
10,Obama Administration Blocks Questions on Benghazi  Vanity Fair
11,n                Did not Did too Obama Romney quote each other to score points  Reuters
12,A History of President Obamaxe2x8x99s 8 Years in Office
13,President Obamaxe2x8x99s Interview With Jeffrey Goldberg on Syria and Foreign Policy  The Atlantic
14,Jason Chaffetz President Obama tries to rewrite history on Benghazi  Fox News
15,Chronology The Benghazi Attack And The Fallout  NPR
16,Obamaxe2x8x99s biggest whoppers  The Washington Post
17,Benghazi The Terrorist Attack of September 11 212  Discover the Networks
18,Day after Benghazi Obama calls it an act of terror  CSPANorg
19,Candy Clearly Wrong On Benghazi Update 1 Crowleys damning post debate explanation Update 2 Now we are to believe bad intelligence to blame
20,Obamaxe2x8x99s Libya Sht Show  The American Spectatort
21,    n            Benghazi timeline How the attack unfolded  CBS Newsn    
22,Remarks by the President to the UN General Assembly  whitehousegov
23,Ryan presses Obama on act of terror remark  TheHill
