,searched
0,Constitutional Questions  EveryCRSReportcom
1,Clause III  US Constitution Annotated  US Law  LII  Legal Information Institute
2,ithoaxhtm
3, Due Process of Law  Fourteenth Amendment  Rights Guaranteed Privileges and Immunities of Citizenship Due Process and Equal Protection  US Constitution Annotated  Justia
4,South African Reserve Bank and Another v Shuttleworth and Another CCT19414 CCT19914 215 ZACC 17 215 5 SA 146 CC 215 8 BCLR 959 CC 18 June 215
5,Constitutional Law US Constitution Amendment XIV
6,FREY v COMPTROLLER OF TREASURY  FindLaw
