,searched
0,FBI Mortgage Fraud Investigations Jump 4 in Five Years
1,Financial Fraud Snapshot FBI Now Investigating More Than 28 Mortgage Fraud Cases Up Almost 4 Percent From Five Years Ago  Financial Fraud Law Blog  Financial Fraud Law  LexisNexis Legal Newsroom
2,n                Obama budget seeks more to fight financial fraud  Reuters
3,n                Task force to target bankers who crashed economy  Reuters
4,Attorney General Eric Holder Speaks at the Financial Fraud Enforcement Task Force Press Conference  OPA  Department of Justice
5,Justice News  AG  Department of Justice
6,FBI Investigating 28 Mortgage Fraud Cases Volume Up 4 in 5 Years  WORLD PROPERTY JOURNAL Global News Center
7,    n            US Cracking Down On Mortgage Scammers  CBS Newsn    
8,Mortgage scams increase as foreclosures rise  Business  Real estate  Mortgage Mess  NBC News
9,Betting the house  NBC Nightly News with Brian Williams  NBC News
10,Mortgage Loan Modification Fraud  CSPANorg
11,mortgage fraud  The Real Deal Miami  Part 5
12,Attorney general focuses on mortgage fraud  SFGate
13,rn      Halifax  Internet Bankingrn    
14,Fraudulent mortgage rescuers targeted  The San Diego UnionTribune
15,PreQualPal introduces automated qualificationreferral suite
16,Subprime mortgage crisis  Wikipedia
17,Mortgage scam ends with prison  The Morning Call
18,Officials crack down on mortgage scams  The Seattle Times
19,WaMu Rampant Fraud and Financial Collapse  OurFutureorg by Peoples Action
