,searched
0,Press Release  Milken Institute Releases Index of BestPerforming  Milken Institute
1,Milken Institute recognizes Austin San Antonio BestPerforming Cities
2,Austin in the News Ratings  Rankings  Economic Development  Austin Chamber of Commerce
3,Rankings  City of San Antonio Economic Development
4,Loud Praise for a Mayor of Quiet Record  National Review
5,n            LCSN Las Cruces El Paso dive in economic ratings  NMSU College of Business  New Mexico State University        
6,San Antonio Growth and Success in the MexicanAmerican Capital  Center for Opportunity Urbanism
7,Raleigh Ranks Among Best Places   raleighncgovn
8,  FREE Streaming Movies TV Shows Music and Online Magazines with YOUR LIBRARY CARD 
9,San Antonio attracts Xenex Healthcare Services Headquarters  SAEDF
10,Free Movie Morning at City Base Cinema  San Antonio Texas Local Community News  Journalism
11,Worlds Most Competitive Cities 218
12,Southwest Airlines Newsroom
13,1 US cities with the best growth employment and business opportunities  MarketWatch
14,Energy woes knock Longview down list of bestperforming cities  Local News  newsjournalcom
15,City of San Antonio Recognized as One of the Top CitizenEngaged Communities in the Nation  GISusercom
16,Password Protected Site
