,searched
0,Is Living In A State With No Income Tax Better Or Worse  Bankratecom
1,States With No Income Tax  SmartAsset
2,Is a state with no income tax  like Washington  better or worse  The Seattle Times
3,The Seven States With No Income Taxes
4,Here are the best and worst states for taxes
5,n         States with the Highest and Lowest Taxes  TurboTax Tax Tips  Videosn    
6,States That Dont Tax Income
7,Best States for Low Taxes 5 States Ranked for Taxes 218
8,States That Do Not Tax Earned Income
9,Tax policy States with the highest and lowest taxes
10,These states have no income tax
11,n      n    By 221 These 8 States Will Have No Income Tax  The Motley Foolnn  
12,Tax refunds Red states doing better than blue states  CNNPolitics
13,    States with no income tax  Business Insidern
14,12 states that have either no income or sales taxes  Newsday
15,The 1 Best States for Property Taxes xe2x8x93 and Why
16,Top 1 States For Low Or No Income Tax  MoneyTips
17,State income tax  Wikipedia
18,FinAid  Saving for College  State Tax Deductions for 529 Contributions
19,Which States Pay the Most Federal Taxes
20,rntState of Floridacom  Florida Tax Guidern
21,How the new tax law will affect your 218 return
22,The Sellers Guide to eCommerce Sales Tax
23,The 15 Worst States for Property Taxes in 218
24,Bloomberg  Are you a robot
