,searched
0,Facts and Figures
1,City of Providence City of Providence Expecting Surplus for the Second Fiscal Year in a Row  City of Providence
2,David Cicilline  Wikipedia
3,Rhode Island banking crisis  Wikipedia
4,Providence Rhode Island  Wikipedia
5,City of Providence Planning Division  City of Providence
6,City of Providence Tax Assessor  City of Providence
7,City of Providence Finance  City of Providence
8,How Detroit went broke The answers may surprise you xe2x8x94 and dont blame Coleman Young
9,Rhode Island Housing  Mortgage Finance  44 Washington St DownCity Providence RI  Phone Number  Yelp
10,Yale Law Journal  The New Minimal Cities
11,Atm code
12,Benny x reader period
