,searched
0,The teacher pay gap is wider than ever Teachersxe2x8x99 pay continues to fall further behind pay of comparable workers  Economic Policy Institute
1,How todayxe2x8x99s unions help working people Giving workers the power to improve their jobs and unrig the economy  Economic Policy Institute
2,How Much Does Group Health Insurance Cost
3,Sick leave  Wikipedia
4,rntrn    Employers Hold Down Health Plan Cost for 219rnrn
5,State Budget Deficits Are Not an Employee Compensation Problem  Center for American Progress Action
6,How Much Should I Pay For Healthcare Introducing The Health Affordability Ratio
7,6 Reasons That Pay Has Lagged Behind US Job Growth  The New York Times
8,Frequently Asked Questions
9,Is the Underpaid Teacher Mostly a Myth  Sunshine State News  Florida Political News
10,AHRQ Stats  Agency for Healthcare Research  Quality
