,searched
0,FL Gets Billions More From Feds Than It Gives xe2x8x98Mostly Truexe2x8x99   WUSF News
1,Bush takes beating over birth control  World news  The Guardian
2,WOA  nt   Funding Politics Policies t
3,Jeb Bush presidential campaign 216  Ballotpedia
4,Education Issues Had Top Billing In 1999  The Pew Charitable Trusts
5,Senate Session  CSPANorg
6,CNNcom  Transcripts
7,213 United States federal government shutdown  Wikipedia
8,Tag IranContra Affair  Consortiumnews
9,tensorlayertrumptexttxt at master xc2xb7 tensorlayertensorlayer xc2xb7 GitHub
10,George W Bush Statements on Social Security  21
11,What Trump does and doesnt have in common with Hitler  ABC News Australian Broadcasting Corporation
12,Briefing  The Economist
13,Untitled Document
