,searched
0,National Party Platforms on Health Care
1,5 Healthiest Countries in the World  The Active Times
2,Obamacare  a stunning legacy
3,Health Care What issues interest social workers  socialworkblogorg
4,DNCs healthcare statistics check out  The Denver Post
5,nFact Checkern  US Health Care Lags Despite Highest Spendingn                
6,nFact Checkernn  The Washington Postaposs Glenn Kessler factchecks the truth behind political rhetoricnn August 24 28  August 3 28n
7,5 healthiest countries in the world
8,Economy of Hungary  Wikipedia
9,Blog  Granny Peace Brigade  Committed to the struggle to make a safe and peaceful world for all children and grandchildren
