,searched
0,Senate panel votes to ban some forms of fracking in Florida
1,Bills bans 2 of 3 forms of oil gas fracking in Florida
2,The Texas town that banned fracking and lost  BBC News
3,n                Beverly Hills becomes first in California to ban fracking  Reuters
4,n                Texas city bans fracking in its birthplace court battles loom  Reuters
5,Senate panel postpones vote on fracking ban bill   Naked Politics
6,Maryland House overwhelmingly approves fracking ban  The Washington Post
7,Subscribe to read  Financial Times
8,House Senate bills ban 2 of 3 forms of oil gas fracking in Florida  Sun Sentinel
9,Fracking ban passes Senate  The SpokesmanReview
10,DeSantis Close to Getting his Fracking Ban Wish  Sunshine State News  Florida Political News
11,WA government lifts statewide fracking ban  Environment  The Guardian
12,Committee to Ban Fracking in Michigan
13,Bills bans 2 of 3 forms of oil gas fracking in Florida  Chicago Tribune
14,Colorado to vote on antifracking ballot initiative in 218 midterm elections xc2xaAxios
15,Bill to ban fracking dies in Florida Legislature for second year
16,Colorado Proposition 112 results antifracking proposal fails  Vox
17,Michigan Fracking Ban Initiative 218  Ballotpedia
18,POLITICS Feinstein shifts on fracking as Dems struggle with messaging  Friday July 13 218  wwweenewsnetn
19,Split Decision by Voters on Local Fracking Bans  The New York Times
