,searched
0,Lobbyists Get Potent Weapon in Campaign Ruling  The New York Times
1,Lobbying in the United States  Wikipedia
2,Axelrod Is Shocked Shocked to Find Corporate Money in Elections  Cato  Liberty
3,News  Clean Missouri
4,Corporate Lobby Groups Push Brett Kavanaugh for Supreme Court
5,Meet the 22 Presidential Candidates  Time
6,Transcript  Justice For Sale  FRONTLINE  PBS
7,America Is Not a Democracy  The Atlantic
8,ObamaCare and Eugenics  WSJ
9,BLOG  Little Lobbyists
10,The NRA Lobbyist Behind Floridaxe2x8x99s ProGun Policies  The New Yorker
11,How Money Votes An Oklahoma Story
12,How to vote on 12 Florida amendments according to 12 Florida newspapers
13,Study Congress Overestimates the Publicxe2x8x99s Conservatism
14,One womanxe2x8x99s Facebook post leads to Michigan vote against gerrymandering  Bridge Magazine
15,Fix Our Broken System  wwwgporg
16,Washington Initiative 1631 Carbon Emissions Fee Measure 218  Ballotpedia
17,Michigan Proposal 2 Independent Redistricting Commission Initiative 218  Ballotpedia
18,Can Campaign Finance Be Reformed From the Bottom Up
