,searched
0,How Russian Money Helped Save Trumpxe2x8x99s Business  Foreign Policy
1,Trumpxe2x8x99s rxc3xa9sumxc3xa9 is rife with mob connections  The Washington Post
2,Trumpxe2x8x99s businesses are full of dirty Russian money The scandal is that itxe2x8x99s legal  The Washington Post
3,Roger Stonexe2x8x99s Mob Threats Show Trumpxe2x8x99s a Crime Boss
4,Subscribe to read  Financial Times
5,Just What Were Donald Trumps Ties to the Mob  POLITICO Magazine
6,All of Donald Trumps Ties to Russia and Putin in 7 Charts  POLITICO Magazine
7,The TrumpRussia Investigation and the Mafia State  The New Yorker
8,Felix Sater Trump Tower Moscow lead explained  Vox
9, Mueller Russia Probe Ends More Inquiries Around Trump  The Atlantic 
10,Could Donald Trump really be spying for Vladimir Putin
11,Ted Cruz Speculates Donald Trumps Taxes Could Show Mafia Ties  ABC News
12,Mob mentality how Mueller is working to turn Trumps troops  US news  The Guardian
13,    Ted Cruz Do Donald Trump tax returns have mafia ties  Business Insidern
14,    All the terrible things Trump and Ted Cruz said about each other  Business Insidern
15,Donald Trump and the Mob  WSJ
16,Before Muellerxe2x8x99s Report President Waged a TwoYear War Against the TrumpRussia Investigations  The New York Times
17,Donald Trump mob ties and business with drug trafficker Joseph Weichselbaum
18,State Investigative Report On Trump Shows Complexity Of Alleged Mob Ti
19,Trumpxe2x8x99s Russian Laundromat  The New Republic
20,Ted Cruz Accuses Donald Trump of Mob Ties Video
21,Donald Trump and Criminal Conspiracy Law  Center for American Progress
22,    n            Ted Cruz suggests Donald Trumps tax returns show ties to Mafia  CBS Newsn    
23,Active Measures Documentary Says Russian Mob Made Its Move On Donald Trump In 22  Video  RealClearPolitics
24,Legal affairs of Donald Trump  Wikipedia
25,Ted Cruz Raises Issue of Donald Trumps Mob Connections  The Stream
26,The Donald Trump Story Youxe2x8x99re Not Hearing About  BillMoyerscom
