,searched
0,    Rick Perrys Son Was Forced To Quit His Job At Deutsche Bank Because Of SEC Regulations  Business Insidern
1,Police officers outran misconduct felonies and became police chiefs
2,Hope Hicks to Leave Post as White House Communications Director  The New York Times
3,The Indian Child Welfare Act Does a law meant to keep Native American children with their tribes help or harm them  The Washington Post
4,Bloomberg  Are you a robot
5,US and World News  NBC4 Washington
6,Family and Medical Leave Act FMLA
7,George Washingtons LifeGeorge Washingtons Mount Vernon
8,Whiskey Rebellion  Wikipedia
9,The Corner  National Review
10,Trump Is in Trouble Heres How Much Worse It Can Get  Time
11,George Washington  Life Farewell Address  Quotes  Biography
12,George Washington  HISTORY
13,138 things Trump did this year while you werent looking
14,rntAdvanced Sick Leavern
15,The Wall Street Journal  Breaking News Business Financial and Economic News World News and Video
16,School Contractor in Texas Denied Work Over ProIsrael Loyalty Oath
17,n         The Gift Tax  TurboTax Tax Tips  Videosn    
18,The ADA National Network Disability Law Handbook  ADA National Network
19,New Hire Reporting  Answers to Employer Questions  Office of Child Support Enforcement  ACF
20,US News   Reuters
21,Intelligencer xe2x8x93xc2xaNew York Magazine
22,How Donald Trump Could Build an Autocracy in the US  The Atlantic
