,searched
0,n                ExCIA chief says slam dunk Iraq quote misused  Reuters
1,The Nation The Clinton Administrations SeeNoEvil CIA  The New York Times
2,At the Center of the Storm  George Tenet  Book  Review  The New York Times
3,CIA CHIEF VOWED TO QUIT IF CLINTON FREED ISRAELI SPY  The New York Times
4,    n            George Tenet At the center of the storm  CBS Newsn    
5,PDBs  UNREDACTED
6,News  UNREDACTED  Page 4
7,UNREDACTED  Page 53
8,US Report Still Lacks Proof on Russia Hack  Consortiumnews
9,September 215  John Prados
10,John O Brennan  Wikipedia
11,George Tenet  Wikipedia
12,R James Woolsey Jr  Wikipedia
