,searched
0,Georgia loses jobs in April first backtoback loss since 21
1,California has lost more than half a million jobs to China xe2x8x94 more than any other state report says  Los Angeles Times
2,China Trade Outsourcing and Jobs Growing US trade deficit with China cost 32 million jobs between 21 and 213 with job losses in every state  Economic Policy Institute
3,Manufacturing jobs are returning to some places But these jobs are different  Washington Post
4,Job losses caused by the Great Recession  Wikipedia
5,Mcculloch service near me
6,Justin Thomas launches foundation for children military  Odessa American Sports
7,26 zx1r for sale
8,BEST PDF EPUB EBOOK LIBRARY
9,BEST PDF EPUB EBOOK LIBRARY
10,BEST PDF EPUB EBOOK LIBRARY
11,washington insurance law ebook
12,Lowes class action lawsuit 218
13,Oitc group contact us
14,Iowa millionaires list
15,State karne ke bad boys result
16,Business aviation operators europe
