,searched
0,Bush veto of childrens health insurance plan draws criticism  NewsTimes
1,President Bushs 24 State of the Union Address  Jan 2 24 washingtonpostcom
2,Daily Reason  to Dispatch Bush The Collected Reasons  McSweeneyxe2x8x99s Internet Tendency
3,George W Bush Foreign Affairs  Miller Center
4,Bill Clinton  Key Events  Miller Center
5,George W Bush  Wikiquote
6,An Oral History of the Bush White House  Vanity Fair
7,George W Bush  Wikipedia
8,Political positions of Hillary Clinton  Wikipedia
9,Connecticut   Washington DC   Boston University
10,Religion and Politics xe2x8x998 The Candidates on the Issues  Pew Research Center
11,George Bushs speech to the UN general assembly  World news  The Guardian
12,A List of Everything Trump Has Done So Far As President
13,Americaxe2x8x99s Future Is Texas  The New Yorker
14,CarterReaganBush The Bipartisan Consensusr
15,The Global Human Rights Regime  Council on Foreign Relations
16,n  n    Power and the Presidency From Kennedy to Obaman     n    Historyn     Smithsonian
17,Getting Away with Torture The Bush Administration and Mistreatment of Detainees  HRW
18,Building the Case for a New War on Iraq xe2x8x94 Global Issues
19,If the goal was to get rid of poverty we failed the legacy of the 1996 welfare reform  Vox
20,Transcript of Debate Between Bush and Kerry With Domestic Policy the Topic  The New York Times
21,Why are Poor Countries Poor
22,Donald Trump  US Presidency Family  Businesses  Biography
