,searched
0,Crime to Denounce Homosexuality  FactCheckorg
1,CSPAN Printable Congressional Record
2,Speaker Pelosi on the Hate Crimes Prevention Act  YouTube
3,Senate Democrats Attach Hate Crimes Law to Defense Bill  The New York Times
4,House Passes HateCrimes Bill  The New York Times
5,Local Law Enforcement Hate Crimes Prevention Act
6,Petition2Congress  Take Action
7,Tennessee Eagle Forum  Leading the ProFamily Movement since 1972
8,Pedophilia  Wikipedia
9,Wrong take on hatecrimes bill   Opinion  santamariatimescom
10,The Weekly Jerry Update Part Deux  Jackson Free Press  Jackson MS
11,rntCongress votes to protect pedophiles against hate speech  Hawaii Free Pressrn
12,Ethical Inquiry September 213  Brandeis University
13,OReilly smears hate crimes bill with false claim that pedophiles could be protected
14,1 AntiGay Myths Debunked  Southern Poverty Law Center
15,President Obama Signs Hate Crimes Bill into Law  US News  News  Catholic Online
