,searched
0,GrowthOriented Domestic Economic Policy  Bush Center
1,The Fiscal Plans of Al Gore and George Bush A Comparison
2,Domestic policy of the George W Bush administration  Wikipedia
3,The Cost of the Bush Tax Cuts and What It Might Mean  Tax Policy Center
4,Dynamic Scoring Forum The Dangers of Dynamic Scoring  Tax Policy Center
5,Jeb Bush on Poverty Economic Growth  FactCheckorg
6, Analysis Trump plan highlights the dubious assumption at the heart of Republican tax proposals  Hartford Courant
7,The theory behind Trumpxe2x8x99s tax cuts is exactly what gave us the failed Bush economy  Vox
8,Jeb Bush defends tax breaks for wealthy  POLITICO
9,A Taxing Presidency A Critique of the George W Bush Tax Policy  Inquiries Journal
10,Donald Trumps Tax Plan Isnt Even Populist
11,Economic Policy in the George W Bush Presidency  CSPANorg
12,George W Bush Impact and Legacy  Miller Center
13,Treasury Defends Tax Plan Cost With OnePage Analysis  The New York Times
14,George W Bush  Wikiquote
15,Former President George HW Bush Dies at 94  Time
16,You are being redirected
