,searched
0,FACT CHECK Romney Business Partner Daughter Search
1,ProRomney ad claims former governor saved missing teenager  TheHill
2,Romneys 1996 Help To Colleague Hits Airwaves Again  NPR
3,Super PAC recycles old Romney ad on missing teen  The Washington Post
4, Fact Check Story about Mitt Romney and missing child is true  News  The Florida TimesUnion  Jacksonville FL
5,Meet the Real Mitt Romney  The American Spectatort
6,Mitt Romney  Wikiquote
7,No rest for voters as airwaves campaign goesnon
8,    n            ProRomney super PAC says ad is legal  CBS Newsn    
9,Mitt Romney  Wikipedia
10,The Dark Side of Mitt Romney  Vanity Fair
11,How Mitt Romney shut down his firm to search for friends missing daughter  Daily Mail Online
12,Pressed for Anecdote Romney Recounts Tale of Missing Girl  The New York Times
13,Exclusive Bob Gay leaving Huntsman Gay  Fortune
14,Romney Ad Shows His Human Side  The New York Times
15,28 Presidential Campaign Blog  Romney For President Launches New Television Ad Searched
16,Restore Our Future TV ad Saved  Feb 23 212
17,Paul Greenberg Mitt Romneys big lead  and big problem
18,POLITICO Playbook The most reliable politics newsletter  POLITICO
19,No one could find her  The Boston Globe
20,RightWing Billionaires Behind Mitt Romney  Rolling Stone
