,searched
0,Promote Computer Science  Codeorg
1,Texas  Wikipedia
2,The Gender Divide Tracking womens state prison growth  Prison Policy Initiative
3,The Manufacturing Footprint and the Importance of US Manufacturing Jobs  Economic Policy Institute
4,n          Opportunity Zones What We Know and What We Donxe2x8x99t  Tax Foundationn      
5,The Facts on Immigration Today 217 Edition  Center for American Progress
6,The Effects of a MinimumWage Increase on Employment and Family Income  Congressional Budget Office
7,Todayxe2x8x99s Energy Jobs Are in Solar Not Coal  The New York Times
8,USDA ERS  Key Statistics  Graphics
9,5 facts about illegal immigration in the US  Pew Research Center
10,Social Wealth Fund for America xe2x9dx96 Peoplexe2x8x99s Policy Project
11,The real reasons behind the US teacher shortage  The Washington Post
12,Fact Check Donald Trumps Border Wall Speech From the Oval Office  Time
13,How Much Money Do The Top Income Earners Make By Percentage
