,searched
0,Scott Walker  SourceWatch
1,Betsy DeVos and her cone of silence on forprofit colleges
2,Scott Walker   Urban Milwaukee
3,Residential School Survivor Stories    Where Are The Children
4,We Saw Nuns Kill Children The Ghosts of St Josephxe2x8x99s Catholic Orphanage
5,Scott Walker will sign righttowork bill fasttracking through Legislature  Email  chippewacom
6,Tim Kaine  Wikipedia
7,Participatory Budgeting NYC
8,Education New York Search Items
9,Bachelor of Science Degree in Aviation Business Administration  EmbryRiddle Aeronautical University
10,Education  Just Facts
11,Letters  Oxford Today
12,rnStories  Rotary Club of Gig Harborrn
13,Theater Listings for Feb 1218  The New York Times
