,searched
0,rntLetters Link Jeanne Shaheen to IRS Targeting Scandal  Newsmaxcomrn
1,Editorials from around New England
2,Senator Elizabeth Warren DMA Speaks On Senate Floor On Nomination Of Gina McCarhy To Head EPA  CSPANorg
3,Senate Session  CSPANorg
4,Senate Ethics Complaint Filed by Center for Competitive Politics  Institute For Free Speech
5,The IRS Scandal Timeline  Discover the Networks
6,IRS Internal Watchdog Faults Vigilance on Nonprofits Political Activities
7,Editorials from around New England  Chicago Tribune
8,Betsys Page 512213  519213
9,TaxProf Blog TaxProf Blog
10,Wonkbook The IRS mess gets its fall guy  The Washington Post
11,New Hampshire Primary Source 3 and counting for state Democratic convention
12,Hackers Target Senators Political Parties Frequently Shaheen Says
13,October 23 214  First Draft Political News Now  The New York Times
14,The IRS and FBI Breach of Faith  The American Spectatort
15,IRS rules to close campaign loopholes are slammed from multiple sides  The Boston Globe
16,Adam Milstein Has Spent Millions to Stifle BDS and Attack Critics of Israel
17,How Political Pressure on the IRS Began  Fox Business
18,31 Best Internal Revenge Service images  Obama administration Fanny pics News
19,Tea Party Patriots  News Briefing for Thursday October 2 214
20,Credibility gap worsens IRS scandal  Fox News
21,Americans for Prosperity  SourceWatch
