,searched
0,Myth 8 Percent of Antibiotics are Used in Animals
1,Are antibiotics turning livestock into superbug factories  Science  AAAS
2,rntStop using antibiotics in healthy animals to prevent the spread of antibiotic resistancern
3,Report Feeding antibiotics to livestock is bad for humans but Congress wonxe2x8x99t stop it  The Washington Post
4,Update Farm Animals Get 8 Percent of Antibiotics Sold in US  WIRED
5,Should We Continue to Feed Antibiotics to Livestock
6,Save Antibiotics  NRDC
7,How do we reduce antibiotic resistance from livestock  Our World in Data
8,Antibiotic use in livestock  Wikipedia
9,Opinion  Antibiotics and the Meat We Eat  The New York Times
10,FDA Allowed HighRisk Antibiotics in Farm Animals  Time
11,Bloomberg  Are you a robot
12,The effects of antibiotic use in animals on human health and the drug resistance crisis
13,The Overuse of Antibiotics in Food Animals Threatens Public Health
14,Antibiotic Resistance in Humans and Animals  National Academy of Medicine  National Academy of Medicine 
15,Questions and Answers Summary Report on Antimicrobials Sold or Distributed for Use in FoodProducing Animals
16,COWSPIRACY The Sustainability Secret
17,North American Meat Institute
18,Is Your Meat Safe  Antibiotic Debate Overview  Modern Meat  FRONTLINE  PBS
19, The FDA Says Farmers Are Giving Animals Too Many Antibiotics  The Atlantic 
20,Pharming animals a global history of antibiotics in food production 1935xe2x8x93217  Palgrave Communications
21,Global trends in antimicrobial use in food animals  PNAS
22,Activists Push to Limit Antibiotic Use in Livestock 
23,Massive overuse of farm antibiotics continues in Europe  Compassion in World Farming
