,searched
0,Great Recession great recovery Trends from the Current Population Survey  Monthly Labor Review US Bureau of Labor Statistics
1,n                Job growth cools posing challenge for Obama Fed  Reuters
2,Unemployment Rate Hits 39 a Rare Low as Job Market Becomes More Competitive  The New York Times
3,Great Recession in the United States  Wikipedia
4,Labor Markets
5,Jobless hotbeds 5 US counties with the highest unemployment rates
6,What President Trump Inherits  FactCheckorg
7,Unemployment in the United States  Wikipedia
8,How Millennials compare with prior generations  Pew Research Center
9,  The US Economy in the 192s
10,Economic Briefing
11,Effect of the Great Recession on regional mortality trends in Europe  Nature Communications
12,Latest Las Vegas Economic Metrics
