,searched
0,Sandy Pasch  Wikipedia
1,Alberta Darling recall Wisconsin State Senate 211  Ballotpedia
2,Analysis What You Need to Know About Gov Tony Eversxe2x8x99 First Biennial Budget  RightWisconsin
3,Lawmakers set 639M in new funding for schools voucher expansion in next state budget  Politics and Elections  madisoncom
4,COMPLETE ANALYSIS The 21719 Wisconsin State Budget  MacIver Institute
5,Will the Real Alberta Darling Please Stand Up  Shepherd Express
6,Wisconsin Protests Monday April 25  Sunday May 1 211  PR Watch
7,Press Releases
8,Brian Dake  Page 46  Wisconsin Independent Businesses
9,The Legislative Attack on American Wages and Labor Standards 211xe2x8x93212  Page 31  Economic Policy Institute
10,Wisconsin Club For Growth  News  Part 33
11,IBEW local 14  All Things Political
12,Budget passes by one vote as vouchers take center stage
13,rntWHA  Media Roomrn
14,    POLITICOcom
15,Hey Bidder Bidder  Wisconsin Democracy Campaign
16,Trump Pledged 28 Actions Has He Delivered  WSJ
17,nttWisconsin taxpayers lose out on millions after Gov Scott Walker lawmakers repeal antifraud law  WisconsinWatchorgWisconsinWatchorgt
18,Whats Happening in Wisconsin Explained  Mother Jones
19,Evers xe2x8x9dRealities we face are bigger than me or any political partyxe2x8x9d
20,Jakes Wisconsin Funhouse June 217
