,searched
0,palingates Did Sarah Palins support for Karen Handel in Georgia turn off Republicans UPDATE US Rep Jack Kingston wishes Palin would butt out of state races
1,Palin Gaxe2x8x99s Handel to xe2x8x99fight like a mama grizzlyxe2x8x99  News  dailycitizennews
2,Sarah Palin Stumps for Karen Handel in Georgia Before Primary Runoff Tuesday  ABC News
3,Sarah Palin  Wikipedia
4,Palin Huckabee swoop in ahead of Ga runoff  Jessica Taylor National Political Analyst  Reporter
5,Former Komen VPs New Bona Fides Alzheimers Definition Changing Palin On Her Special Needs Child  Kaiser Health News
6,Women of the GOP March 29
7,Down Syndrome  Sarah Palin Information Blog
8,Handel concedes to Deal  POLITICO
9,Palingates  Exploring the issues behind the many gates involving Sarah Palin
10,Sarah Palin
11,The OftDefeated  Dishonesty in Palin Propaganda Film Starts with Title  JOE McGINNISS
12,sarah palin  A Time For Choosing  Page 24
13,Handel gets boost from Palin Deal says hexe2x8x99s GOPxe2x8x99s best chance  News  timesenterprisecom
14,Sarah Palin
15,Topic Not Found Sarah Palin
16,Gov Sarah Palin
17,PDF Absolute Summation  of All The 212 Compendium Guide  Nolan  Aljaddou  Academiaedu
18,1 Inspirations October 211
19,Blog  Political Correction
