,searched
0,How Medicare for all which 7 of Americans support could affect you
1,3 Entrepreneurs Who Made It Their Mission to Lower Health Care Costs
2,Medicare for All can mean at least two different things  MinnPost
3,The Imminent MultiTrillion Dollar Surge In Social Security  Medicare Costs  Financial Sense
4,Healthcare Emphasis on wellness saves lives and money  TheHill
5, How American Health Care Killed My Father  The Atlantic 
6,Bitter Pill Why Medical Bills Are Killing Us  Timecom
7,rntThe State of Fashion 217  McKinseyrn
8,The xe2x8x9cdemocratic socialismxe2x8x9d agenda would cost 42 trillion over 1 years  Vox
9,USA
10,Manhattan Contrarian
11,Spending Use of Services Prices and Health in 13 Countries
12,What Medicare for All means politically and practically
13,FAIR
14,Business Roundtable
15,The Daily 22 Ballooning deficits cloud Paul Ryanxe2x8x99s farewell tour  The Washington Post
16,Remarks by President Trump on the United StatesMexicoCanada Agreement  The White House
17,rntt     Circle of Protection  An Alliance of Christian Leaders Committed to Ending Povertyt
18,Greg Lindsay  Articles  Medical Leave  Fast Company
