,searched
0,Healthcare Costs and US Competitiveness  Council on Foreign Relations
1,How does health spending in the US compare to other countries  PetersonKaiser Health System Tracker
2,Health Costs How the US Compares With Other Countries  PBS NewsHour
3,31 Government Spending  Principles of Economics
4,Institute for New Economic Thinking
5,The unfinished business of health reform Reining in market power to restrain costs without sacrificing quality or access  Economic Policy Institute
6,Global manufacturing scorecard How the US compares to 18 other nations
7,The Big Idea How to Solve the Cost Crisis in Health Care
8,How Government Regulations Made Healthcare So Expensive  Mises Wire
9,Health care finance in the United States  Wikipedia
10,Healthcare in Canada  Wikipedia
11,The Birth of the New American Aristocracy  The Atlantic
12,What Can the US Health System Learn From Singapore  The New York Times
13,National Debt  Just Facts
14,Too much of a good thing  Business in America
15,    n            Larry Kudlow slams Medicare for All says current system is OK  CBS Newsn    
16,Power of Progressive Economics The Clinton Years  Center for American Progress
17,Better Business Better World xe2x8x93 BSDC
18,World Military Spending xe2x8x94 Global Issues
