,searched
0,PolitiFact Clinton vs Trump on job creation
1,PolitiFact Clinton vs Trump on job creation
2,PolitiFact Clinton vs Trump on job creation
3,PolitiFact  Half True Clinton says she would bring  Facebook
4,Wisconsinxe2x8x99s 41 billion Foxconn factory boondoggle  The Verge
5,Foxconn Consistently Lies About Jobs and Wexe2x8x99re an Easy Mark
6, Checking the politicians  Opinion  The RegisterGuard  Eugene OR
7,Foxconn factory jobs touted by Trump will not come to pass  Twin Cities
8,TipTopTudakozxf3  Fxd3RUM
