,searched
0,Judge approves massive Puerto Rico debt restructuring deal  WHYY
1,How Puerto Ricos Debt Created A Perfect Storm Before The Storm  NPR
2,Puerto Rico Completes Its First Debt Restructuring Deal
3,    n            Puerto Rico debt crisis Judge Laura TaylorSwain opens court hearing on restructuring US territorys mammoth debt  CBS Newsn    
4,Could a New Bill Free Puerto Rico From Its Debt  Pacific Standard
5,Bloomberg  Are you a robot
6,Puerto Rico Debt Crisis A Timeline  Jubilee USA Network 
7,puerto rico debt crisis  Tag  PBS NewsHour
8,For Puerto Ricans a first step toward debt relief
9,Trumps tweets focus on Puerto Ricos debt during islands recovery  Chicago Tribune
10,Behind Puerto Rico financial crisis before Hurricane Maria
11,Yale Benefits From the Puerto Rican Debtxe2x8x94These Students Are Fighting to End That  The Nation
12,Puerto Ricos Debt Crisis Bites Small Business  Inccom
13,Looking Back on Fiscal 218 as Puerto Rico Starts a New Fiscal Year  Council on Foreign Relations
14,The Bankers Behind Puerto Ricoxe2x8x99s Debt Crisis  The Nation
15,On the Puerto Rican Debt Crisis A Reply to Krugman  New Politics
16,Everything You Wanted to Know About the Puerto Rican Debt Crisis But Were Afraid to Google
17,Think Globally Act Locally  BUFFALO MOUNTAIN FOOD COOP  CAFE
18,n                Trump praises response to Puerto Rico says crisis straining budget  Reuters
19,Puerto Ricoxe2x8x99s debt crisis explained in 11 basic facts  Vox
20,McKinsey Alix Partners role in Puerto Rico debt crisis  Bond Buyer
21,McKinsey Advises Puerto Rico on Debt It May Profit on the Outcome  The New York Times
