,searched
0,Education Grants for Latino Mexican and other Hispanic Peoples
1,Can a Student Receive a Pell Grant for a Second College Degree  Fastweb
2,The Importance of the Pell Grant to Educational Attainment  College Now Greater Cleveland
3,4 Scholarships and Grants for Hispanic and Latino Students
4,Indicator 22 Financial Aid
5,The Unaffordable Era   Demos
6,College Grants for Minorities Free Government  Private Scholarships
7,Scholarships  Grants for Low Income Women Inlcuding Unemployed  Homeless Women
8,Strengthen Georgiaxe2x8x99s Workforce by Making College Affordable for All
9,Filing Your FAFSA for Grad School Expert Tips and Resourcesxc2xa
10,Disability Scholarships  Scholarshipscom
11,Find Ethnic and Minority Scholarships  Discover Student Loans
12,Adult College Scholarships  School Grants for Working Adults Free Money for College Students
13,rntSummer PELL  Hostos Community Collegern
