,searched
0,Children dying daily because of unsafe water supplies and poor sanitation and hygiene UNICEF says  Press centre  UNICEF
1,World Water Day 25 4 children die each day from a lack of safe water  Water Sanitation and Hygiene  UNICEF
2,WHO World Water Day Report
3,Global water crisis Facts FAQs and how to help  World Vision
4,Clean Water  World Vision
5,Sanitation  International Decade for Action Water for Life 25215
6,Clean Water Movement  Every 2 seconds a child dies from a waterrelated disease
7,One in six people have no access to clean water  News  European Parliament
8,Water  Sanitation    GETF
9,Water For Life   The Critical Need
10,rntClean Water and Sanitation  The Keys To Breaking Free From Poverty  World Vision Australiarn
11,Every 2 seconds a child dies as a result of the abysmal sanitation warns Ban Kimoon in his message to the World Water Day  United Nations in Ukraine
12,Water for Life and Peace  Green Cross International
13,VisionFund Cambodia uses social ventures to get clean water  The Social Enterprise Magazine  Pioneers Post
14,rntMaking water flow An interview with Matt Damon and Gary White  McKinseyrn
15,Our foundation  We Are Water
16,H2O for Life  The Water Crisis
