,searched
0,UNODC signs an MOU with the goevrnment of Uganda to launch the container control programme
1,US Customs Seized My Merchandise Now What  Customs  International Trade Law Blog
2,US Customs and Border Protection  Wikipedia
3,CBP Office of Field Operations  Wikipedia
4,Wont somebody think of the children Five reasons why drug panics are counterproductive
5,Photos Border busts 217  Crime  tucsoncom
6,French cancer docs blast greed of drugs companies  The Local
7,fy 217 Archives  Great Lakes Customs Law
8,The secret story of how America lost the drug war with the Taliban  POLITICO
9,Dubai Customs Regulations and Laws
10,My President Was Black  The Atlantic
11,rntrntOFAC FAQs Sanctions Compliancernrn
12,How does North Korea make its money  CNN
13,A Terrifying Journey Through the Worlds Most Dangerous Jungle  Outside Online
14,The Danger of President Pence  The New Yorker
15,nTributes Archive  International Overdose Awareness DayInternational Overdose Awareness Day
16,Albania Claims to Have Destroyed Almost All of the Countrys Marijuana  Foreign Policy
17,Leading Blog A Leadership Blog
18,Supreme Court of Virginia Opinions
19,Big Philanthropy Takes the Bus  Dissent Magazine
