,searched
0,Obama healthcare law modeled on Romney plan  politics  Decision 212  NBC News
1,Romneyxe2x8x99s Dilemma  The New Yorker
2,Mitt Romney criticises Obama for not telling truth over healthcare  US news  The Guardian
3,Health Care Mandate Was First Backed by Conservatives  The New York Times
4,Mitt Romney On Health Care  Kaiser Health News
5,Romney Without Romneycare no Obamacare  POLITICO
6,An oral history of Obamacarexe2x8x99s 7 neardeath experiences  Vox
7,Transcript And Audio ObamaRomney 2nd Presidential Debate   NPR
8,Which one  Our American endorsement
9,Romney My OpEd Was About My Relationship With Trump And How Well Work Together  Video  RealClearPolitics
10,Transcript And Audio First ObamaRomney Presidential Debate  NPR
11,Romneycare Versus Obamacare  Center for American Progress Action
12,212 United States presidential election  Wikipedia
13,Election 218 The tables have turned on health care   CNNPolitics
14,Romneys health care legacy under attack just like Obamas  The Boston Globe
15,Paul Ryan  US Representative  Biography
16, The Birth of Obamacare  The Atlantic 
17,Nine ways to really fix Obamacare  The Washington Post
18,Special Interests Behind Rep Pramila Jayapalxe2x8x99s Medicare for All Bill Are Not the Usual Suspects
19,Mitt Romney  Wikiquote
20,Trump Says Republicans Are Working on a New Health Care Plan Somehow Mitt Romney Is Involved  Reasoncom
21,The Obamacare Fight Is About Way More Than Health Care  FiveThirtyEight
22,Getting Ready for Health Reform 22 Presidential Campaigns
23,Obamacare Myths  FactCheckorg
24,A History of President Obamaxe2x8x99s 8 Years in Office
25,Is President Obamaxe2x8x99s Cabinet a xe2x8x9cTeam of Rivalsxe2x8x9dxe2x8x94or Just a Bunch of Figureheads  Vanity Fair
