,searched
0,Does Oregon have more than 1 million acres of burnt land with millions of rotting trees PolitiFact Oregon  oregonlivecom
1,Are millions of trees being left to rot in fireburned forests PolitiFact Oregon readers react  oregonlivecom
2, John Muirs 1897 Case for Saving Americas Forests  The Atlantic 
3,Starved of timber in a sea of trees  Opinion  nrtodaycom
4,Burning Up the West Feds Greens Cause Catastrophic Fires
5,Unasylva  Vol 14 No 3  The United States timber situation
6,Improving Californias Forest and Watershed Management
7,Our Klamath Basin Water Crisis Upholding rural Americans
8,Do We Get What We Pay For
9,The most important science policy issue in every state  Popular Science
10,California timber firms may be piece of the puzzle to cut fire risk
11,Forests  Fourth National Climate Assessment
12,wildfire
13,With Deaths of Forests a Loss of Crucial Climate Protectors  The New York Times
14,Abstract approved Title The Great Fires Indian Burning and Catastrophic Forest Fire Patterns of the Oregon Coast Range 14911951  Bob Zybach  Academiaedu
15,23 mm 22414 by RARE Program  Issuu
16,The Heat Is Online
17,Hot topics  Ponderosa
18,ActionBioscience  promoting bioscience literacy
