,searched
0, PolitiFact How our rating gets twisted in Patrick vs Dewhurst race  News  Austin AmericanStatesman  Austin TX
1,xe6x82xa8xe6xadxa3xe5x9cxa8xe8xaexbfxe9x97xaexe7x9ax84xe5x9fx9fxe5x9x8dxe5x8fxafxe4xbbxa5xe8xbdxacxe8xaexa9xe5x87xbaxe5x94xae
2,Van de Putte  Teach the Vote
3,The biggest lies ever told about Texas  SFChroniclecom
4,ntt     Ted Cruz v PolitiFact Whose pants are on fire    Texas on the Potomact
5,tv
6,Barack Obama  Texas Freedom Network
7,Cruz  Page 7  The Congress
8,July  212  WingRight
9,attack ad on Tumblr
10,fakenewstestcsv at master xc2xb7 rampkitsfakenews xc2xb7 GitHub
11,212  August  Campaign Stops Blog  The New York Times
12,n        Viewing International feeds  World Professional News    
13,Zandar Versus The Stupid May 212
14,Austin AmericanStatesman from Austin Texas on May 6 214 xc2xb7 B3
