,searched
0,FACT CHECK Does Proposition 25 block new marijuana dispensaries from doing business
1,Arizona spending on medical marijuana expected to double  Local news  tucsoncom
2,Safer Arizonas Legalization Effort Fails to Qualify for 218 Ballot  Phoenix New Times
3,Safer Arizona Admits 218 MarijuanaLegalization Initiative is Flawed Needs Changing  Phoenix New Times
4,Big Pharmas antimarijuana stance aims to squash the competition activists say  US news  The Guardian
5,Inside big pharmas fight to block recreational marijuana  Guardian Sustainable Business  The Guardian
6,Arizona Marijuana Legalization Proposition 25 216  Ballotpedia
7,If Arizona legalizes marijuana what happens next
8,Marijuana Legalization 216 A Voter Guide
9,Searching Colorado for Arizonas marijuana future
10,Why Did Arizona Just Say No to Marijuana Legalization in 216  Phoenix New Times
11,Rolling Stones StatebyState Guide to Weed in America   Rolling Stone
12,6 facts about Washington DCs legal marijuana market
13,Weedmapsxe2x8x99 Grip on the HighFlying California Pot Market  WIRED
14,n            n                n    Cannabis News Culture  Resources Weed  Cannabis Dispensaryn  AllBudn            n        
15,216 House of Representatives Scorecard  NORML  Working to Reform Marijuana Laws
16,Getting higher with age Marijuana use rises dramatically among people over 55  Arizona Capitol Times
17,Marijuana ballot initiatives 216 Five more states may make pot legal Video
18,Current Issues  Marijuana
19,Port hueneme news
20,Atrium weedmaps
21,Profit synonyms
22,Social media pricing sheet
23,BEST PDF EPUB EBOOK LIBRARY
