,searched
0,Obama What We Said Was You Can Keep It If It Hasnt Changed Since The Law Passed  Video  RealClearPolitics
1,Statement by the President on the Affordable Care Act  whitehousegov
2,Obamaxe2x8x99s pledge that xe2x8x98no one will take awayxe2x8x99 your health plan  The Washington Post
3,Obama admin knew millions could not keep their health insurance
4,Keeping Your Health Plan  FactCheckorg
5,Pants On Fire PolitiFact Tries To Hide That It Rated True in 28 Obamacares Keep Your Health Plan Promise
6,Medicareforall explained insurance deductibles for work plans rising  Vox
7,Medicareforall The design and costs for Democratic health care plans  Vox
8,The Lessons of Obamacare  Vox
9,Donald Trump on Health Care Consequences of His Plan
10,The Truth About Obamacare 14 Myths Explained
11,Grading Obamacare Successes Failures and xe2x8x98Incompletesxe2x8x99  The New York Times
12,Health insurance policy cancellations since Obamacare  Ballotpedia
13,Patient Protection and Affordable Care Act  Wikipedia
14,Health care in the US Why universal health care never happened xe2x8x94 Quartz
15,Getting prescription medications  HealthCaregov
16,Nodeal Brexit What Frances contingency plan means for Brits in France  The Local
17,Explained Germanys plans to change controversial abortion laws  The Local
18,FAQ  Birdie
19,A Year Without Net Neutrality No Big Changes Yet  WIRED
20,Former Colorado foster youth make themselves heard for xe2x8x9csibling bill of rightsxe2x8x9d drivers license bill  The Colorado Sun
21,A running list of how President Trump is changing environmental policy
