,searched
0,Pressed on Medicare and Social Security Cornilles Supports Privatization for Seniors  Democratic Party of Oregon
1,Rob Cornilles and Suzanne Bonamici candidates for 1st Congressional District debate  oregonlivecom
2,Bonamici Cornilles tangle over Social Security immigration and other hotbutton issues  oregonlivecom
3,Rob Cornilles says Affordable Care Act eliminates choice for seniors on Medicare Advantage PolitiFact Oregon  oregonlivecom
4,Bloomberg  Are you a robot
5,tIn Oregon congressional race Rob Cornilles faces scrutiny from GOP rivals and waiting Democrats  ttttttOregonLivecom
6,Oregon Special Election Tomorrow Will Voters Reject Global Warming Denier Rob Cornilles  ThinkProgress
7,Ten of 13 candidates for Oregons 1st District race reach out to West Slope residents in Beaverton  oregonlivecom
8,Candidates Hit A Little Harder Dig A Little Deeper In Latest Debate  Northwest  eastoregoniancom
9,Romney Claims Florida Primary Win  Kaiser Health News
10,Stand Up Guys TZ9V
11,Debate Bonamici v Cornilles  Politics Plus
12,FakeNewsDetectiontesttsv at master xc2xb7 nishitpatel1FakeNewsDetection xc2xb7 GitHub
13,Daily Kos Elections Morning Digest Gonzo campaigning at its finest
14,Rob Cornilles Updated 11111  Tea Party Movement  United States Government
15,David Catanese Blog  POLITICO
16,Oregon  Page 22  Ridenbaugh Presspublishing
17,David Wus Issue Positions Political Courage Test  The Voters Self Defense System  Vote Smart
18,reynolds  Oregon Progressive Party
19,Wheelhouse Weekly  February 7 212  International Organization of Masters Mates  Pilots
