,searched
0,American Rhetoric Barack Obama  Speech on the 21 Budget Sent to rnCongress 
1,Obamaxe2x8x99s Remarks on the Budget  The New York Times
2,Obama budget cuts farm programs  Farm Progress
3,Obama Directly Responsible For Todays California Wildfires 
4,Hong Kong AsianPop Music Festival 219
5,About  Music Festival Suite  Music Festival Management  For Alberta Music Festival Association and Syllabus Music Festivals
6,PDF Media culture Cultural studies identity and politics between the modern and the postmodern  rebecca chan  Academiaedu
7,Meanings and origins of Australian words and idioms  ANU School of Literature Languages and Linguistics
8,How to Pick a Music Festival When They All Sound the Same  GQ
9,Top 22 Music Festivals in Pennsylvania PA For Your Bucket List 219
10,218 Nannup Music Festival Program Book by Nannup Music Festival  Issuu
11,New research shines light on sexual violence at Australian music festivals
12,THE 2 BEST MUSIC  CULTURAL FESTIVALS IN THE PHILIPPINES
13,Adidas Football Shoes Pink rattlesnakeproductoracom
