,searched
0,rntOregongov NewsDetailrn
1,Oregon pays out 85 million in pot taxes to school fund cops other services  oregonlivecom
2,Oregon Study Reveals Benefits and Costs of Insuring the Uninsured  The New York Times
3,Bloomberg  Are you a robot
4,At Best Obamacares Lifesaving Potential Was Equivalent To Exercising Briskly For 3 Minutes A Day
5,rntRelationship of Health Insurance and Mortality  Annals of Internal Medicine  American College of Physiciansrn
6,Morning Briefings  Kaiser Health News
7,n                Fed up with rising costs big US firms dig into healthcare  Reuters
8,Establishment looks to crush liberals on Medicare for All  POLITICO
9,Clark County measles outbreak 8 things everybody should know about the virus  Vox
10,Measles outbreak Washington state Senate passes bill to eliminate exemption for MMR vaccine  The Washington Post
11,ACHIEVING BETTER HEALTH OUTCOMES The Oregon Benchmark Experiencennn
12,Increasing Voter Participation in America  Center for American Progress
13,rnttOpponents Spar Over California Vaccine Exemption Bill  capradioorgrnt
14,Fraud statistics
15,Case western mid year report
16,n  n    On Californias Coast Farewell to the King Salmonn     n    Sciencen     Smithsonian
