,searched
0,Did Tim Knopp honor his pledge to decline PERS PolitiFact Oregon  oregonlivecom
1,News  Tim Knopp for State Senate
2,nSenator Knopp Keeping My Pledge To Younn
3,Officials face hard truths over PERS  Mail Tribune
4,Divest OREGON PERS from war kickoff meeting  Action Network
5,Audit finds Oregon pension system vulnerable to attacks natural disasters  Salem Reporter  News about Salem xe2x8x93 Indepth Accurate Trusted
6,nnn    n        n           The 22 Billion Question Understanding Oregon PERS n        n        Radion    n     OPBn
7,nLocal News  FM News 11 and 111 AM KBND
8, Public Pensions Watch 219  Page 69  Actuarial Outpost
9,rntErrorrn
10,community law enforcement Topics by WorldWideScienceorg
11,DC5m TRUMP usa Created at 21828 118
