,searched
0,Donald Trump US will build up nuclear arsenal  BBC News
1,Donald Trump to Withdraw US from Nuclear Weapons Treaty  Time
2,President Donald Trump  Campaign for Nuclear Disarmament
3,Trump SOTU predicts nuclear arms race xe2x8x94 Quartz
4,Trump says US will withdraw from nuclear arms treaty with Russia  World news  The Guardian
5,Donald Trump confirms US withdrawal from INF nuclear treaty  World news  The Guardian
6,Trump Accidentally Just Triggered Global Nuclear Proliferation  Foreign Policy
7,The other big TrumpPutin story Nuclear treaty hangs in the balance
8,Trump admits North Korea might keep its nuclear weapons  Vox
9,Donald Trump welcomes in the age of xe2x8x98usablexe2x8x99 nuclear weapons by James Carroll Le Monde diplomatique  English edition November 218
10,Donald Trump threatens to increase nuclear arsenal until Russia and China come to their senses  Donald Trumps America  ABC News Australian Broadcasting Corporation
11,Trump administration withdraws from USRussia nuclear weapons treaty
12,Donald Trump rushing to sell Saudi Arabia nuclear technology  USA News  Al Jazeera
13,Trump Doing the Same Thing on Iran That Bush Did on Iraq
14,Why Nuclear Weapons Are Shaping Up as a 22 Campaign Issue
15,How to verify North Koreas nuclear weapons is at heart of TrumpKim summit
16,Bloomberg  Are you a robot
17,US Suspends Nuclear Arms Control Treaty With Russia  The New York Times
18,Why North Korea Might Give Up Nuclear Crown Jewel at Trump Summit  Fortune
19,Trump says the US will pull out of IntermediateRange Nuclear Forces Treaty  CNNPolitics
20,Trump North Korea could be great power without nuclear weapons  BBC News
21, Trump Wants to Withdraw From the INF Treaty Why  The Atlantic 
22,n    n        Why we should not be surprised Trump could do a deal over nuclear weapons with North Korea  openDemocracyn    n
23,Donald Trump says US to withdraw from nuclear weapons pact due to Russian violations
24,President Donald J Trump Is Committed to Countering the Proliferation of Chemical Biological and Nuclear Weapons
25,Trump can launch nuclear weapons whenever he wants with or without Mattis  The Washington Post
