,searched
0,Takedown How the media almost blew Obamas secret trip to Afghanistan  CNNPolitics
1,Venezuela  Time
2,Obama West Point speech in full with analysis  BBC News
3,List of major power outages  Wikipedia
4,Climate Change  The White House
5,President Obamas Final United Nations Speech Transcript  Time
6,President Obamaxe2x8x99s Interview With Jeffrey Goldberg on Syria and Foreign Policy  The Atlantic
7,Obamaxe2x8x99s Economic Record An Assessment  The New Yorker
8,President Obama who hoped to sow peace instead led the nation in war  Los Angeles Times
9,Mike Pompeo US withdrawing all diplomatic staff from Venezuela xc2xaAxios
10,NEWSOM Wildfire demands and cost jawdropping  STEYERs new impeachment strategy  SCOTUS hears census dispute  COPS bills surprise play   HOUSING bills critical moment  POLITICO
11,Andrew Yang Wants to Be Americas First ExGoth President
12,The Latest Buttigieg Its clear Trump deserves impeachment  Where Orlando Turns First For Breaking News Weather and Traffic
13,Kate Middletonxe2x8x99s WITTY response when pal tells her how lucky she is to have William  Royal  News  Expresscouk
14,Website Mgr Author at Wind energy not cheap not free not green not a farm or a park not reliable not dispatchable not an answer call it what it isA SCAM
15,Call and post archives
16,n        Viewing Opinion feeds  World Professional News    
17,Kay ivey beliefs
