,searched
0,    Every US state economy ranked from worst to best  Business Insidern
1,The states with the best and worst economies
2,Chris Christies problem New Jerseys economy isnt doing well 
3,The Best of Times the Worst of Times A Ranking of State Economies
4,NJ economic recovery still lagging despite recent jobs numbers
5,State economic growth slowed in 211  Jun 5 212
6,Comparison between US states and sovereign states by GDP  Wikipedia
7,    State Economy Ranking July 215  Business Insidern
8,Economic indicators Whats the largest industry in your state
