,searched
0,Women Make Up Majority of US Law Students for First Time  The New York Times
1,nttUBC campaigns for women in engineering silent about lack of men elsewhere  Vancouver Sunt
2,Howard medical school class of 219
3,College Scholarship Programs for Women Attending School Grants  Educational Financial Aid for Female Students
4,Medicare and Medicaid What do they do
5,A Brief History xe2x8x94 About UofL
6,Historically Black Colleges and Universities and Higher Education Desegregation
7,The degrees that make you rich and the ones that dont  BBC News
8,Student Health Insurance and Coverage Options  The Simple Dollar
9,History of higher education in the United States  Wikipedia
10,Higher education in the United States  Wikipedia
11,Harvard University  Wikipedia
12,Texas Scholarships  Scholarshipscom
13,UNIVERSITIES IN JAPAN RANKINGSTUDENT LIFE AND PROBLEMS  Facts and Details
14,Why the dentist with 1 million in student debt spells trouble for federal loan programs
15,nn    University of Detroit Mercyn
16,Dental Care  Medicaidgov
17,Medicaid at 5  LowIncome Pregnant Women Children and Families and Childless Adults  8721  The Henry J Kaiser Family Foundation
18,Health Report  ABC Radio National Australian Broadcasting Corporation
19,The Changing Face of Saudi Women
20,Why Is Silicon Valley So Awful to Women  The Atlantic
