,searched
0,Why did Ann Kirkpatrick hastily leave 29 constituent event
1,Ad Watch McCain ad vs Kirkpatrick misses context of Obamacare animosity  Local  azdailysuncom
2,In competitive Arizona district Martha McSally tries to block the noise
3,Arizona Democrat Ann Kirkpatrick and John McCain Face Off in 216 US Senate Election  Phoenix New Times
4,Sen John McCain doubles down on Rep Ann Kirkpatrick walkout video
5,Ann Kirkpatrick is Front Runner at Candidates Forum for Tucsons Congressman  Blog for Arizona
6,Transcript of Pelosi Press Conference Today  Speaker Nancy Pelosi
7,Dems buoyed by Kirkpatrick candidacy for US Senate  Arizona Capitol Times
8,For Congressional Candidate Ann Kirkpatrick the Fight for Health Care Is Personal  Brit  Co
9,For Congressional Candidate Ann Kirkpatrick the Fight for Health Care Is Personal
10,Sen John McCain doubles down on Rep Ann Kirkpatrick walkout video
11,FACT CHECK Sen John McCain claims Ann Kirkpatrick walked out on constituents
12,Will the real John McCain and Ann Kirkpatrick please stand up
13,How the Party of John McCain Became the Party of Donald Trump  Mother Jones
14,n            Political TV Ad Archive   PolAdAnnKirkpatrickJohnMccaindo69a        
15,McCain Kirkpatrick debate tonight  Kingman Daily Miner  Kingman AZ
16,Better know a district Kirkpatrick does Paton does not  Blog For Arizona
17,Did Democrats Regain Control of the Senate No Here Are 1 Races We Watched  The New York Times
18,The Skinny  The Skinny  Tucson Weekly
19,Progressive Candidates Caught in Battle With Democratic Party
20,Senate Democrats find silver lining in Wisconsin  ITCON
21,Ann Kirkpatrick endorsement WMI sees the big picture  Letters To Editor  wmicentralcom
