,searched
0,Black Confederates  American Battlefield Trust
1,Black Soldiers in the US Military During the Civil War  National Archives
2,African Americans in the Civil War  64 Parishes
3,The 54th Massachusetts Infantry  HISTORY
4,Black Civil War Soldiers  HISTORY
5,Yes There Were Black Confederates Herexe2x8x99s Why
6,Black Troops in Union Blue  Constitutional Rights Foundation
7,The Civil War
8,Civil War and Reconstruction 18611877  Gilder Lehrman Institute of American History
9,United States Colored Troops  Wikipedia
10,American Civil War  Wikipedia
11,Slavery during the American Civil War  Wikipedia
12,African Americans  The Civil War era  Britannicacom
13,Civil War Toll Up by 2 Percent in New Estimate  The New York Times
14,African Americans and World War I
15,Religion in the Civil War The Southern Perspective Divining America TeacherServe National Humanities Center
16,The Southxe2x8x99s Inner Civil War  AMERICAN HERITAGE
17,rnrnrnThe Civil Rights Movement And The Second Reconstruction 1945xe2x8x931968              rnrn    rn    US House of Representatives History Art  Archivesrn
18,story US National Park Service
19,The Letters of Freedmens Teachers in the Debate Over Reconstruction
20,Booker T Washington  Facts Beliefs  School  Biography
21,African Americans  the Revolution  NCpedia
