,searched
0,Hillary Clinton On Releasing Transcripts Of Goldman Sachs Speeches I Will Look Into It  Video  RealClearPolitics
1,Hillary Clinton slams Johnson ControlsTyco deal
2,Johnson Controls disputes Hillary Clinton on tax inversion
3,Clinton Speaks in Adel Criticizes Johnson Controls for Urging Auto Industry Bailout  whotvcom
4,A Tidal Wave of Corporate Migrants Seeking Tax Shelter  The New York Times
5,LIVE How honest is the ClintonSanders debate
6,Hillary Clinton Candidate Response Details
7,Hillary Clinton Bowling Alley Event in Iowa  Hillary Talks Corporate TaxDodgers
8,Automakers Report Card Who Still Owes Taxpayers Money The Answer Might Surprise You
9,Johnson Controlsxe2x8x99 CEO Thinks the Corporate Tax System Needs Overhaul  Fortune
10,Johnson Controls  Wikipedia
11,Remarks by the President in State of the Union Address  whitehousegov
12,SandersClinton debate transcript Annotating what they say  The Washington Post
13,The Finance 22 Trumps farmer bailout is backfiring among Republican lawmakers  The Washington Post
14,What Fires Anger in Grass Roots America
15,Democratic Debate Read the Transcript of the Fifth Debate  Time
16,No Credit  The New Yorker
17,Confusion Tunneling And Looting  The Baseline Scenario
18,Pnc real estate tax credit capital
