,searched
0,The Financial Bailout in 28 Was a TrillionDollar Mess  Rolling Stone
1,US Declares Bank and Auto Bailouts Over and Profitable  The New York Times
2,JPMorgan and 9 Other Banks Repay TARP Money  The New York Times
3,Emergency Economic Stabilization Act of 28  Wikipedia
4,Troubled Asset Relief Program  Wikipedia
5,A guide to the financial crisis xe2x8x94 1 years later  The Washington Post
6,Why TARP has been a success story  The Washington Post
7,TARP Definition Cost Who It Helped
8,The true cost of the bank bailout  Need to Know  PBS
9,rntrntInvestigationsrnrn
10,Did Lugar Bail Out NYC  FactCheckorg
11,Fannie Mae Freddie Mac are Uncle Sams cash cows a decade after crash
12,Great Recession  HISTORY
13,4 Mistakes I Made with My Student Loans and How You Can Avoid Them  EDgov Blog
14,Pakistans privatisation dilemma as it seeks IMF bailout
15,Lessons from the financial crisis The central importance of a sustainable affordable and inclusive housing market
16,The bailouts of 2729  Econbrowser
17,How Big Banks Bled A Tiny Island Nation
