,searched
0,Why Repealing The Estate Tax Could Save Donald Trumps Family More Than 1 Billion
1,Bloomberg  Are you a robot
2,GOP bill will kill the estate tax after 6 years
3,Trump Could Save More Than 1 Billion Under His New Tax Plan  The New York Times
4,Heirs to the Walton family fortune got 33 billion richer in one day on Walmart stock earningsxc2xa  Daily Mail Online
5,Dont buy the spin The new tax plan is a huge giveaway to the rich  Los Angeles Times
6,Taxes
7,Betsy DeVos  Wikipedia
8,Greed Has No Limit for GOP McConnell Estate Tax Repeal Would Hand Tens of Billions to Walton and Koch Families
9,Donald Trump just proposed repealing the death tax Heres why thats a scam  Los Angeles Times
