,searched
0,Dont Blame Obama For Doubling The Federal Deficit
1,US Debt by President By Dollar and Percent
2,fakenewstestcsv at master xc2xb7 rampkitsfakenews xc2xb7 GitHub
3,PoliticsVideoChannel on Twitter Bill Clinton left office With a 127 billion surplus and was projected to Pay Off the debt in 1 yearsBush Jr Turned That into a 14 trillion deficitObama got it down to 492 billionTrump raised it back up to 833 billion Dems Are the Real xe2x8x9cfiscally conservativexe2x8x9d party
4,Letters to the editor Feb 18
5,Ryan Dwyer Archives  WING NUT GAL
6,Republicans Silent As Pres Obama Gives Our Soldiers Their Biggest Raise In 5 Years  Community  The NewsTalkers
7,Economics Has the deficit decreased 23rds under Obama  Page 5  ChiefsPlanet
8,A 95 trillion price tag for Trumpxc2x92s tax plan  Page 3  PoliticalForumcom  Forum for US and Intl Politics
9,Matthews Republicans Are Spending Us Into Deficits  Hardball  MSNBC  News Videos On the Web
10,Visualizing 21 Trillion of National Debt Which Presidents You Should Blame the Most 
11,Deficit shrinks by 1 trillion in Obama era  MSNBC
12,Obama Versus Bush Economic Policies
13,European Union  Page 3  ChristopherStoryNewsArchive
14,nVOICE OF DETROIT  The citys independent newspaper unbossed and unbought  Local national and world news from a peoples perspective  Page 87t
15,   Industry News   TALKERS magazine  The bible of talk media
16,QResearch  the 8chan QResearch Board Search
17,Rep Trey Gowdy Questions FBI Director Comey
18,For Facts Sake Which Party Has Historically Created More Jobs  Velshi  Ruhle  MSNBC  wetube24com
