,searched
0,Donald Trump I never once asked that Megyn Kelly be removed as a debate moderator
1,Donald J Trump on Twitter Based on MegynKellys conflict of interest and bias she should not be allowed to be a moderator of the next debate
2,Donald Trump will skip Fox Newss debate because of Megyn Kelly  Vox
3,Trump responds to Megyn Kellys questions on misogyny xe2x8x93 with more misogyny  US news  The Guardian
4,FactChecking the Seventh Republican 216 Debate  NBC News
5,rntTrump Fox News Apologized for Debate Flap  Newsmaxcomrn
6,9 More Donald Trump Fudges and Lies From Primary Season Videos
7,Donald Trump Claims Fox News xe2x8x9cApologizedxe2x8x9d Net Details Talks With Roger Ailes  Deadline
8,Will Megyn Kellys question about women derail Donald Trumps candidacy  Los Angeles Times
9,Megyn Kelly Slams Media xe2x8x9cBias Against Trumpxe2x8x9d For Criticism of Her Prim  Vanity Fair
10,216 Republican debate Donald Trumps Megyn Kelly war  POLITICO
11,FACT CHECK The last GOP debate before Iowa
12,Republican Debate Donald Trump Faces Megyn Kelly  Time
13,Megyn Kelly Opens Up About Surviving Donald Trump Attacks  PEOPLEcom
14,Megyn Kelly Talks About Donald Trump And The Media  NPR
15,How Trumps feud with Megyn Kelly unfolded  njcom
16,Trump Rekindles Feud With Megyn Kelly Ahead of Fox News Debate xe2x8x98She Should Not Be Allowed to Be a Moderatorxe2x8x99
17,Donald Trump on Megyn Kelly  There was blood coming out of her wherever VIDEO  YouTube
18,Fox News slams Trump says he has an xe2x8x98extreme sick obsessionxe2x8x99 with Megyn Kelly  The Washington Post
19,Clinton ally calls for Chris Wallaces removal as moderator Family of 911 victim We deserve justice accountability  Fox News
20,FACT CHECK The last GOP debate before Iowa
21, Donald Trump turned to Rudy Giuliani ahead of debate to ask Fox News CEO to make sure Megyn Kelly isnxe2x8x99t too hard on him report says xc2xa  New York Daily News
