,searched
0, Trumps Animals Remark Is Threatening to Immigrants  The Atlantic 
1,Trumpxe2x8x99s Republican National Convention speech massively distorted national crime statistics xe2x8x94 Quartz
2,Trump Ends Convention as He Started Campaign Linking Immigrants to Crime
3, Trump Nearly 18 illegal immigrants with records roaming free  News  Austin AmericanStatesman  Austin TX
4,Latino And Immigration Groups React To Nominee Trump The Pivot Is Dead
5,Comments on A dangerously good speech Donald Trump paints a vision of a chaotic and dismal America   The Economist
6,Give Trump love and he will give us law and order  POLITICO
7,Welcome to the Fear Election for the third election in a row  The Washington Post
8,Trump Accepts Nomination Americanism Not Globalism Will Be Our Credo  Video  RealClearPolitics
9,Factchecking Donald Trumpxe2x8x99s acceptance speech at the 216 RNC  The Washington Post
10,Donald Trump Convention FactCheck  Time
11,CBS News  Donald Trump talks illegal immigrant numbers  Facebook
12,Factchecking Donald Trumps convention speech A dark vision based on specious stats  Chicago Tribune
13, Immigration in the age of Trump What it means for Palm Beach County  News  The Palm Beach Post  West Palm Beach FL
14,Posts tagged xe2x8x98us presidential election 216xe2x8x99  LRB blog
15,Truthtesting Trump on Law and Order  The Marshall Project
16,Donald Trumps Speech Rings Terrifying Historical Alarm Bells
17,Take Donald Trumpxe2x8x99s Crime Statistics With A Grain Of Saltxc2xa  GOOD
18,How Does Trump Betray American Political Tradition  BillMoyerscom
19,Fact checking Trump on immigration and refugees  HoustonChroniclecom
20,Donald Trump and immigration and Hillary Clinton and guns
21,Opinion  Quotes From Donald Trumpxe2x8x99s Convention  The New York Times
22,Bloomberg  Are you a robot
23,Trumps message Together    we will lead our country back
24,    n            The 216 Republican convention  live updates  CBS Newsn    
25,Donald Trumpxe2x8x99s new heights of megalomania  AALDEF
