,searched
0,Customary IHL   Practice Relating to Rule 87 Humane Treatment
1,Unlawful combatant  Wikipedia
2,Unlawful combatant  Wikipedia
3,Unlawful combatant  Wikipedia
4,Unlawful combatant  Wikipedia
5,Unlawful combatant  Wikipedia
6,Cheneys Tortured Facts  FactCheckorg
7,Protected Persons
8,Terrorism and the Law  Foreign Affairs
9,From Savages to Unlawful Combatants A Postcolonial Look at International Humanitarian Laws Other 26  Frederic J M S Megret  Academiaedu
10,habeas corpus  Harvard Magazine
