,searched
0,When Social Security Payments Are Wrong
1,Your Social Security check could be bigger next year
2,n      n    A Major Social Security Change Is Coming in 222  The Motley Foolnn  
3,n      n    7 Changes to Social Security in 218  The Motley Foolnn  
4,Intro to the W2 video  Tax forms nKhan Academy
5,Social Security Benefits to Increase in 219  Social Security Matters
6,217 Brings New Changes to Full Retirement Age  Social Security Matters
7,FACT CHECK Did Donald Trump Say He Will Cut Social Security
8,5 facts about Social Security  Pew Research Center
9,Itxe2x8x99s Tempting to Take Social Security at 62 You Should Wait  The New York Times
10,How Social Security Will Change in 219  Consumer Reports
11,How Does My Parttime Job Affect Social Security
12,Social Security at 62  Fidelity
13,How much will I get from Social Security if I make 5
14,Top 251 Reviews and Complaints about Social Security Disability
15,How Continuing To Work Can Increase Social Security Benefits
16,rntSocial Security for Disabled Children Benefits You May Not Know About  NAMI National Alliance on Mental Illnessrn
17,Waiting for decision
18,All 16 million personal independence payment claims to be reviewed  are you owed xc2xa31s
19,Donald Trump Budget Who Loses Disability Benefits  Time
20,How Millennials Became The Burnout Generation
21,Will Social Security Really Run Out of Money  Money
22,What You Need To Know About Social Security And Medicare Changes For 218
23,Social Security United States  Wikipedia
24,    n            Lets debunk this Social Security myth  CBS Newsn    
25,Everything No One Ever Tells You After You Get Approved for Disability  How to Get On
26,Social Security and Medicare Blog
27,Government shutdown people on food stamps or SNAP could be hit hard  Vox
