,searched_url
0,https://www.politifact.com/personalities/jb-van-hollen/
1,https://www.politifact.com/personalities/jb-van-hollen/statements/?list=speaker
2,https://www.politifact.com/subjects/job-accomplishments/statements/byruling/mostly-true/?page=4
3,http://www.naasca.org/2011-Articles/PDFfiles/2010-NatStrategyReport.pdf
4,https://issuu.com/chucklebig/docs/own_your_space_teen_book
5,https://www.doj.state.wi.us/sites/default/files/2010-news/written-testimony-sb561-icac-20100323.pdf
6,https://www.ncjrs.gov/pdffiles1/Digitization/185232NCJRS.pdf
7,https://www.gpo.gov/fdsys/pkg/CRPT-108hrpt805/html/CRPT-108hrpt805.htm
8,http://davidellis.ca/The_Wikipedia_Internet_book.pdf
9,https://scholarship.law.upenn.edu/cgi/viewcontent.cgi?article=3305&context=penn_law_review
