,searched_url
0,https://news.gallup.com/poll/203198/presidential-approval-ratings-donald-trump.aspx
1,https://www.cnbc.com/2019/01/02/trump-approval-low-but-steady-possible-good-sign-for-2020-re-election.html
2,http://time.com/5419515/donald-trump-numbers-reelection/
3,https://www.forbes.com/sites/alanschwarz/2019/03/05/disapprove-of-trump-math-says-you-still-might-vote-for-him/
4,https://en.wikipedia.org/wiki/United_States_presidential_approval_rating
5,https://www.bbc.com/news/world-us-canada-46895634
6,https://www.bbc.com/news/world-us-canada-38663043
7,https://www.wsj.com/articles/trumps-job-approval-rating-ticks-up-along-with-warning-signs-11551621720
8,https://morningconsult.com/2019/03/27/trump-dominates-hogan-in-hypothetical-gop-contest/
9,https://www.vox.com/policy-and-politics/2019/3/22/18276155/donald-trump-2020-presidential-election-odds
