,searched_url
0,https://www.politifact.com/truth-o-meter/statements/2013/may/02/barack-obama/president-barack-obama-says-people-health-insuranc/
1,https://www.vox.com/policy-and-politics/2018/12/14/18117917/medicare-for-all-explained-health-insurance-deductibles
2,https://theintercept.com/2019/02/05/nancy-pelosi-medicare-for-all/
3,http://www.ncsl.org/research/health/small-business-health-insurance.aspx
4,https://www.healthmarkets.com/resources/health-insurance/trumpcare-news-updates/
5,https://www.aarp.org/health/medicare-insurance/info-2018/medicare-changes-2019.html
6,https://healthcare.procon.org/view.answers.php?questionID=001602
7,https://qz.com/1022831/why-doesnt-the-united-states-have-universal-health-care/
8,https://cooper.house.gov/groups-opposing-republican-health-plan
9,https://www.healthinsurance.org/new-york-state-health-insurance-exchange/
