,searched_url
0,https://www.politifact.com/truth-o-meter/statements/2008/sep/09/john-mccain/he-butted-heads-with-big-pharma/
1,https://edrugsearch.com/new-mccain-commercial-he-took-on-the-drug-industry/
2,https://www.nytimes.com/2008/10/14/us/politics/14money.html
3,https://www.huffpost.com/entry/new-mccain-palin-ad-origi_n_124710
4,https://www.conservapedia.com/John_McCain_2008_Presidential_Campaign
5,http://voices.washingtonpost.com/44/2008/09/claiming-the-maverick-brand.html
6,https://www.blackenterprise.com/about-that-bridge/
7,https://www.annenbergpublicpolicycenter.org/Downloads/Private/obamaVictory/TOV_Ch2_10-18-09.pdf
8,https://www.politico.com/news/stories/0908/13766_Page2.html
9,https://www.csmonitor.com/USA/Politics/The-Vote/2008/0908/mccains-maverick-ad-starts-shootout-over-earmarks
