,searched_url
0,https://www.politifact.com/oregon/statements/2014/jan/15/bill-post/has-rep-tina-kotek-d-portland-ever-held-job/
1,https://www.wweek.com/news/state/2019/02/21/house-speaker-tina-kotek-demotes-two-oregon-lawmakers-for-their-rude-remarks/
2,https://en.wikipedia.org/wiki/Tina_Kotek
3,https://www.wweek.com/news/state/2017/06/28/the-good-the-bad-and-the-awful-our-2017-ranking-of-portland-area-lawmakers/
4,https://www.salemreporter.com/posts/644/oregon-lawmakers-go-into-second-half-of-session-with-a-full-plate
5,https://www.opb.org/news/article/oregon-legislature-2019-preview/
6,https://www.salemreporter.com/posts/423/opening-day-at-oregon-legislature-is-about-ceremony-getting-acquainted
7,https://pamplinmedia.com/pt/9-news/420714-325063-greenlick-post-stripped-of-committees-amid-capitol-culture-change-
8,https://reason.com/2018/12/18/oregon-proposes-ditching-single-family-h/
9,https://www.cfm-online.com/state-lobbying-blog/tag/Tim+Knopp
