,searched_url
0,https://www.politifact.com/virginia/statements/2011/feb/11/dwight-jones/richmond-mayor-dwight-jones-says-city-has-981-mill/
1,https://www.politifact.com/personalities/dwight-jones/
2,https://www.politifact.com/virginia/locations/richmond/
3,http://www.rvapol.com/blog/2018/12/19/nobnavy-hill-does-richmond-need-a-new-coliseum
4,https://wtkr.com/2018/11/04/who-is-paying-what-for-the-1-4-billion-downtown-richmond-redevelopment-plan/
5,http://www.richmondgov.com/PressSecretaryMayor/documents/MayorJones2011StateoftheCityAddress.pdf
6,http://www.richmondgov.com/PressSecretaryMayor/robocopy/documents/HundenStrategicNoB.pdf
7,https://www.federalreserve.gov/supervisionreg/files/19980625.pdf
8,http://maria01.co/to2jgmq/idicn8x.php?xxx=5&kcxjmfyvs=sesco-industries
9,https://richmondbizsense.com/2018/11/05/1-4b-coliseum-redevelopment-plan-receives-mayors-support-now-goes-city-council/
