,searched_url
0,https://www.politifact.com/rhode-island/statements/2010/oct/14/frank-caprio/caprio-says-chafee-gave-warwick-teachers-19-percen/
1,https://www.politifact.com/personalities/frank-caprio/statements/by/
2,https://www.politifact.com/rhode-island/rulings/half-true/?page=4
3,https://www.politifact.com/personalities/frank-caprio/
4,https://www.edweek.org/ew/articles/1994/10/26/08warwic.h14.html
5,https://www.jstor.org/stable/3218167
6,https://en.wikipedia.org/wiki/Scott_Walker_(politician)
7,https://en.wikipedia.org/wiki/Chris_Christie
8,https://en.wikipedia.org/wiki/Political_positions_of_Jeb_Bush
9,https://en.wikipedia.org/wiki/Tim_Kaine
