,searched_url
0,https://www.politifact.com/truth-o-meter/statements/2008/sep/04/rudy-giuliani/dems-discussed-terrorism-aplenty/
1,https://www.politifact.com/subjects/terrorism/statements/byruling/barely-true/?page=5
2,https://www.nytimes.com/elections/2008/president/conventions/videos/transcripts/20080903_giuliani_speech.html
3,https://www.islamicity.org/3345/john-mccain-campaign-creating-fear-of-islam/
4,https://www.realclearpolitics.com/articles/2008/09/rudy_giulianis_keynote_address.html
5,https://cco.ndu.edu/News/Article/780274/chapter-13-recruitment-and-radicalization-the-role-of-social-media-and-new-tech/
6,http://theamericanmuslim.org/tam.php/features/articles/who_are_they_insulting/
7,https://thinkprogress.org/giuliani-by-refusing-to-use-the-term-islamic-terrorism-liberals-are-trying-not-to-insult-terrorists-faa711b91775/
8,http://ocean2-1170935903370634616.org/page/198.html
9,http://ocean2-35489137.org/page/153.html
