,searched_url
0,https://www.politifact.com/truth-o-meter/article/2008/may/01/clintons-long-haul-foreclosures/
1,https://www.politifact.com/truth-o-meter/statements/2008/may/01/hillary-clinton/clinton-and-obama-differ-on-freeze/
2,https://www.politifact.com/personalities/hillary-clinton/statements/by/?page=12
3,http://www.cbsnews.com/news/new-clinton-ads-spotlight-gas-tax-debate-maya-angelou/
4,https://wikileaks.org/podesta-emails/fileid/21206/5131
5,https://www.newspapers.com/newspage/148947437/
6,https://secretaryclinton.wordpress.com/page/90/
