,searched_url
0,https://publicintegrity.org/business/taxes/trumps-tax-cuts/you-paid-taxes-these-corporations-didnt/
1,https://www.washingtonpost.com/business/2019/02/10/millions-americans-could-be-stunned-their-tax-refunds-shrink/
2,https://www.nytimes.com/2019/04/14/business/economy/income-tax-cut.html
3,https://www.nbcnews.com/business/taxes/tax-code-changes-leave-americans-asking-what-happened-my-refund-n969366
4,https://www.npr.org/2017/08/07/541797699/fact-check-does-the-u-s-have-the-highest-corporate-tax-rate-in-the-world
5,https://www.inc.com/guides/reduce-smb-tax.html
6,https://www.thebalancesmb.com/how-much-tax-do-small-businesses-pay-3974568
7,https://www.forbes.com/sites/christopherhelman/2017/04/18/what-americas-biggest-companies-pay-in-taxes/
8,http://fortune.com/2019/03/01/amazon-federal-corporate-income-tax/
9,https://www.irishtimes.com/business/economy/workers-paying-more-tax-than-10-years-ago-says-tax-institute-1.3632444
