,searched_url
0,https://www.politifact.com/wisconsin/statements/2011/nov/04/wisconsin-association-justice/wisconsin-association-justice-says-state-bill-woul/
1,https://www.politifact.com/personalities/wisconsin-association-justice/statements/by/
2,https://www.politifact.com/personalities/wisconsin-association-justice/statements/byruling/false/
3,https://www.politifact.com/personalities/wisconsin-association-justice/
4,https://www.info.gov.hk/gia/general/201903/20/P2019031900839.htm
5,http://northernca.apwa.net/Content/Chapters/northernca.apwa.net/Documents/4_28_16%20AMA%20for%20APWA%20Luncheon.pdf
6,http://www.ukroadsliaisongroup.org/download.cfm/docid/3A9E12B3-EC43-4A5C-B7FCF77E38E6DB72
7,https://www.givenspursley.com/assets/publications/handbooks/handbook-roadlaw.pdf
8,https://www.co.lincoln.or.us/sites/default/files/fileattachments/board_of_commissioners/page/5036/county_road_manual_aoc_association_of_counties.pdf
9,http://www.sweetandmaxwell.co.uk/catalogue/eDownloadDoc.aspx?sapmaterialnum=7153&filename=481_2009168_9648.pdf&fileserver=EPIC
