,searched_url
0,https://www.politifact.com/punditfact/statements/2014/may/20/larry-pratt/larry-pratt-smart-gun-fails-20-percent/
1,https://www.buzzfeednews.com/article/nicolenguyen/what-is-smart-gun-technology
2,http://gunbelts.com/blog/smart-gun-technology-and-debate/
3,https://www.nbcnews.com/news/us-news/are-smart-guns-answer-america-s-gun-problem-n564396
4,https://www.bloomberg.com/news/features/2019-04-15/the-smart-gun-doesn-t-exist-because-of-new-jersey-and-the-nra
5,https://www.thetrace.org/2019/01/a-new-generation-of-entrepreneurs-thinks-it-can-revive-the-smart-gun/
6,https://www.pbs.org/newshour/science/smart-guns-exist-why-arent-they-on-the-market
7,https://www.thedailybeast.com/will-this-smart-gun-solve-americas-gun-problem
8,http://www.msnbc.com/all/njit-responds-gun-lobbyists-claims
9,https://www.bbc.com/news/technology-27520267
