,searched_url
0,https://www.politifact.com/truth-o-meter/statements/2010/jun/21/snooki/snooki-says-obama-put-10-percent-tax-tannning/
1,https://www.nytimes.com/2017/03/09/health/tanning-tax-repeal.html
2,https://www.forbes.com/sites/ryanellis/2015/06/15/obamacares-tanning-tax-turns-five/
3,https://en.wikipedia.org/wiki/Tanning_tax
4,https://en.wikipedia.org/wiki/Tanning_tax#Exclusions
5,https://en.wikipedia.org/wiki/Tanning_tax#Economic_effects
6,https://www.bustle.com/p/the-gop-is-totally-committed-to-killing-the-snooki-tax-on-tanning-70167
7,https://www.theatlantic.com/entertainment/archive/2010/07/snooki-vs-obama/340409/
8,https://cheezburger.com/5027150848
9,https://www.atr.org/comprehensive-list-obama-tax-hikes-a6433
