,searched_url
0,https://www.politifact.com/truth-o-meter/statements/2014/may/07/madison-action-fund/are-mike-simpson-and-nancy-pelosi-politically-alig/
1,https://www.politifact.com/personalities/madison-action-fund/
2,http://madisonproject.com/tag/mike-simpson/
3,https://www.youtube.com/watch?v=AoAtZhLnX5s
4,https://github.com/ramp-kits/fake_news/blob/master/data/test.csv
5,https://www.usatoday.com/video_sitemap_news_politics.xml
6,http://danaloeschradio.com/archives
7,https://www.c-span.org/video/?177300-1/house-session
8,http://sheldonschools.com/news?category=Politics
9,https://www.congress.gov/115/crec/2018/12/18/CREC-2018-12-18.pdf
