,searched_url
0,https://www.politico.com/story/2014/10/david-perdue-georgia-senate-race-2014-111589
1,https://www.politifact.com/georgia/statements/2014/oct/21/michelle-nunn/outsourcing-doesnt-always-mean-moving-jobs/
2,http://www.msnbc.com/msnbc/david-perdue-georgia-outsourcing-past
3,https://www.ajc.com/news/state--regional-govt--politics/perdue-proud-outsourcing-past-blames-washington-for-jobs-lost/K7QzOn0xM9xvxVSVBqGrpL/
4,https://thehill.com/blogs/ballot-box/219708-georgia-senate-candidate-said-he-spent-most-of-my-career-outsourcing
5,http://time.com/3485041/david-perdue-michelle-nunn-georgia-senate-outsourcing/
6,https://www.wsbtv.com/amp/news/local/perdue-outsourcing-i-spent-most-my-career-doing/137210438
7,https://www.ozy.com/2016/the-outsider-businessman-who-could-inherit-trumpism/71301
8,https://www.apnews.com/85917add9da74a4cb5add8dd742e8790
9,https://www.huffpost.com/entry/david-perdue-wealth_n_6018284
