,searched_url
0,https://www.politifact.com/personalities/oregon-senate-republicans/
1,https://www.labour.gov.hk/eng/public/content2_7.htm
2,https://www.labour.gov.hk/eng/faq/cap282a_whole.htm
3,https://www.labour.gov.hk/eng/legislat/content1.htm
4,http://www.ncsl.org/research/health/small-business-health-insurance.aspx
5,https://wcc.state.ct.us/
6,https://en.wikipedia.org/wiki/Workers%27_compensation
7,https://www.propublica.org/article/the-demolition-of-workers-compensation
8,http://ocean2-40744191.org/page/65.article.7
