,searched_url
0,https://www.realclearpolitics.com/video/2018/06/13/corey_stewart_vs_cnns_cuomo_your_own_father_said_anti-semitic_things_did_you_condemn_him.html
1,https://www.washingtonpost.com/politics/2019/02/05/big-investigations-trump-explained/
2,https://www.propublica.org/article/ivanka-donald-trump-jr-close-to-being-charged-felony-fraud
3,https://www.nytimes.com/2019/01/25/us/politics/roger-stone-trump-mueller.html
4,https://www.politifact.com/california/statements/2016/oct/19/ami-bera/ami-beras-mostly-true-claim-feds-cleared-me-electi/
5,https://www.vox.com/2018/11/15/18096700/donald-trump-daily-caller-interview
6,https://www.cbc.ca/news/world/trump-fox-interview-election-law-experts-weigh-in-1.4797126
7,https://www.politico.com/story/2019/02/18/trump-new-york-mueller-investigation-1173346
8,http://nymag.com/intelligencer/2018/12/mueller-sentencing-memos-michael-cohen-trump-2020-prison.html
9,https://www.cnbc.com/2018/10/17/read-the-transcript-of-aps-interview-with-president-trump.html
