,searched_url
0,https://www.heritage.org/health-care-reform/commentary/obamacare-say-hello-government-control
1,https://www.politifact.com/truth-o-meter/statements/2011/may/13/mitt-romney/romney-calls-obamas-health-care-law-government-tak/
2,https://cei.org/blog/yes-obamacare-government-takeover-health-care-system
3,https://www.washingtonexaminer.com/turns-out-obamacare-is-a-government-takeover
4,https://khn.org/news/why-do-people-hate-obamacare-anyway/
5,https://www.thenewamerican.com/usnews/health-care/item/12652-obamacare-a-government-takeover-of-healthcare
6,https://www.washingtonpost.com/blogs/the-fix/post/president-obama-embraces-obamacare-label-but-why/2012/03/25/gIQARJ5qaS_blog.html
7,http://www.cnn.com/2009/POLITICS/09/09/obama.health.care.transcript/index.html
8,https://i2i.org/ten-reasons-obamacare-is-a-government-takeover-of-health-care/
9,https://www.aafp.org/news/government-medicine/20120910prescampaign.html
