,searched_url
0,https://www.politifact.com/wisconsin/statements/2015/oct/07/scott-walker/wisconsin-couldnt-fire-state-employee-watching-hou/
1,https://www.politifact.com/personalities/scott-walker/statements/byruling/mostly-true/
2,https://www.cbsnews.com/news/civil-servant-protection-system-could-keep-problematic-government-employees-from-being-fired/
3,https://slate.com/news-and-politics/2014/05/epa-porn-employee-two-to-six-hours-a-day-won-t-get-you-fired-at-least-not-immediately.html
4,https://www.mprnews.org/story/2015/09/25/wisconsin-state-workers
5,https://www.leg.state.nv.us/nac/nac-284.html
6,"https://www.myflfamilies.com/admin/publications/cfops/CFP-xx%20Pamphlets/CFP%20060-1,%20Employee%20Handbook.pdf"
7,https://wnycosh.org/workercenter/handbook/
8,https://www.thebalancecareers.com/termination-for-cause-1918274
9,https://www.thebalancecareers.com/surfing-the-web-at-work-1919261
