,searched_url
0,https://www.politifact.com/truth-o-meter/statements/2011/apr/12/tim-pawlenty/tim-pawlenty-said-2009-we-cut-state-spending-real-/
1,https://www.politifact.com/truth-o-meter/article/2011/apr/12/fact-checking-tim-pawlentys-courage-stand/
2,http://theconversation.com/government-spending-explained-in-10-charts-from-howard-to-turnbull-77158
3,https://www.ifs.org.uk/uploads/publications/comms/R126.pdf
4,http://www.ontheissues.org/2012/Tim_Pawlenty_Budget_+_Economy.htm
5,https://en.wikipedia.org/wiki/Tim_Pawlenty
6,https://www.cbpp.org/research/state-budget-and-tax/its-time-for-states-to-invest-in-infrastructure
7,https://www.theatlantic.com/business/archive/2012/11/the-long-story-of-us-debt-from-1790-to-2011-in-1-little-chart/265185/
8,https://assets.publishing.service.gov.uk/government/uploads/system/uploads/attachment_data/file/203826/Spending_review_2010.pdf
9,https://www.nationalgeographic.com/magazine/2019/01/visible-human-susan-potter-cadaver/
