,searched_url
0,https://www.politifact.com/texas/statements/2011/oct/17/burnt-orange-report/democratic-blogger-says-donna-campbell-doesnt-live/
1,https://www.politifact.com/personalities/donna-campbell/statements/about/
2,https://www.texasobserver.org/donna-campbell-says-bathroom-bill-needed-keep-texas-beacon-hope/
3,https://www.statesman.com/article/20140302/NEWS/303029754
4,https://www.teachthevote.org/news/tag/donna-campbell/
5,https://wingright.org/category/politics/politicians/dr-donna-campbell/
6,https://www.mysanantonio.com/news/local_news/article/With-Campbell-leading-Courage-concedes-4014149.php
7,https://www.texastribune.org/2012/09/05/donna-campbell-tt-interview/
8,https://www.sacurrent.com/the-daily/archives/2019/02/05/san-antonio-new-braunfels-sen-donna-campbell-files-bill-to-let-texans-pack-heat-in-church
9,https://www.mysanantonio.com/news/local_news/article/Campbell-upsets-Wentworth-for-Texas-Senate-3752164.php
