,searched_url
0,https://www.pgpf.org/chart-archive/0053_defense-comparison
1,https://en.wikipedia.org/wiki/List_of_countries_by_military_expenditures
2,https://en.wikipedia.org/wiki/Military_budget_of_the_United_States
3,https://edition.cnn.com/2018/07/11/politics/trump-defense-spending/index.html
4,https://www.defensenews.com/industry/2018/05/02/us-remains-top-military-spender-sipri-reports/
5,https://www.washingtonpost.com/news/wonk/wp/2018/06/19/u-s-military-budget-inches-closer-to-1-trillion-mark-as-concerns-over-federal-deficit-grow/
6,https://www.ips-dc.org/wp-content/uploads/2014/09/CombatClimateReport.pdf
7,https://ourworldindata.org/military-spending
8,https://www.weforum.org/agenda/2017/03/the-us-spends-more-on-defence-than-all-of-these-countries-combined/
9,https://www.weforum.org/agenda/2018/05/india-worlds-biggest-defence-military-spender/
