,searched_url
0,https://www.who.int/gho/tb/epidemic/cases_deaths/en/
1,https://www.who.int/news-room/fact-sheets/detail/tuberculosis
2,https://www.who.int/tb/publications/global_report/gtbr15_main_text.pdf
3,https://www.who.int/gho/tb/en/
4,https://www.who.int/about/bugs_drugs_smoke_chapter_6_tuberculosis.pdf
5,https://www.who.int/news-room/detail/18-09-2018-who-calls-for-urgent-action-to-end-tb-
6,https://www.who.int/hiv/mediacentre/news/hiv-tb-patient-centred-care/en/
7,https://apps.who.int/iris/bitstream/handle/10665/274453/9789241565646-eng.pdf
8,https://www.scientificamerican.com/article/tuberculosis-now-rivals-aids-as-leading-cause-of-death-says-who/
9,https://www.washingtonpost.com/opinions/tuberculosis-is-curable-so-why-are-so-many-people-still-dying-of-the-disease/2018/09/18/49ba0688-baa0-11e8-9812-a389be6690af_story.html
