,searched_url
0,https://www.politifact.com/truth-o-meter/statements/2012/nov/02/michael-moore/michael-moore-said-us-lost-millions-jobs-month-und/
1,http://money.com/money/4636761/jobs-barack-obama-presidency/
2,https://millercenter.org/president/george-w-bush/key-events
3,https://www.bbc.com/news/world-us-canada-38663043
4,https://www.newyorker.com/news/john-cassidy/obamas-economic-record-an-assessment
5,https://www.brookings.edu/research/president-barack-obamas-first-two-years-policy-accomplishments-political-difficulties/
6,https://www.nytimes.com/2018/11/30/us/politics/george-hw-bush-dies.html
7,https://www.factcheck.org/2012/06/obamas-economic-sleight-of-hand/
8,https://www.theatlantic.com/magazine/archive/2017/10/is-trump-ending-the-american-era/537888/
9,https://en.wikipedia.org/wiki/George_H._W._Bush
