,searched_url
0,https://www.washingtonpost.com/opinions/no-hillary-clinton-does-not-want-to-abolish-the-second-amendment/2016/08/10/88163ab6-5f38-11e6-af8e-54aa2e849447_story.html
1,https://www.politifact.com/truth-o-meter/statements/2016/jul/21/donald-trump/despite-new-adverb-trumps-claim-about-clinton-want/
2,https://www.vox.com/2016/8/9/12415644/donald-trump-second-amendment-joke
3,https://www.politico.com/story/2016/08/trump-clinton-second-amendment-judges-guns-226833
4,https://www.buzzfeednews.com/article/coralewis/heres-what-trumps-supporters-thought-of-his-second-amendment
5,https://www.npr.org/2016/08/09/489364948/trump-appears-to-suggest-second-amendment-could-stop-clinton
6,https://www.nbcnews.com/politics/2016-election/trump-campaign-defends-2nd-amendment-comment-n626601
7,https://www.realclearpolitics.com/video/2016/08/09/trump_maybe_the_second_amendment_people_will_have_to_stop_hillarys_supreme_court_from_banning_guns.html
8,https://www.thetrace.org/2016/08/hillary-clinton-quotes-on-guns/
9,https://www.nytimes.com/2016/08/10/us/politics/donald-trump-hillary-clinton.html
