,searched_url
0,https://www.politifact.com/wisconsin/statements/2010/nov/15/sierra-club/sierra-club-says-killing-high-speed-rail-project-w/
1,https://madison.com/wsj/news/local/govt-and-politics/feds-to-take-wisconsin-s-high-speed-rail-money-give/article_473087b4-03b7-11e0-ac4c-001cc4c03286.html
2,https://www.nytimes.com/2010/12/10/us/10rail.html
3,https://usa.streetsblog.org/2011/01/11/highway-expansion-rampant-in-wisconsin-which-cant-afford-rail/
4,https://onewisconsinnow.org/scott-walker/budgets/
5,https://wattsupwiththat.com/2019/02/13/lets-be-real-california-governor-ditches-high-speed-rail-project-cites-hefty-price-tag/
6,https://www.everycrsreport.com/reports/R42584.html
7,https://www.everycrsreport.com/files/20120628_R42584_dbdac512e81f237ebf807b0877ec93d006bbdfb1.pdf
8,"https://ballotpedia.org/Wisconsin_gubernatorial_election,_2018_(August_14_Democratic_primary)"
9,"https://en.wikipedia.org/wiki/Madison,_Wisconsin"
