,searched_url
0,https://www.politifact.com/global-news/statements/2016/mar/17/gayle-smith/usaid-head-overshoots-gains-getting-more-kids-scho/
1,https://www.politifact.com/global-news/article/2016/mar/25/fact-checking-usaid-chief-global-poverty-and-educa/
2,https://www.politifact.com/global-news/rulings/half-true/
3,https://www.unicef.org/protection/Progress_for_Children-No.8_EN_081309(4).pdf
4,http://uis.unesco.org/sites/default/files/documents/fs37-leaving-no-one-behind-how-far-on-the-way-to-universal-primary-and-secondary-education-2016-en.pdf
5,http://www.communityhighlight.co.uk/updates.html
6,https://www.irishtimes.com/news/education/when-parents-and-teachers-collide-1.1535029
7,https://www.paloaltoonline.com/square/2014/12/18/what-gives-the-school-the-right-to-give-my-child-homework
8,https://www.theatlantic.com/education/archive/2016/02/us-asia-education-differences/471564/
9,https://www.vox.com/2014/11/24/7272929/global-poverty-health-crime-literacy-good-news
