,searched_url
0,http://norml.org/laws/item/georgia-penalties
1,https://www.politifact.com/georgia/statements/2013/mar/26/james-bell/fuzzy-use-data-undercuts-marijuana-arrests-claim/
2,https://www.theguardian.com/world/2017/jan/24/georgia-eases-draconian-law-cannabis-landmark-ruling
3,https://theintercept.com/2018/01/04/cartersville-georgia-ounce-marijuana-arrests-weed/
4,https://www.criminaldefenselawyer.com/crime-penalties/federal/Marijuana-Possession.htm
5,https://www.hrw.org/report/2018/08/13/harsh-punishment/human-toll-georgias-abusive-drug-policies
6,https://qz.com/1482349/weed-and-reparations/
7,https://www.pewtrusts.org/en/research-and-analysis/blogs/stateline/2017/11/20/in-these-states-past-marijuana-crimes-can-go-away
8,https://www.cheatsheet.com/culture/marijuana-laws-ridiculously-harsh.html/
9,https://www.thrillist.com/travel/nation/states-that-legalized-weed-marijuana-laws
