,searched_url
0,https://www.politifact.com/georgia/statements/2015/nov/10/tim-echols/wading-question-hydropower-georgia/
1,https://www.nationalgeographic.com/environment/global-warming/hydropower/
2,https://www.bbc.com/news/science-environment-46098118
3,https://www.forbes.com/sites/jeffopperman/2018/08/10/the-unexpectedly-large-impacts-of-small-hydropower/
4,https://www.ucsusa.org/clean_energy/our-energy-choices/renewable-energy/environmental-impacts-hydroelectric-power.html
5,https://www.scmp.com/magazines/post-magazine/long-reads/article/2162523/dam-nation-china-crackdown-spares-big-state
6,https://www.usgs.gov/special-topic/water-science-school/science/hydroelectric-power-water-use
7,https://www.governing.com/topics/transportation-infrastructure/gov-hydropower-renewable-energy.html
8,https://www.youtube.com/watch?v=tpigNNTQix8
9,https://www.energy.gov/eere/water/types-hydropower-plants
