,searched_url
0,https://www.politifact.com/new-jersey/statements/2012/feb/03/jim-whelan/united-states-ranks-26th-school-performance-world-/
1,https://www.nj.com/news/2012/02/politifact_nj_usa_ranks_26th_i.html
2,https://www.businessinsider.com/us-ranks-27th-for-healthcare-and-education-2018-9
3,https://www.washingtonpost.com/blogs/answer-sheet/post/why-us-cant-get-back-to-head-of-the-class-because-it-was-never-there/2012/07/01/gJQAwpgAHW_blog.html
4,http://subwayreads.org/book/the-smartest-kids-in-the-world/
5,https://fordhaminstitute.org/national/commentary/president-donald-trump-quotes-about-education
6,https://en.wikipedia.org/wiki/Education_in_the_United_States
7,https://www.timeshighereducation.com/world-university-rankings/2019/world-ranking
8,https://www.commonwealthfund.org/press-release/2014/us-health-system-ranks-last-among-eleven-countries-measures-access-equity
9,https://www.theatlantic.com/education/archive/2018/04/-american-students-reading/557915/
