,searched_url
0,https://www.politifact.com/texas/statements/2013/jan/16/rick-perry/rick-perry-says-texas-education-increased-phenomen/
1,https://www.politifact.com/texas/article/2013/jan/16/rick-perrys-phenomenal-false/
2,https://tea.texas.gov/acctres/Enroll_2012-13.pdf
3,https://forabettertexas.org/images/EO_2012_05_RE_FinancialAid.pdf
4,https://www.texasmonthly.com/list/the-rick-perry-report-card/public-education/
5,https://www.texaspolicy.com/library/doclib/TexasSchoolFinanceBasicsAndReform.pdf
6,https://www.vox.com/2015/2/24/8101289/school-discipline-race
7,https://www.urban.org/sites/default/files/publication/94961/making-sense-of-state-school-funding-policy_0.pdf
8,https://ctmirror.org/2017/09/28/the-state-of-cts-public-schools-in-charts/
9,http://www.coalitionforedfunding.com/school-finance-news.html
