,searched_url
0,https://www.nytimes.com/2011/02/24/us/24marriage.html
1,https://www.cbsnews.com/news/obama-administration-will-no-longer-defend-doma/
2,https://www.politifact.com/florida/statements/2012/apr/09/vern-buchanan/vern-buchanan-says-obama-will-no-longer-enforce/
3,https://en.wikipedia.org/wiki/Defense_of_Marriage_Act
4,https://en.wikipedia.org/wiki/Defense_of_Marriage_Act#Text
5,https://en.wikipedia.org/wiki/Defense_of_Marriage_Act#Enactment_and_role_of_President_Clinton
6,https://en.wikipedia.org/wiki/Defense_of_Marriage_Act#Political_debate
7,https://en.wikipedia.org/wiki/Defense_of_Marriage_Act#Challenges_to_Section_3_in_Federal_court
8,http://scholarlycommons.law.northwestern.edu/cgi/viewcontent.cgi?article=1055&context=nulr_online
9,https://abcnews.go.com/Politics/obama-administration-drops-legal-defense-marriage-act/story?id=12981242
