,searched_url
0,https://www.politifact.com/punditfact/statements/2014/mar/13/michael-reagan/ronald-reagans-son-says-his-father-got-saudis-pump/
1,https://www.telegraph.co.uk/finance/newsbysector/energy/oilandgas/11220027/Cheap-oil-will-win-new-Cold-War-with-Putin-just-ask-Reagan.html
2,https://www.telegraph.co.uk/finance/newsbysector/energy/11308952/Opec-Oil-plummets-after-Saudis-says-20-crude-is-possible.html
3,https://www.facebook.com/politifact/posts/did-ronald-reagan-win-the-cold-war-by-getting-the-saudis-to-flood-the-market-wit/10152255249482778/
4,https://oilprice.com/Energy/Oil-Prices/Did-The-Saudis-And-The-US-Collude-In-Dropping-Oil-Prices.html
5,https://www.washingtonpost.com/news/worldviews/wp/2014/11/06/why-are-global-oil-prices-dropping-vladimir-putin-has-a-theory/
6,https://www.newsmax.com/finance/david-rosenberg-saudi-arabia-oil-russia/2015/01/22/id/620139/
7,https://www.nytimes.com/1986/04/11/business/economic-scene-reagan-bush-and-oil-prices.html
8,https://www.nytimes.com/2016/03/13/opinion/sunday/how-saudi-arabia-turned-its-greatest-weapon-on-itself.html
9,http://theconversation.com/is-opecs-oil-era-over-59117
