,searched_url
0,https://www.politifact.com/truth-o-meter/statements/2016/oct/07/donald-trump/trump-clinton-promised-add-200k-jobs-upstate-new-y/
1,https://www.politifact.com/personalities/hillary-clinton/statements/about/?page=2
2,https://theweek.com/speedreads/641534/hillary-clinton-did-not-deliver-200000-jobs-promised-upstate-new-york
3,https://www.buzzfeednews.com/article/katherinemiller/bill-and-hillary-clinton-speaking-tour-legacy
4,https://en.wikipedia.org/wiki/2000_United_States_Senate_election_in_New_York
5,https://www.vpr.org/post/clinton-and-trumps-second-debate-fact-check-npr-politics
6,https://www.democratandchronicle.com/story/news/2016/10/06/nyers-head-election-day-concerned-us-future/91655052/
7,http://www.nbcnews.com/id/23354734/ns/politics-the_debates/t/feb-democratic-debate-transcript/
8,https://whatthefuckjusthappenedtoday.com/all/
9,https://www.lohud.com/story/news/politics/elections/2016/10/06/ny-voter-concerns/91556478/
