,searched_url
0,https://www.politifact.com/wisconsin/statements/2014/feb/07/david-clarke-jr/sheriff-david-clarke-blames-milwaukee-mayor-tom-ba/
1,https://www.politifact.com/personalities/tom-barrett/statements/about/
2,https://www.jsonline.com/story/news/local/milwaukee/2017/08/16/mayor-barrett-sales-tax-could-raise-35-million-year-help-fund-police-fire-departments/573139001/
3,https://www.jsonline.com/story/news/politics/2019/03/11/tom-barrett-says-milwaukee-fighting-back-state-city-address/3127907002/
4,https://urbanmilwaukee.com/2015/06/05/op-ed-sheriff-clarke-should-drop-the-act/
5,https://www.milwaukeebonds.com/city-of-milwaukee-wisconsin-bond-investors-wi/download-report-direct/i681?mediaId=133273
6,https://city.milwaukee.gov/ImageLibrary/User/crystali/2008budget/adoptedbook2008.pdf
7,https://www.jsonline.com/story/news/2017/08/15/milwaukee-mayor-tom-barrett-calling-local-sales-tax-fund-public-safety/571222001/
8,https://www.jsonline.com/story/news/2017/10/26/mayor-tom-barrett-republican-communities-allowed-have-local-sales-taxes-but-not-milwaukee/800648001/
9,https://city.milwaukee.gov/ImageLibrary/User/crystali/2006budget/2006adoptedbook.pdf
