,searched_url
0,https://www.whitehouse.gov/briefings-statements/exposing-congressional-democrats-complete-government-takeover-healthcare/
1,https://obamawhitehouse.archives.gov/administration/eop/cea/TheEconomicCaseforHealthCareReform/
2,https://obamawhitehouse.archives.gov/economy/reform/deficit-reducing-health-care-reform
3,https://www.nytimes.com/2011/01/23/magazine/23Economy-t.html
4,https://www.politifact.com/truth-o-meter/statements/2009/sep/08/john-carter/texas-lawmaker-latest-republican-say-health-bill-w/
5,https://en.wikipedia.org/wiki/Economic_policy_of_the_Barack_Obama_administration
6,https://en.wikipedia.org/wiki/Economic_policy_of_Donald_Trump
7,https://www.brookings.edu/wp-content/uploads/2018/08/12-Fiscal-Policy-Prelim-Disc-Draft-2018.09.11.pdf
8,https://www.mcsweeneys.net/articles/the-complete-listing-so-far-atrocities-1-546
9,https://www.healthmarkets.com/resources/health-insurance/trumpcare-news-updates/
