,searched_url
0,https://www.politifact.com/florida/statements/2012/mar/08/lenny-curry/obama-promised-gas-250-gallon-says-florida-gop-hea/
1,https://www.politifact.com/florida/statements/2012/mar/08/lenny-curry/obama-promised-cut-deficit-half-end-his-first-term/
2,https://www.politico.com/story/2012/03/obama-no-silver-bullet-on-gas-prices-074129
3,https://www.washingtonpost.com/blogs/fact-checker/post/the-claim-that-wont-die-did-obama-want-higher-gas-prices/2012/03/13/gIQAf0EW9R_blog.html
4,https://www.reuters.com/article/us-campaign-obama-gasoline-idUSTRE81M0B920120223
5,https://www.reuters.com/article/us-obama-energy/obama-hits-back-at-republican-criticism-of-high-gas-prices-idUSTRE81M1XF20120223
6,https://www.nytimes.com/2012/03/18/opinion/sunday/obama-sets-gas-prices-just-another-gop-myth.html
7,https://www.nytimes.com/2012/02/24/us/politics/obama-will-try-to-blunt-attacks-on-gas-prices.html
8,https://www.cnn.com/2012/02/23/politics/obama-energy-speech/index.html
9,https://www.tampabay.com/news/politics/statement-that-obama-promised-250-per-gallon-gasoline-is-false/1219310?template=amp
