,searched_url
0,https://www.factcheck.org/2007/10/a-bogus-cancer-statistic/
1,https://www.politifact.com/truth-o-meter/article/2007/oct/31/cancer-ad-gone-wrong-rudy/
2,http://www.pnhp.org/news/2007/november/giulianis_prostate_.php
3,https://thecaucus.blogs.nytimes.com/2007/10/30/giuliani-discusses-cancer-in-radio-ad/
4,https://www.wnyc.org/story/79187-giuliani-touts-cancer-survival-in-ad/
5,http://www.ontheissues.org/Celeb/Rudy_Giuliani_Health_Care.htm
6,https://www.healthnewsreview.org/2016/07/skyrocketing-prostate-cancer-journos-cool-jets/
7,https://scienceblogs.com/purepedantry/2007/11/05/lies-damn-lies-and-health-stat
8,https://journals.sagepub.com/stoken/default+domain/EWE3WeG2xDJVGqC87WsA/full
9,https://www.ncbi.nlm.nih.gov/pmc/articles/PMC4507059/
