,searched_url
0,https://www.politifact.com/truth-o-meter/statements/2015/oct/11/debbie-wasserman-schultz/wasserman-schultz-under-conservative-republican-pr/
1,https://www.thedailybeast.com/fact-checking-the-sunday-shows-october-11
2,https://www.economist.com/node/21561909/comments?page=9
3,https://www.npr.org/2011/08/08/139121395/op-ed-wheres-president-obamas-narrative
4,https://constitutioncenter.org/blog/the-annotated-bill-clinton-convention-speech/
5,https://www.americanrhetoric.com/speeches/convention2012/wjclinton2012dnc.htm
6,https://www.washingtonpost.com/news/wonk/wp/2012/09/06/fact-checking-bill-clinton-on-the-economy/
7,https://soapboxie.com/us-politics/21-TruthsThat-Prove-Republicans-Have-Been-Wrong-About-Everything
8,https://www.politico.com/magazine/story/2019/01/02/awesome-year-in-review-2018-223570
9,http://miamiherald.typepad.com/nakedpolitics/2016/01/dnc-chair-debbie-wasserman-schultz-previews-sotu.html
