,searched_url
0,https://www.forbes.com/sites/eriksherman/2018/05/05/sure-unemployment-went-down-because-the-number-of-people-working-did/
1,https://www.debt.org/jobs/unemployment/united-states/
2,https://en.wikipedia.org/wiki/Unemployment_in_the_United_States
3,https://www.bls.gov/careeroutlook/2018/article/blacks-in-the-labor-force.htm
4,https://qz.com/1414865/the-us-unemployment-rate-is-at-a-48-year-low-so-why-are-so-many-americans-still-out-of-work/
5,https://www.epi.org/publication/briefingpapers_employ/
6,http://www.aei.org/publication/where-did-all-the-men-go/
7,https://economistsview.typepad.com/economistsview/unemployment/
8,https://www.bbvaresearch.com/KETD/fbin/mult/WP_1131_tcm348-270325.pdf
9,https://www.ilo.org/wcmsp5/groups/public/---dgreports/---dcomm/---publ/documents/publication/wcms_598669.pdf
