,searched_url
0,http://www.maciverinstitute.com/2010/03/average-mps-teacher-compensation-tops-100kyear/
1,https://www.politifact.com/wisconsin/statements/2011/mar/04/maciver-institute/maciver-institute-says-average-annual-salary-and-b/
2,https://www.politifact.com/personalities/maciver-institute/
3,https://rortybomb.wordpress.com/2011/02/21/the-average-teacher-in-wisconsin-has-a-smaller-salary-than-the-median-wisconsin-household/
4,https://www2.ed.gov/programs/artsedprofdev/2014/milwaukeeapp.pdf
5,"https://ballotpedia.org/Milwaukee_Public_Schools,_Wisconsin"
6,https://www.heritage.org/education/report/assessing-the-compensation-public-school-teachers
7,http://mps.milwaukee.k12.wi.us/MPS-English/CFO/Budget--Finance/Published-Budget/10SuplementalInformationAA12.30.14.pdf
8,https://en.wikipedia.org/wiki/2011_Wisconsin_Act_10
9,https://eagnews.org/wp-content/uploads/2012/04/Milwaukee-Contract-Analysis.pdf
