,searched_url
0,https://www.politifact.com/florida/statements/2014/jul/29/marco-rubio/active-father-98-percent-more-likely-graduate-coll/
1,https://nces.ed.gov/pubs98/98091.pdf
2,https://www.fatherhood.gov/content/dad-stats
3,https://www.forbes.com/sites/christeare/2016/04/28/some-students-headed-to-college-take-a-gap-year-first/
4,https://www.publicagenda.org/pages/engaging-parents
5,https://www.ncbi.nlm.nih.gov/pmc/articles/PMC2973328/
6,https://www.ncbi.nlm.nih.gov/pmc/articles/PMC2174267/
7,https://trends.collegeboard.org/menu/highlights-1
8,http://ecrp.uiuc.edu/v5n2/green.html
9,http://www.nea.org/assets/docs/PB11_ParentInvolvement08.pdf
