,searched_url
0,https://www.politifact.com/texas/statements/2011/nov/22/rick-perry/rick-perry-says-hes-sent-400-million-border-ranger/
1,https://www.texastribune.org/2011/10/03/gov-perry-gives-deeper-answer-immigration/
2,http://abcnews.go.com/blogs/politics/2011/11/gop-candidates-fight-over-future-of-immigration-reform/
3,https://www.christianpost.com/news/perry-defends-unpopular-immigration-bill.html
4,http://www.nbcnews.com/id/32793136/ns/us_news-security/t/texas-governor-sends-rangers-mexico-border/
5,http://www.ontheissues.org/2012/Rick_Perry_Immigration.htm
6,http://www.ontheissues.org/Governor/Rick_Perry_Immigration.htm
7,https://www.nbcdfw.com/news/local/State-Obscures-Elite-Texas-Rangers-Border-Work-101554538.html
8,https://www.texasagriculture.gov/Portals/0/DigArticle/1623/46982_Final%20Report-Texas%20Border%20Security.pdf
9,http://www.issues2000.org/Governor/Rick_Perry_Immigration.htm
