,searched_url
0,https://www.politifact.com/truth-o-meter/statements/2010/oct/04/crossroads-gps/ad-against-boxer-says-hospitals-might-stop-taking-/
1,https://www.politifact.com/truth-o-meter/article/2012/nov/02/cuts-medicare-anatomy-talking-point/
2,https://www.latimes.com/archives/la-xpm-2010-oct-19-la-ed-disclose-20101019-story.html
3,https://www.factcheck.org/2010/08/misdirection-from-crossroads-gps/
4,https://www.npr.org/templates/transcript/transcript.php?storyId=130382208
5,https://democurmudgeon.blogspot.com/2011/04/reaction-to-ryans-dystopian.html
6,https://www.c-span.org/video/?295276-1/california-senate-race
7,https://www.c-span.org/video/?c3418840/clip-california-senate-race
8,https://www.economist.com/democracy-in-america/2010/11/05/a-difficult-conversation-indeed
9,https://digbysblog.blogspot.com/2010/12/saving-some-catfood-for-later.html
