,searched_url
0,https://www.politifact.com/tennessee/statements/2012/sep/26/stacey-campfield/campfield-claimed-memphis-destroy-guns-buy-back/
1,https://www.latimes.com/nation/la-xpm-2013-may-04-la-na-nn-arizona-gun-buybacks-jan-brewer-20130504-story.html
2,https://www.theatlantic.com/politics/archive/2013/04/how-arizona-gun-buybacks-became-gun-sellbacks/315779/
3,https://reason.com/2018/12/19/baltimores-gun-buyback-program-is-insane/
4,https://www.dailypress.com/news/york-county/dp-nws-police-gun-reduction-buyback-20180313-story.html
5,https://money.cnn.com/2015/10/21/news/police-selling-seized-guns/
6,https://www.quora.com/What-happens-to-guns-bought-at-gun-buybacks
7,https://www.ammoland.com/2016/03/tn-joins-trend-of-preventing-destruction-of-valuable-firearms/
8,https://www.politico.com/magazine/story/2016/05/nra-guns-sales-control-zimmerman-police-213895
9,https://www.c-span.org/video/?457546-1/student-leaders-advocates-testify-gun-violence-prevention-hearing
