,searched_url
0,https://www.politifact.com/truth-o-meter/statements/2008/feb/15/chain-email/shes-no-red/
1,https://www.politifact.com/truth-o-meter/article/2008/feb/15/clintons-not-so-radical-past/
2,https://en.wikipedia.org/wiki/Robert_Treuhaft
3,https://www.nysun.com/national/hillary-clintons-radical-summer/66933/
4,https://www.snopes.com/fact-check/dick-morris-hillary-clinton/
5,https://www.nytimes.com/2001/12/02/us/robert-treuhaft-89-lawyer-who-inspired-funeral-expose.html
6,https://chieforganizer.org/2015/06/14/hillary-rodham-as-an-intern-in-the-summer-of-71/
7,http://www.capveterans.com/the_year_2007/id133.html
8,https://www.nationalreview.com/david-calling/mitford-sisters-david-pryce-jones/
9,https://www.telegraph.co.uk/news/obituaries/1362753/Robert-Treuhaft.html
