,searched_url
0,https://www.politifact.com/personalities/direct-action-rights-equality/
1,https://www.change.org/p/stop-discrimination-on-job-applications-ban-the-box
2,https://www.bostonfed.org/-/media/Documents/Workingpapers/PDF/neppcpr1701.pdf
3,http://www.providencejournal.com/news/20160119/ri-house-committee-unanimously-approves-expungement-legislation
4,http://www.ncsl.org/research/labor-and-employment/barriers-to-work-individuals-with-criminal-records.aspx
5,http://www.riaclu.org/know-your-rights/pamphlets/your-rights-to-workplace-privacy-in-rhode-island
6,http://www.wbru.com/finding-jobs-after-prison/
7,https://www.certiphi.com/resource-center/background-screening/ban-the-box-legislation/
8,https://www.nelp.org/publication/ban-the-box-fair-chance-hiring-state-and-local-guide/
9,https://www.courts.ri.gov/Courts/SupremeCourt/Pages/OpinionsOrders/Opinions-(2004-2005).aspx
