,searched_url
0,https://www.politifact.com/ohio/statements/2011/apr/20/marcy-kaptur/rep-marcy-kaptur-says-ge-pays-no-taxes-and-creates/
1,https://www.axios.com/rich-companies-owe-no-taxes-6703e01a-4daa-44ce-9459-096c361a9c8d.html
2,https://www.thenation.com/article/corporate-tax-cuts-dont-create-jobs-they-enrich-ceos/
3,https://www.forbes.com/sites/eriksherman/2017/04/24/trumps-corporate-tax-slash-ignores-how-litte-companies-already-pay/
4,http://fortune.com/2011/04/04/the-truth-about-ges-tax-bill/
5,https://www.theatlantic.com/business/archive/2017/07/connecticut-tax-inequality-cities/532623/
6,https://www.cjr.org/the_audit/ge_flubs_social_media_pushback_nyt.php
7,https://www.bloomberg.com/news/features/2018-02-01/how-ge-went-from-american-icon-to-astonishing-mess
8,http://review.chicagobooth.edu/economics/2017/article/how-create-middle-class-jobs
9,https://www.inc.com/gene-marks/don-t-have-enough-money-to-pay-your-taxes-blame-these-two-words.html
