,searched_url
0,https://www.politifact.com/truth-o-meter/statements/2016/feb/25/marco-rubio/rubio-we-wiped-out-obamacare-bailout-fund-insuranc/
1,https://www.palmbeachpost.com/news/national-govt--politics/marco-rubio-and-obamacare-taxpayer-hero-healthcare-saboteur/1yrC8PVZhAnDcWGoQooeeL/
2,https://www.atr.org/congress-must-stop-obamacare-reinsurance-bailout
3,https://www.healthinsurance.org/blog/2016/02/26/look-whos-talking-about-healthcare-policy/
4,https://www.theindychannel.com/news/politics/fact-check-get-the-truths-from-the-republican-debate
5,https://www.dailykos.com/story/2016/2/26/1491778/-No-Marco-Rubio-you-didn-t-cripple-Obamacare-You-just-messed-up-a-lot-of-people-lives
6,https://apnews.com/e6846043d44041cb963a41e71eaecd4f
7,https://www.pbs.org/newshour/politics/fact-checking-the-10th-republican-debate
8,https://www.providencejournal.com/news/20160226/politifact-cruz-attacks-trump-in-texas-pants-on-fire
9,https://www.minnpost.com/eric-black-ink/2016/02/disgraceful-gop-debate-exposes-trump-s-health-care-plan-gibberish/
