,searched_url
0,https://www.politifact.com/rhode-island/statements/2014/sep/12/vincent-buddy-cianci/buddy-cianci-says-jorge-elorza-wants-impose-munici/
1,https://pbn.com/elorza-passes-non-utilization-tax-for-residential-properties/
2,https://www.wpri.com/news/dan-mcgowan/mayor-elorza-seeks-new-tax-on-nonprofits-drivers-licenses-for-undocumented-immigrants1/1044329512
3,https://www.politifact.com/rhode-island/article/2014/sep/30/previewing-providence-mayoral-debate/
4,https://www.providencejournal.com/article/20140917/News/309179891?template=ampart
5,http://www.providencejournal.com/politics/content/20140912-politifact-r.i.-rules-cianci-claim-that-elorza-wants-to-impose-city-income-tax-false.ece
6,http://www.providencejournal.com/article/20140917/NEWS/309179891
7,https://www.providencejournal.com/article/20140912/News/309129866?template=ampart
8,https://www.wpri.com/news/dan-mcgowan/providences-696m-budget-heading-to-elorzas-desk/1043931474
9,https://thepublicsradio.org/episode/scott-mackays-commentary-statehouse-dont-care-about-cities?fbclid=IwAR2Gg2GMfGK--XDUH3WWh_tz1rzhNHes0UN5vwhKdsV6jA1KvGcpEDHtilY
