,searched_url
0,https://www.politifact.com/tennessee/statements/2012/jun/30/ron-ramsey/ramsey-says-all-coal-tennessee-above-2000-feet/
1,https://chateau-deville.be/all/about/coal/mining_18017.html
2,https://www.politifact.com/tennessee/locations/abingdon-va/
3,http://knoxblogs.com/humphreyhill/category/ron-ramsey/page/21/
4,https://www.politifact.com/personalities/ron-ramsey/statements/
5,http://www.appvoices.org/frontporchblog/?offset=84&show=&blogger=jamie&tag=
6,https://www.steelguru.com/steel/lg-mr-ramsey-says-all-coal-in-tennessee-above-2000-feet/271475
7,http://www.punditfact.com/subjects/environment/statements/byruling/false/?page=3
8,http://www.ohiocitizen.org/campaigns/coal/coal2008b.html
9,https://www.michiganradio.org/post/coal-dirty-past-hazy-future-radio-documentary
