,searched_url
0,https://www.politifact.com/wisconsin/statements/2016/mar/30/rebecca-bradley/did-joanne-kloppenburg-say-her-job-judge-promote-m/
1,https://www.politifact.com/wisconsin/article/2016/apr/04/fact-checking-wisconsin-supreme-court-race/
2,http://archive.jsonline.com/news/statepolitics/supreme10-b99684872z1-371585791.html
3,https://madison.com/wsj/news/local/govt-and-politics/rebecca-bradley-joanne-kloppenburg-spar-over-personal-views-in-milwaukee/article_61e3adf1-b41f-5f78-8ab2-9b54943f9abd.html
4,http://journaltimes.com/bradley-kloppenburg-spar-over-personal-views-in-milwaukee-forum/article_210d179d-a10a-58f6-930a-49fa414673a8.html
5,https://www.wisn.com/article/state-supreme-court-debate/6265987
6,https://shepherdexpress.com/news/joe-donald-joanne-kloppenburg-deserve-spot-wisconsin-supreme-court/
7,https://shepherdexpress.com/news/taking-liberties/hate-supreme-court/
8,https://onewisconsinnow.org/news/page/23/
9,https://www.prwatch.org/news/2011/05/10753/wisconsin-protests-monday-april-4-sunday-april-10-2011
