,searched_url
0,https://www.politifact.com/rhode-island/statements/2012/aug/21/gregory-j-costantino/challengers-claim-rep-petrarcas-voting-auto-body-b/
1,https://www.politifact.com/personalities/gregory-j-costantino/statements/by/
2,https://www.politifact.com/personalities/gregory-j-costantino/statements/byruling/mostly-true/
3,https://www.politifact.com/rhode-island/rulings/mostly-true/?page=4
4,http://www.valleybreeze.com/2014-03-11/insurance-spokesman-legislation-benefits-auto-body-shops-customers-expense-0
5,https://issuu.com/autobodynews/docs/ne_0414_issue_web
6,https://issuu.com/autobodynews/docs/ne_0515_issue_web
7,https://issuu.com/autobodynews/docs/w_0515_issue_web
8,https://issuu.com/autobodynews/docs/w_0613_issue_web
9,https://issuu.com/autobodynews/docs/ne_0613_issue_web
