,searched_url
0,https://www.politifact.com/texas/statements/2012/jul/03/david-dewhurst/david-dewhurst-says-he-passed-eight-notable-measur/
1,https://www.politifact.com/texas/article/2012/jul/06/spotlighting-claims-julian-castro-david-dewhurst-a/
2,https://www.politifact.com/texas/staff/meghan-ashford-grooms/
3,https://www.dailymail.co.uk/news/article-6924005/Trump-demands-Congress-returns-fix-immigration-laws.html
4,https://www.dailymail.co.uk/news/article-6914395/White-House-considered-releasing-detained-migrants-sanctuary-cities-Washington-Post.html
5,http://www.cnn.com/TRANSCRIPTS/ebo.html
6,https://www.expressnews.com/news/local/article/New-Homeland-Security-secretary-slams-sanctuary-12425950.php
7,https://www.mysanantonio.com/news/politics/texas_legislature/article/Texas-anti-groping-bill-moving-ahead-despite-TSA-1436197.php
8,https://whatthefuckjusthappenedtoday.com/all/
9,https://floridadailypost.com/national-news-top-stories/
