,searched_url
0,https://www.nytimes.com/2018/09/26/magazine/election-security-crisis-midterms.html
1,https://news.rthk.hk/rthk/en/video-gallery.htm
2,https://www.thenation.com/article/jeff-sessions-has-spent-his-whole-career-opposing-voting-rights/
3,https://www.americanpromise.net/a_history_of_people_power_six_times_so_far_the_american_people_have_overruled_scotus_to_secure_the_rights_of_americans/
4,https://www.factcheck.org/2016/10/trumps-bogus-voter-fraud-claims/
5,https://www.brennancenter.org/analysis/debunking-voter-fraud-myth
6,https://www.brennancenter.org/sites/default/files/analysis/edr_fraud.pdf
7,https://www.demos.org/sites/default/files/publications/Analysis.pdf
8,https://www.theatlantic.com/magazine/archive/2016/07/how-american-politics-went-insane/485570/
9,https://www.edge.org/conversation/jonathan_haidt-what-makes-people-vote-republican
