,searched_url
0,https://www.history.com/topics/us-government/checks-and-balances
1,https://www.history.com/topics/us-government/three-branches-of-government
2,https://people.howstuffworks.com/president3.htm
3,https://www.brighthubeducation.com/social-studies-help/128808-learning-the-3-government-branches/
4,https://en.wikipedia.org/wiki/Separation_of_powers_under_the_United_States_Constitution
5,https://courses.lumenlearning.com/suny-fmcc-criminallaw/chapter/2-2-the-branches-of-government/
6,https://www.politifact.com/truth-o-meter/statements/2015/may/29/mike-huckabee/huckabee-supreme-court-cant-overrule-other-branche/
7,http://www.ushistory.org/gov/9e.asp
8,https://www.usa.gov/branches-of-government
9,https://bensguide.gpo.gov/j-check-balance
