,searched_url
0,http://time.com/4475417/donald-trump-immigration-policy-mexico-deportation/
1,https://www.cbsnews.com/news/donald-trump-delivers-immigration-speech-in-phoenix/
2,https://www.vox.com/2016/8/31/12743880/donald-trump-immigration-policy-speech-transcript
3,http://time.com/4475349/donald-trumps-speech-immigration-transcript/
4,https://www.scmp.com/news/world/united-states-canada/article/2152249/donald-trump-calls-deporting-illegal-immigrants-no
5,https://www.politifact.com/truth-o-meter/statements/2016/oct/20/hillary-clinton/hillary-clinton-donald-trump-still-promising-depor/
6,https://www.bbc.com/news/world-us-canada-34789502
7,https://www.bbc.com/news/world-latin-america-39054999
8,https://www.apnews.com/08c9df1bf9934be98eefa7c3f456a100
9,http://nymag.com/intelligencer/2018/07/undocumented-new-yorkers-living-in-fear-ice-deportation.html
