,searched_url
0,https://www.politifact.com/texas/statements/2010/oct/22/bill-white/bill-white-says-gov-rick-perry-became-millionaire-/
1,https://www.apnews.com/RickPerry
2,https://en.wikipedia.org/wiki/Rick_Perry
3,https://www.texastribune.org/2010/07/25/can-a-democrat-win-the-texas-governors-race/
4,https://www.texastribune.org/2014/02/25/supreme-court-candidates-clash-over-contributors/
5,https://ballotpedia.org/Rick_Perry
6,https://www.kut.org/topic/rick-perry?page=21
7,https://www.nytimes.com/elections/2010/results/texas.html
8,https://abcnews.go.com/Politics/2010_Elections/texas-governor-race-bill-white-trailing-rick-perry/story?id=11739458
9,https://www.huffpost.com/entry/rick-perrys-hometown-paint-creek-haskell-county_n_928552
