,searched_url
0,https://www.snopes.com/fact-check/nra-hillary-clinton-quote/
1,https://www.politifact.com/iowa/statements/2016/mar/14/viral-image/viral-photo-fabricates-hillary-clinton-quote-guns/
2,https://www.politifact.com/truth-o-meter/article/2016/mar/23/hillary-clinton-quotes-Internet-complete/
3,https://www.truthorfiction.com/hillary-clinton-vows-get-nra-shut-good/
4,https://www.nytimes.com/politics/first-draft/2015/10/16/hillary-clinton-calling-out-the-n-r-a-gets-a-quick-reply/
5,https://www.theguardian.com/us-news/2016/jan/05/hillary-clinton-nra-gun-control
6,https://www.ajc.com/news/state--regional-govt--politics/trump-clinton-and-actress-emma-watson-ride-the-truth-meter/dSjdJuwcz6tifwVTiodJxL/
7,https://en.wikipedia.org/wiki/Political_positions_of_Hillary_Clinton
8,https://www.politico.com/playbook
9,http://www.amarillo.com/news/local-news/2016-11-01/truth-who-cares-about-how-true-it-really
