,searched_url
0,https://www.politifact.com/truth-o-meter/statements/2016/jun/07/mitch-mcconnell/mcconnell-mostly-right-about-obama-selling-previou/
1,http://www.cnn.com/2009/POLITICS/05/26/supreme.court/?iref=nextin
2,https://www.theatlantic.com/national/archive/2010/06/conservatives-for-kagan/58022/
3,https://www.theatlantic.com/politics/archive/2010/05/how-elena-kagan-is-like-barack-obama/345643/
4,https://www.reuters.com/article/us-usa-court-kagan/obama-calls-court-pick-kagan-a-consensus-builder-idUSTRE6490DU20100510?type=domesticNews
5,https://www.reuters.com/article/us-usa-court/obama-court-pick-imminent-kagan-called-favorite-idUSTRE6466DI20100508?feedType=RSS&feedName=wtMostRead&utm_source=feedburner&utm_medium=feed&utm_campaign=Feed%3A+reuters%2FMostRead+%28News+%2F+US+%2F+Most+Read+Articles%29
6,https://www.theguardian.com/world/sonia-sotomayor
7,https://www.economist.com/node/16112060/comments
8,https://www.nytimes.com/2010/05/11/us/politics/11court.html
9,https://www.latimes.com/la-na-live-updates-suprem-immigrant-roots-helped-shape-supreme-court-nominee-1458134592-htmlstory.html
