,searched_url
0,https://en.wikipedia.org/wiki/2012_United_States_presidential_election
1,https://en.wikipedia.org/wiki/2012_Republican_Party_presidential_candidates
2,https://en.wikipedia.org/wiki/2012_Democratic_Party_presidential_candidates
3,https://en.wikipedia.org/wiki/Timeline_of_the_2012_United_States_presidential_election
4,https://en.wikipedia.org/wiki/2012_Republican_Party_presidential_candidates#Candidates
5,https://en.wikipedia.org/wiki/2012_Republican_Party_presidential_candidates#2012_Republican_Nominee
6,https://en.wikipedia.org/wiki/2012_Republican_Party_presidential_candidates#Did_not_withdraw
7,"https://en.wikipedia.org/wiki/2012_Republican_Party_presidential_candidates#Filed_with_the_FEC,_but_appeared_on_no_primary_ballots"
8,http://www.politics1.com/p2012.htm
9,https://www.theguardian.com/world/2011/may/16/donald-trump-us-presidential-race
