,searched_url
0,https://www.politifact.com/georgia/statements/2015/mar/20/rich-golick/there-gap-rideshare-insurance-coverage-georgia/
1,https://www.hg.org/legal-articles/what-you-need-to-know-about-uber-s-1-million-insurance-plan-37714
2,http://www.th-ins.com/blog/georgia-legislature-on-insurance-coverage-for-transportation-network-companies-aka-uber.aspx
3,https://www.nerdwallet.com/blog/insurance/best-ridesharing-insurance/
4,https://www.valuepenguin.com/how-ridesharing-affects-your-auto-insurance
5,https://www.thezebra.com/auto-insurance/uber-car-insurance-requirements/
6,https://www.butlerwootenpeak.com/practice-areas/uber-accidents/
7,https://www.insure.com/car-insurance/insurance-for-rideshare-drivers.html
8,https://www.insurance.com/auto-insurance/lyft-insurance.html
9,https://quotewizard.com/auto-insurance/car-insurance-for-rideshare-drivers
