,searched_url
0,https://www.politifact.com/texas/statements/2011/aug/27/rick-perry/rick-perry-says-paint-creek-texas-doesnt-have-zip-/
1,https://www.nytimes.com/2011/09/19/us/politics/paint-creek-tex-remembers-rick-perry.html
2,https://www.brainyquote.com/quotes/rick_perry_418993?src=t_bureaucratic
3,https://www.huffpost.com/entry/rick-perrys-hometown-paint-creek-haskell-county_n_928552
4,https://americanfreepress.net/perrys-trail-of-corruption/?print=print
5,https://www.mcclatchydc.com/news/nation-world/national/article24694813.html
6,http://caucuses.desmoinesregister.com/2011/09/12/rick-perry-picks-up-the-perks-as-governor/
7,https://www.lifenews.com/2011/08/14/full-text-of-governor-rick-perry-announcement-speech/
8,https://www.washingtonpost.com/politics/rick-perry-announces-he-will-join-2012-presidential-field-to-challenge-president-obama/2011/08/13/gIQA3TSODJ_story.html
9,https://davelieber.org/rick-perry-candidacy-tough-on-texans/
