,searched_url
0,https://www.politifact.com/oregon/statements/2010/nov/13/portland-community-college/portland-community-college-tries-put-enrollment-nu/
1,https://www.politifact.com/personalities/portland-community-college/
2,https://www.politifact.com/personalities/portland-community-college/statements/
3,https://today.oregonstate.edu/news/oregon-state-trustees-announce-presidential-search-process
4,https://www.bestcolleges.com/features/best-colleges-in-oregon/
5,https://www.pcc.edu/news/2016/12/people-movers-december/
6,https://www.pcc.edu/marketing-communications/wp-content/uploads/sites/24/2017/09/pcc-brand-book.pdf
7,https://giving.psuf.org/campaign/article?id=f4510414-4c3d-40f1-8514-1fbc332dee03&area_id=61a5a709-bc2b-44e6-807b-1794c41a767b
8,https://www.pdx.edu/finaid/coenroll
9,https://www.mhcc.edu/PSU/
