,searched_url
0,https://www.politifact.com/wisconsin/statements/2011/apr/21/sarah-palin/sarah-palin-says-38-billion-cuts-budget-compromise/
1,https://www.nytimes.com/2011/04/09/us/politics/09fiscal.html
2,https://www.npr.org/2011/04/14/135411455/congress-to-vote-on-budget-compromise
3,https://www.theatlantic.com/politics/archive/2011/04/why-does-cbo-say-budget-deal-only-cut-352-million-not-38-billion/349642/
4,https://www.theatlantic.com/business/archive/2011/04/real-cuts-and-phantom-cuts-in-the-38-billion-budget-deal/237219/
5,https://www.washingtonpost.com/politics/38-billion-in-cuts-in-budget-deal-will-cover-various-domestic-areas/2011/04/11/AFJihQMD_story.html
6,https://www.sciencemag.org/news/2019/03/trump-once-again-requests-deep-cuts-us-science-spending
7,https://www.vox.com/policy-and-politics/2019/3/12/18260271/trump-medicaid-social-security-medicare-budget-cuts
8,http://www.crfb.org/blogs/does-rescissions-bill-cut-15-billion-spending
9,https://www.sun-sentinel.com/opinion/fl-xpm-2011-05-01-fl-sgcol-speech-oped0501-20110501-story.html
