,searched_url
0,https://www.politifact.com/truth-o-meter/statements/2012/jun/13/national-rifle-association/obama-regulatory-cass-sunstein-wants-ban-hunt/
1,https://www.politifact.com/truth-o-meter/article/2012/jun/15/nra-right-obama-coming-our-guns/
2,https://www.youtube.com/watch?v=MTxmk3fJJ-k
3,https://en.wikipedia.org/wiki/Cass_Sunstein
4,https://obamawhitehouse.archives.gov/blog/author/cass-sunstein
5,https://www.nytimes.com/search?query=Sunstein%252C+Cass+R.
6,https://www.nytimes.com/2010/05/16/magazine/16Sunstein-t.html
7,https://today.law.harvard.edu/feature/mr-sunstein-went-to-washington/
8,https://hls.harvard.edu/faculty/directory/10871/Sunstein
9,https://www.discoverthenetworks.org/individuals/cass-sunstein/
