,searched_url
0,https://www.usatoday.com/story/news/education/2019/03/27/charter-school-betsy-devos-school-choice/3251111002/
1,https://www.theatlantic.com/education/archive/2019/03/trump-administration-would-cut-education-budget-again/584599/
2,https://www.politifact.com/rhode-island/statements/2014/feb/23/clay-pell/rhode-island-gubernatorial-candidate-clay-pell-say/
3,https://ed.gov/about/overview/budget/budget17/budget-factsheet.pdf
4,http://blogs.edweek.org/edweek/campaign-k-12/2019/03/trump-education-budget-fiscal-2020-devos.html
5,https://progressive.org/public-school-shakedown/new-report-spurs-congress-to-question-charter-grants-bryant-190402/
6,https://www.whitehouse.gov/wp-content/uploads/2019/03/budget-fy2020.pdf
7,https://www.abcactionnews.com/news/national/trump-administration-proposes-7-1-billion-funding-decrease-to-education-department
8,https://edlabor.house.gov/download/omnibus-fact-sheet
9,https://www.snopes.com/fact-check/betsy-devos-special-olympics/
