,searched_url
0,https://www.politifact.com/texas/statements/2011/feb/26/jeff-wentworth/state-sen-jeff-wentworth-says-texas-universities-d/
1,https://www.kut.org/post/it-really-legal-walk-down-street-beer-austin-neighborhoods
2,https://support.sxsw.com/hc/en-us/articles/115003513746-Texas-Drinking-Laws
3,https://studybreaks.com/thoughts/texas-alcohol-laws-cant-live-with-em-pass-the-beer-nuts/
4,http://www.grubstreet.com/2011/08/sloshed_how_to_drink_in_public.html
5,https://www.houstonchronicle.com/news/houston-texas/houston/article/Campus-carry-dissent-Austin-bars-provide-10932176.php
6,https://library.cqpress.com/cqresearcher/document.php?id=cqresrre2006081800
7,http://www.sellerserver.com/Wisconsin/underage-drinking-laws.html
8,https://en.wikipedia.org/wiki/Alcohol_law
9,https://vinepair.com/wine-blog/15-american-drinking-laws-that-make-absolutely-no-sense/
