,searched_url
0,https://www.politifact.com/punditfact/statements/2014/may/20/major-garrett/garrett-va-troubles-nothing-public-obama-3-weeks/
1,https://www.politifact.com/truth-o-meter/article/2014/may/23/punditfact-fact-checks-claims-about-va-wait-lists/
2,https://www.propublica.org/article/ike-perlmutter-bruce-moskowitz-marc-sherman-shadow-rulers-of-the-va
3,https://www.washingtonpost.com/politics/va-audit-57000-veterans-waiting-more-than-90-days-for-appointment-at-medical-facilities/2014/06/09/599d26ee-f014-11e3-9ebc-2ee6f81ed217_story.html
4,https://www.washingtonpost.com/outlook/five-myths/five-myths-about-va-health-care/2018/04/13/e5834d1e-3d9a-11e8-974f-aacd97698cef_story.html
5,https://www.militarytimes.com/veterans/2018/06/04/report-vets-still-face-long-waits-with-va-choice-program/
6,https://www.nytimes.com/2018/11/01/us/veterans-hospitals-rating-system-star.html
7,https://www.cnn.com/2014/05/21/politics/va-waiting-lists/index.html
8,https://en.wikipedia.org/wiki/Veterans_Health_Administration_scandal_of_2014
9,https://www.npr.org/2017/01/31/512052311/va-hospitals-still-struggling-with-adding-staff-despite-billions-from-choice-act
