,searched_url
0,https://www.politifact.com/truth-o-meter/statements/2009/apr/01/michele-bachmann/defending-dollar-bachmann-distorts-geithners-comme/
1,https://www.politifact.com/truth-o-meter/article/2009/apr/02/distorting-geithners-comments-about-dollar/
2,https://www.reuters.com/article/us-usa-dollar-geithner/geithner-vows-u-s-will-not-devalue-dollar-idUSTRE69H4VO20101019
3,https://www.bbc.com/news/business-11328532
4,https://www.nytimes.com/2015/12/05/business/international/china-creates-an-asian-bank-as-the-us-stands-aloof.html
5,https://www.everycrsreport.com/reports/RS21625.html
6,http://nymag.com/intelligencer/2016/10/8-years-in-obamas-america.html
7,https://www.pbs.org/wgbh/frontline/film/money-power-wall-street/transcript/
8,https://www.govinfo.gov/content/pkg/CHRG-111shrg61653/html/CHRG-111shrg61653.htm
9,https://www.motherjones.com/politics/2011/08/whats-happening-debt-ceiling-explained/
