,searched_url
0,https://www.npr.org/2017/01/10/509164679/from-the-start-obama-struggled-with-fallout-from-a-kind-of-fake-news
1,https://www.washingtonpost.com/blogs/fact-checker/post/sarah-palin-death-panels-and-obamacare/2012/06/27/gJQAysUP7V_blog.html
2,https://en.wikipedia.org/wiki/Death_panel
3,https://en.wikipedia.org/wiki/Death_panel#Background
4,https://en.wikipedia.org/wiki/Death_panel#Palin's_initial_statement
5,https://en.wikipedia.org/wiki/Death_panel#Reaction
6,https://en.wikipedia.org/wiki/Death_panel#Impact
7,https://www.theatlantic.com/politics/archive/2014/05/death-panels-will-be-sarah-palins-greatest-legacy/371888/
8,https://www.politifact.com/georgia/statements/2011/oct/28/newt-gingrich/gingrich-claims-health-care-reform-includes-death-/
9,https://abcnews.go.com/Politics/story?id=8298267&page=1
