,searched_url
0,https://www.mccain.senate.gov/public/index.cfm/2007/1/post-660cd2b6-4e73-43c3-b265-9f2595ff98c2
1,https://www.mccain.senate.gov/public/index.cfm/press-releases?ID=dc3c6b24-3313-4748-9d02-0d6a927f6109
2,https://www.politifact.com/truth-o-meter/staff/david-baumann/
3,https://www.un.org/ecosoc/sites/www.un.org.ecosoc/files/files/en/qcpr/sg-funding-report%202017(adv).pdf
4,http://www.healthdata.org/news-release/growth-maternal-and-child-health-funding-outpaces-spending-hiv-tb-and-malaria
5,https://economicprinciples.org/Why-and-How-Capitalism-Needs-To-Be-Reformed/
6,http://www.development-today.com/
7,http://www.washingtonpost.com/sf/sports/wp/2015/11/23/running-up-the-bills/
8,http://www.onlynaturalenergy.com/the-carbon-brief-profile-india/
9,http://lib.dr.iastate.edu/cgi/viewcontent.cgi?article=2235&context=rtd
