,searched_url
0,https://thebulwark.com/congresss-politicization-of-the-federal-courts-is-scary-for-democracy/
1,https://www.nytimes.com/2019/04/04/us/politics/senate-nuclear-option.html
2,https://www.politifact.com/truth-o-meter/statements/2009/may/05/rush-limbaugh/rush-right-about-judiciary-committee-rules/
3,https://en.wikipedia.org/wiki/Sonia_Sotomayor_Supreme_Court_nomination
4,https://en.wikipedia.org/wiki/Clarence_Thomas_Supreme_Court_nomination
5,http://www.corteidh.or.cr/tablas/R08080-3.pdf
6,https://www.govinfo.gov/content/pkg/CDOC-111sdoc37/html/CDOC-111sdoc37.htm
7,https://www.congress.gov/111/chrg/shrg56940/CHRG-111shrg56940.htm
8,https://www.congress.gov/108/chrg/shrg24853/CHRG-108shrg24853.htm
9,https://www.congress.gov/congressional-record/2005/5/19/senate-section/article/s5453-5?s=1&r=95
