,searched_url
0,https://econofact.org/welfare-and-the-federal-budget
1,https://www.politifact.com/wisconsin/statements/2014/jan/20/ron-johnson/fraud-claims-20-25-cents-every-1-spent-four-govern/
2,https://www.cbpp.org/archives/311eitc.htm
3,https://www.cbpp.org/food-assistance/the-future-of-snap
4,https://www.downsizinggovernment.org/earned-income-tax-credit
5,https://www.downsizinggovernment.org/fraud-and-abuse
6,https://www.thesocialcontract.com/docs/tsc_earned_income_tax_credit_2009apr09.pdf
7,https://fas.org/sgp/crs/misc/R43805.pdf
8,https://www.heritage.org/welfare/report/reforming-the-earned-income-tax-credit-and-additional-child-tax-credit-end-waste
9,https://www.ncbi.nlm.nih.gov/pmc/articles/PMC1447695/
