,searched_url
0,https://www.politifact.com/ohio/statements/2012/nov/14/chris-redfern/chris-redfern-says-poll-shows-support-nameless-dem/
1,https://www.politifact.com/personalities/chris-redfern/
2,http://time.com/4216897/john-kasich-south-carolina-republican/
3,https://www.reuters.com/article/idUSTRE67B3IB20100812?type=domesticNews
4,https://www.buzzfeednews.com/article/henrygomez/new-poll-new-hampshire-republicans-arent-totally-sold-on
5,https://fivethirtyeight.com/features/everything-you-need-to-know-about-the-ohio-12th-special-election/
6,https://www.cleveland.com/open/2012/11/election_may_be_over_but_elect.html
7,https://www.foxnews.com/politics/primary-day-a-look-at-races-to-watch
8,https://www.washingtonpost.com/politics/ohio-race-shows-democrats-remain-on-the-march--even-if-they-dont-win-tuesday/2018/08/07/1d0817da-9a50-11e8-8d5e-c6c594024954_story.html
9,https://www.washingtonpost.com/blogs/post-partisan/wp/2016/04/20/a-transcript-of-john-kasichs-interview-with-the-washington-post-editorial-board/
