,searched_url
0,https://taxfoundation.org/state-gas-tax-rates-july-2018/
1,https://www.politifact.com/georgia/statements/2014/nov/18/ed-lindsey/gas-tax-comparison-mostly-target/
2,https://www.politifact.com/georgia/statements/2012/may/22/colleen-kiernan/does-georgia-have-lowest-gas-taxes-country/
3,https://www.usatoday.com/story/money/business/2015/01/20/24-7-wall-st-state-gas-taxes/22056799/
4,https://gbpi.org/2017/georgia-state-budget-overview-fiscal-year-2018/
5,https://www.atr.org/atr-opposes-house-bill-170s-massive-gas-tax-increase-georgia
6,https://itep.org/gas-taxes-rise-in-seven-states-including-an-historic-increase-in-oklahoma/
7,https://www.al.com/news/mobile/2017/05/why_alabama_lawmakers_could_st.html
8,https://americansforprosperity.org/6-reasons-say-no-gas-tax-hike/
9,https://moneywise.com/a/states-with-the-highest-gasoline-taxes
