,searched_url
0,https://www.politifact.com/texas/statements/2012/apr/27/ron-paul/ron-paul-says-40000-new-laws-were-put-books-first-/
1,https://blogs.loc.gov/law/2013/03/frequent-reference-question-how-many-federal-laws-are-there/
2,http://www.spcs.edu.hk/curriculum/department/pa/course_notes/notes_ch3b_ans.doc
3,http://maria01.co/wqaunjz/r5u11gt.php?xxx=5&potwkiltd=reddit-ork-science
4,http://www.ncsl.org/research/labor-and-employment/state-family-and-medical-leave-laws.aspx
5,https://www.theguardian.com/lifeandstyle/2019/jan/21/heroin-for-middle-class-nerds-how-warhammer-took-over-gaming-games-workshop
6,http://alo.mit.edu/wp-content/uploads/2015/06/PS_Part1.pdf
7,https://www.writersdigest.com/editor-blogs/guide-to-literary-agents/word-count-for-novels-and-childrens-books-the-definitive-post
8,https://www.nytimes.com/2018/01/05/nyregion/new-jersey-gas-pump.html
9,https://www.theguardian.com/society/2018/jan/07/witchcraft-economics-reformation-catholic-protestant-market-share
