,searched_url
0,https://www.politifact.com/truth-o-meter/statements/2011/may/19/nancy-pelosi/nancy-pelosi-posts-questionable-chart-debt-accumul/
1,https://www.politifact.com/personalities/nancy-pelosi/statements/byruling/pants-fire/
2,https://www.businessinsider.com/trump-national-debt-deficit-compared-to-obama-bush-clinton-2019-2
3,https://www.forbes.com/sites/chuckjones/2018/01/15/obamas-federal-debt-grew-at-a-slower-rate-than-reagan-h-w-bush-or-w-bush/
4,https://www.justfacts.com/nationaldebt.asp
5,https://en.wikipedia.org/wiki/Public_image_of_George_W._Bush
6,https://en.wikipedia.org/wiki/United_States_federal_budget
7,https://en.wikipedia.org/wiki/National_debt_of_the_United_States
8,https://www.cbpp.org/research/federal-budget/pell-grants-a-key-tool-for-expanding-college-access-and-economic-opportunity
9,https://www.bloomberg.com/graphics/2017-trump-100-days-economy/
