,searched_url
0,https://www.politifact.com/truth-o-meter/statements/2016/aug/09/viral-image/viral-post-claiming-voter-fraud-2012-election-errs/
1,https://www.factcheck.org/2013/01/voting-conspiracies/
2,https://www.snopes.com/fact-check/2012-voter-fraud/
3,https://www.truthorfiction.com/why-republicans-want-voter-id-laws/
4,https://www.nytimes.com/2012/04/30/us/politics/obama-campaign-confronts-voter-id-laws.html
5,https://www.washingtonpost.com/politics/courts_law/getting-a-photo-id-so-you-can-vote-is-easy-unless-youre-poor-black-latino-or-elderly/2016/05/23/8d5474ec-20f0-11e6-8690-f14ca9de2972_story.html
6,http://american3rdposition.com/crooked-politics-obama-lost-in-every-state-with-photo-id-law/
7,https://www.aarp.org/politics-society/government-elections/info-01-2012/voter-id-laws-impact-older-americans.html
8,https://www.propublica.org/article/everything-youve-ever-wanted-to-know-about-voter-id-laws
9,http://www.ncsl.org/research/elections-and-campaigns/voter-id.aspx
