,searched_url
0,https://www.politifact.com/virginia/statements/2011/feb/16/jamie-radtke/jamie-radtke-says-sen-jim-webb-reliable-vote-barac/
1,https://www.politifact.com/virginia/elections/2012/senate/?page=2
2,https://www.washingtonpost.com/local/dc-politics/with-mixed-record-of-success-jim-webb-eyes-last-senate-battles/2012/07/12/gJQAvaSjgW_story.html
3,http://crystalball.centerforpolitics.org/crystalball/articles/ljs2011031001/
4,https://www.gq.com/story/senator-jim-webb-virginia-george-bush-democrat
5,http://www.msnbc.com/msnbc/jim-webb-tests-the-limits-mavericks-appeal
6,http://www.msnbc.com/rachel-maddow-show/new-more-progressive-senate
7,https://www.heraldcourier.com/news/webb-s-decision-not-to-run-scrambles-senate-race/article_b0feb52e-6ece-5f5f-a0ac-a6d6209f5309.html
8,https://www.nytimes.com/2011/10/12/us/politics/obamas-jobs-bill-senate-vote.html
9,http://www.cnn.com/2006/POLITICS/11/09/election.main/index.html
