,searched_url
0,https://pcl.stanford.edu/campaigns/2000/fullcov/campaign.pdf
1,https://en.wikipedia.org/wiki/2000_United_States_presidential_election
2,https://en.wikipedia.org/wiki/John_McCain_2008_presidential_campaign
3,https://www.nytimes.com/2008/10/24/us/politics/24mccain.html
4,https://www.khanacademy.org/humanities/us-history/modern-us/1990s-america/a/the-election-of-2000
5,https://www.britannica.com/event/United-States-presidential-election-of-2000
6,https://www.politifact.com/truth-o-meter/statements/2008/dec/03/john-mccain/mccain-is-further-back-than-gore-was/
7,https://observer.com/2008/10/memo-to-steve-schmidt-mccain-is-not-where-gore-was-2/
8,https://observer.com/2008/10/memo-to-steve-schmidt-mccain-is-not-where-gore-was/
9,https://www.usconstitution.net/consttop_pcam.html
