,searched_url
0,https://en.wikipedia.org/wiki/United_States_incarceration_rate
1,https://en.wikipedia.org/wiki/United_States_incarceration_rate#Prison_and_jail_population
2,https://en.wikipedia.org/wiki/United_States_incarceration_rate#Causes
3,https://en.wikipedia.org/wiki/United_States_incarceration_rate#Racialization
4,https://en.wikipedia.org/wiki/United_States_incarceration_rate#Prison_privatization
5,https://edition.cnn.com/2018/06/28/us/mass-incarceration-five-key-facts/index.html
6,https://www.washingtonpost.com/news/fact-checker/wp/2015/07/07/yes-u-s-locks-people-up-at-a-higher-rate-than-any-other-country/
7,https://www.prisonpolicy.org/global/2018.html
8,http://www.prisonstudies.org/highest-to-lowest/prison-population-total
9,https://www.forbes.com/sites/quora/2016/07/01/why-are-incarceration-rates-in-the-us-so-high-relative-to-other-countries/
