,searched_url
0,https://www.politifact.com/florida/statements/2014/feb/21/republican-party-florida/florida-gop-says-alex-sink-supported-higher-sales-/
1,https://www.politifact.com/florida/statements/2014/jan/27/national-republican-congressional-committee/alex-sink-supported-more-taxes-water-and-tv-nrcc-s/
2,https://www.politifact.com/florida/statements/2014/feb/24/republican-party-florida/alex-sink-supported-higher-property-taxes-florida-/
3,https://www.orlandosentinel.com/news/os-xpm-2007-02-22-taxcuts22-story.html
4,https://www.newsmax.com/headline/rick-scott-alex-sink/2010/10/25/id/374831/
5,http://www.naplesnews.com/news/politics/elections/photos-rick-scott-alex-sink-trade-blows-in-first-debate-ep-393721827-343191742.html
6,https://www.myfloridacfo.com/pressoffice/newsletter/2010/012210/January_2210.htm
7,https://www.argusobserver.com/news/voters-sink-sales-tax/article_b9d7bf70-592d-11e8-aff2-8f67f6360c49.html
8,https://www.myfloridacfo.com/pressoffice/newsletter/2009/110609/November_0609.htm
9,https://www.myfloridacfo.com/pressoffice/newsletter/2009/112009/November_2009.htm
