,searched_url
0,https://www.politifact.com/truth-o-meter/statements/2016/jul/29/hillary-clinton/hillary-clinton-says-us-put-lid-irans-nuclear-prog/
1,https://www.timesofisrael.com/in-first-debate-trump-tries-to-use-israeli-pm-iran-deal-against-clinton/
2,https://www.nbcnews.com/card/clinton-touts-her-diplomatic-chops-n655041
3,https://grabien.com/file.php?id=104616
4,https://grabien.com/story.php?id=61158
5,https://www.jta.org/2016/07/29/politics/hillary-clinton-accepting-nomination-lays-out-staunchly-progressive-agenda
6,https://www.politico.com/story/2016/07/dnc-2016-hillary-clinton-fact-check-226412
7,https://www.haaretz.com/world-news/hillary-clinton-at-democratic-convention-we-must-keep-supporting-israel-s-security-1.5417895
8,https://www.haaretz.com/world-news/clinton-and-trump-spar-over-syrian-war-policy-and-the-iran-nuclear-deal-1.5448212
9,https://donate.jstreetpac.org/trail-mix-sept9/
