,searched_url
0,https://www.bls.gov/news.release/empsit.t12.htm
1,https://www.theatlantic.com/business/archive/2015/03/what-27-weeks-of-unemployment-does-to-the-american-worker/387031/
2,https://fred.stlouisfed.org/series/LNS13025703
3,http://fortune.com/2019/02/12/us-jobs-data-economy-unemployment/
4,https://www.npr.org/2013/01/05/168666356/long-term-unemployed-seem-to-be-staying-that-way
5,https://www.huffpost.com/entry/long-term-unemployment-a_n_1857516
6,https://www.econlib.org/library/Enc/Unemployment.html
7,https://www.usnews.com/news/articles/2016-07-08/millions-battle-unemployment-on-the-wrong-side-of-40
8,https://qz.com/1297561/the-dazzling-us-unemployment-rate-is-blinding-americans-to-a-much-darker-reality/
9,https://tradingeconomics.com/united-states/unemployment-rate
