,searched_url
0,https://medium.com/@thericktastic/only-4-of-people-who-are-born-into-poverty-will-ever-make-it-out-666ef76ea46e
1,https://fivethirtyeight.com/features/rich-kids-stay-rich-poor-kids-stay-poor/
2,https://www.urban.org/sites/default/files/publication/65766/2000369-Child-Poverty-and-Adult-Success.pdf
3,https://www.theatlantic.com/business/archive/2016/07/social-mobility-america/491240/
4,https://en.wikipedia.org/wiki/Cycle_of_poverty
5,https://www.motherjones.com/politics/2014/06/the-long-shadow-poverty-baltimore-poor-children/
6,https://www.pbs.org/wgbh/frontline/article/how-poverty-can-follow-children-into-adulthood/
7,https://www.debt.org/faqs/americans-in-debt/poverty-united-states/
8,https://www.politifact.com/new-hampshire/statements/2015/oct/30/jeb-bush/jeb-bush-says-american-dream-jeopardy-more-ever/
9,https://poverty.ucdavis.edu/policy-brief/transitions-out-poverty-united-states
