,searched_url
0,https://www.politifact.com/truth-o-meter/statements/2011/aug/30/xavier-becerra/11000-attempts-amend-us-constitution-only-27-amend/
1,https://www.washingtonpost.com/news/on-leadership/wp/2017/09/25/episode-7-of-the-constitutional-podcast-congress-and-citizens/
2,https://en.wikipedia.org/wiki/List_of_proposed_amendments_to_the_United_States_Constitution
3,https://en.wikipedia.org/wiki/List_of_proposed_amendments_to_the_United_States_Constitution#Amending_process
4,https://en.wikipedia.org/wiki/List_of_proposed_amendments_to_the_United_States_Constitution#19th_century_proposals
5,https://en.wikipedia.org/wiki/List_of_proposed_amendments_to_the_United_States_Constitution#21st_century_proposals
6,http://www.senate.gov/pagelayout/reference/three_column_table/measures_proposed_to_amend_constitution.htm
7,https://edition.cnn.com/2016/07/03/politics/failed-constitutional-amendments/index.html
8,https://www.khanacademy.org/humanities/ap-us-government-and-politics/foundations-of-american-democracy/ratification-of-the-us-constitution/a/article-v-and-the-amendment-process
9,https://www.pewresearch.org/fact-tank/2018/04/12/a-look-at-proposed-constitutional-amendments-and-how-seldom-they-go-anywhere/
