,searched_url
0,https://www.politifact.com/florida/statements/2012/jul/26/connie-mack/connie-mack-says-bill-nelson-missed-56-percent-his/
1,https://en.wikipedia.org/wiki/Bill_Nelson
2,https://www.govtrack.us/congress/members/bill_nelson/300078
3,http://nymag.com/intelligencer/2018/11/the-polls-were-fine-if-not-perfect-in-2018.html
4,https://www.nytimes.com/interactive/2018/11/06/us/elections/results-florida-elections.html
5,https://www.realclearpolitics.com/epolls/2018/senate/fl/florida_senate_scott_vs_nelson-6246.html
6,https://www.miamiherald.com/news/politics-government/election/article221848040.html
7,https://projects.fivethirtyeight.com/congress-trump-score/bill-nelson/
8,https://www.washingtonpost.com/politics/paloma/the-trailer/2018/11/08/the-trailer-a-50-state-rundown-of-a-divided-america/5be461e81b326b39290546a4/
9,https://www.wftv.com/news/florida/florida-recount-democrat-gillum-ends-campaign-for-governor/869728216
