,searched_url
0,https://www.cbpp.org/research/snap-is-effective-and-efficient
1,https://www.cbpp.org/research/no-mystery-why-snap-enrollment-remains-high-its-still-the-economy
2,https://www.prb.org/usfoodstampenrollment/
3,https://www.washingtonpost.com/news/wonk/wp/2013/09/23/why-are-47-million-americans-on-food-stamps-its-the-recession-mostly/
4,http://blogs.worldbank.org/endpovertyinsouthasia/has-bhutan-s-growth-been-jobless
5,http://gppreview.com/wp-content/uploads/2014/02/Nchako-C.pdf
6,https://msu.edu/~dickertc/Media%20and%20SNAP.pdf
7,https://www.ers.usda.gov/topics/food-nutrition-assistance/supplemental-nutrition-assistance-program-snap/economic-linkages/
8,https://scholar.harvard.edu/files/ganong/files/draftapr07manuscript.pdf
9,https://www.ncbi.nlm.nih.gov/books/NBK206907/
