,searched_url
0,https://www.electionscience.org/voting-methods/runoff-election-the-limits-of-ranked-choice-voting/
1,https://www.newyorker.com/magazine/1988/11/07/counting-votes
2,https://cavotes.org/vote/how-vote/preparing-vote
3,https://eci.gov.in/files/file/9456-general-election-to-the-lok-sabha-2019-assured-minimum-facility-in-polling-stations-regarding/
4,https://eci.gov.in/faqs/
5,https://sdsos.gov/elections-voting/voting/register-to-vote/default.aspx
6,https://www.vox.com/policy-and-politics/2017/6/1/15515820/donald-trump-democracy-brexit-2016-election-europe
7,https://www.fairvote.org/right_to_vote_amendment
8,https://www.bestcolleges.com/resources/student-voting-guide/
9,https://www.propublica.org/article/users-guide-to-democracy-last-minute-tips-for-figuring-out-your-ballot-and-making-sure-you-can-vote
