,searched_url
0,https://www.politifact.com/georgia/statements/2015/sep/23/ben-carson/carson-wrong-vaccine-claim/
1,https://www.newyorker.com/news/daily-comment/the-dangerous-doctors-of-the-g-o-p
2,https://www.historyofvaccines.org/trump-and-vaccines
3,https://www.cdc.gov/vaccines/parents/vaccine-decision/index.html
4,https://www.cdc.gov/vaccines/vac-gen/howvpd.htm
5,https://familydoctor.org/the-importance-of-vaccinations/
6,https://www.caringforkids.cps.ca/handouts/when-parents-choose-not-to-vaccinate-risks-and-responsibilities
7,https://www.who.int/ith/ITH-Chapter6.pdf
8,https://dash.harvard.edu/bitstream/handle/1/8852146/Balding06.html?sequence=2&isAllowed=y
9,https://ourworldindata.org/vaccine-preventable-diseases
