,searched_url
0,https://www.politifact.com/wisconsin/statements/2016/oct/05/russ-feingold/voting-free-trade-deals-ron-johnson-helped-compani/
1,https://www.politifact.com/personalities/russ-feingold/statements/by/
2,https://www.washingtonpost.com/business/economy/rubio-pushes-leadership-on-help-for-poor-families-with-tax-vote-hanging-in-the-balance/2017/12/15/ecb87942-e1a6-11e7-8679-a9728984779c_story.html
3,https://www.wsj.com/articles/republican-sen-ron-johnson-opposes-gop-senate-tax-package-1510777290
4,https://www.wisdems.org/news/press/view/2010-10-ron-johnsons-campaign-supported-by-dc-lobbyists-and
5,https://www.ronjohnson.senate.gov/public/index.cfm/in-the-news?page=45
6,http://time.com/5027235/ron-johnson-vote-no-gop-tax-bill/
7,https://www.badgerinstitute.org/WI-Magazine/Volume19No3/How-Johnson-Won.htm
8,https://www.politico.com/newsletters/morning-shift/2019/04/19/counting-nafta-20s-trade-gains-426824
9,https://onewisconsinnow.org/scott-walker/jobs-economy/
