,searched_url
0,https://en.wikipedia.org/wiki/Trump_Winery
1,https://www.politifact.com/truth-o-meter/article/2016/mar/22/trump-winery-largest-winery-east-coast/
2,https://www.politifact.com/virginia/statements/2016/mar/21/donald-trump/donald-trump-says-virginia-winery-largest-east-coa/
3,https://www.townandcountrymag.com/society/politics/a12015693/donald-trump-winery/
4,https://www.huffpost.com/entry/two-big-lies-trump-told-about-his-winery-in-charlottesville_n_59944cc0e4b009141641ab63
5,http://www.punditfact.com/truth-o-meter/article/2016/mar/22/trump-winery-largest-winery-east-coast/
6,https://www.nydailynews.com/news/politics/president-trump-owns-largest-winery-u-s-article-1.3414814
7,https://www.inquisitr.com/4434313/donald-trump-doesnt-own-one-of-the-largest-wineries-in-the-united-states-charlottesville/
8,https://www.travelandleisure.com/food-drink/wine/trump-winery-charlottesville
9,https://www.businessinsider.com/review-photos-trump-charlottesville-winery-2017-8
