,searched_url
0,https://www.politifact.com/rhode-island/statements/2014/feb/22/leonidas-raptakis/rep-leonidas-raptakis-ri-murderers-parole-wait-sho/
1,https://www.politifact.com/personalities/leonidas-raptakis/
2,https://www.politifact.com/personalities/leonidas-raptakis/statements/by/
3,http://www.browndailyherald.com/2013/03/21/r-i-senate-passes-minimum-sentence-rule-for-murder-convicts/
4,https://www.hrw.org/report/2005/10/11/rest-their-lives/life-without-parole-child-offenders-united-states
5,https://www.hrw.org/report/2012/01/03/against-all-odds/prison-conditions-youth-offenders-serving-life-without-parole
6,http://www.prisonpolicy.org/scans/bjs/vospats.pdf
7,http://www.rilin.state.ri.us/pressrelease/Lists/PressReleases/DispForm.aspx?ID=13575
8,https://www.sentencingproject.org/publications/decarceration-strategies-5-states-achieved-substantial-prison-population-reductions/
9,https://www.ncbi.nlm.nih.gov/books/NBK19877/
