,searched_url
0,https://www.politifact.com/wisconsin/statements/2011/aug/11/state-democratic-party-wisconsin/democratic-party-wisconsin-chairman-mike-tate-says/
1,https://www.politifact.com/personalities/kathy-nickolaus/
2,https://www.politifact.com/wisconsin/locations/waukesha-county/
3,https://www.motherjones.com/politics/2012/05/scott-walker-recall-wisconsin-kathy-nickolaus/
4,https://www.minnpost.com/glean/2011/04/hmmm-one-wisconsin-county-finds-7500-prosser-votes
5,https://www.nomorestolenelections.org/news/bradblogcom-wis-supreme-court-election-recount-mess
6,https://althouse.blogspot.com/2011/04/apparently-justice-prosser-won-election.html
7,http://archive.jsonline.com/news/waukesha/more-election-night-problems-in-waukesha-il4sbmm-146106695.html/
8,http://www.bradblog.com/?p=8456
9,https://urbanmilwaukee.com/2011/08/09/round-one-done-4-2-gop-for-control-of-wi-state-senate/
