,searched_url
0,https://www.ti.org/transit.html
1,https://denver.streetsblog.org/2019/04/04/from-the-bus-stop-to-the-fast-lane-how-cities-can-speed-up-buses-improve-ridership/
2,https://www.cato.org/publications/policy-analysis/charting-public-transits-decline
3,https://www.citylab.com/transportation/2018/08/how-america-killed-transit/568825/
4,https://www.oregonbusiness.com/article/transportation/item/18450-analysis-to-save-public-transit-go-private
5,"https://en.wikipedia.org/wiki/Transportation_in_Portland,_Oregon"
6,https://www.oregonlive.com/commuting/2014/05/has_the_portland_areas_growing.html
7,https://trimet.org/pdfs/history/making-history.pdf
8,https://www.politifact.com/subjects/transportation/statements/?page=11
9,https://en.wikipedia.org/wiki/TriMet
