,searched_url
0,https://www.politifact.com/truth-o-meter/statements/2009/aug/27/tom-coburn/coburn-says-20-percent-every-medicare-dollar-goes-/
1,https://www.politifact.com/truth-o-meter/statements/2019/apr/19/tim-ryan/50-billion-medicare-waste-yes-s-how-much-improper-/
2,https://www.fastcompany.com/1793537/cracking-down-70-billion-worth-medicare-fraud
3,https://www.insurancefraud.org/statistics.htm
4,https://www.sheppardmullin.com/media/article/848_PPACA%20Medicare%20Contracting%20Reforms%20Enable%20Random%20Prepayment%20Review%20But%20Implementation%20Faces%20Obstacles.pdf
5,https://onlinelibrary.wiley.com/doi/full/10.1111/j.1532-5415.2010.02976.x?scrollTo=references
6,https://reason.com/2011/09/13/medicare-thieves/
7,https://www.c-span.org/video/?67442-1/house-republican-medicare-legislation
8,https://www.gpo.gov/fdsys/pkg/CHRG-112hhrg66547/html/CHRG-112hhrg66547.htm
9,https://www.kff.org/medicare/report/policy-options-to-sustain-medicare-for-the-future/view/print/
