,searched_url
0,https://www.politifact.com/truth-o-meter/statements/2012/jun/14/national-rifle-association/barack-obama-coming-after-guns-under-radar-nra-say/
1,https://www.politifact.com/truth-o-meter/article/2012/jun/15/nra-right-obama-coming-our-guns/
2,https://www.wnd.com/2011/04/292025/
3,http://www.tampabay.com/news/politics/national/nra-claim-that-obama-is-coming-for-our-guns-way-off-target/1235589
4,https://www.motherjones.com/politics/2013/05/nra-lie-obama-gun-control-registry-survey/
5,http://www.greeleygazette.com/press/?p=9614
6,https://www.ammoland.com/2011/04/obama-admits-sneak-attack-on-gun-owners/
7,https://www.nytimes.com/2016/01/05/us/politics/obama-says-he-will-act-on-gun-control-in-coming-days.html
8,https://www.factcheck.org/2018/03/trumps-misleading-gun-rhetoric/
9,https://www.gunlaws.com/PageNineIndex.htm
