,searched_url
0,https://www.nytimes.com/2012/03/27/health/policy/arguing-that-health-mandate-is-not-a-tax-except-when-it-is.html
1,https://www.heritage.org/health-care-reform/commentary/white-house-admits-obamacares-individual-mandate-tax
2,https://www.forbes.com/sites/sallypipes/2019/01/07/no-matter-what-the-courts-say-obamacare-is-ineffective-and-unconstitutional/
3,https://www.politifact.com/texas/article/2012/jun/28/supreme-court-upholds-argument-tax-tax/
4,http://nymag.com/intelligencer/2014/11/did-the-author-of-obamacare-admit-its-evil.html
5,https://www.theatlantic.com/politics/archive/2012/06/how-obama-broke-his-promise-on-individual-mandates/259183/
6,https://www.washingtonpost.com/nation/2019/03/26/trump-administration-asks-court-totally-repeal-obamas-affordable-care-act/
7,https://www.cnn.com/2012/07/05/politics/scotus-health-care-tax/index.html
8,https://qz.com/1022831/why-doesnt-the-united-states-have-universal-health-care/
9,https://www.npr.org/sections/thetwo-way/2012/06/28/155901105/live-blog-the-health-care-ruling
