,searched_url
0,https://www.theatlantic.com/politics/archive/2016/03/fix-money-in-politics/473214/
1,https://www.theatlantic.com/politics/archive/2012/07/the-only-way-to-fix-campaign-finance-regulation-is-to-destroy-it/260426/
2,https://www.lwv.org/blog/reducing-corrupting-influence-money-politics
3,https://www.idea.int/gsod/files/IDEA-GSOD-2017-CHAPTER-5-EN.pdf
4,https://democracyjournal.org/magazine/27/how-big-money-corrupts-the-economy/
5,https://www.opensecrets.org/news/2019/01/democrats-propose-campaign-finance-reforms19/
6,https://www.vox.com/2016/2/9/10941690/campaign-finance-left
7,http://theconversation.com/money-in-elections-doesnt-mean-what-you-think-it-does-104452
8,https://www.washingtonpost.com/news/monkey-cage/wp/2015/10/26/want-to-reform-campaign-finance-and-reduce-corruption-heres-how/
9,https://towardsdatascience.com/more-money-more-problems-analyzing-the-effects-of-pac-money-on-u-s-congress-74843bef12a8
