,searched_url
0,https://www.dailypress.com/news/science/dp-nws-oceana-offshore-power-20150115-story.html
1,https://www.delmarvanow.com/story/news/2018/06/14/virginia-offshore-drilling-pros-and-cons/686411002/
2,https://pilotonline.com/news/government/local/article_e97d6e0a-5f73-5324-9682-a5e1df7510b7.html
3,https://powerforthepeopleva.com/tag/offshore-drilling/
4,https://powerforthepeopleva.com/category/offshore-drilling/
5,https://www.usatoday.com/story/news/politics/2017/11/19/congress-moves-drill-baby-drill-alaska-anwr-refuge-heres-what-you-should-know/874187001/
6,https://vip.politicsmeanspolitics.com/2018/01/19/trumps-crazy-plan-for-offshore-oil-drilling/
7,https://www.fredericksburg.com/news/gas-drilling-gushes-revenue-problems/article_01351927-a334-5c83-bf61-a0d7c70af152.html
8,http://ieefa.org/wp-content/uploads/2019/02/West-Virginia-Shale-Development-Falls-Short_February-2019.pdf
9,https://www.washingtonpost.com/opinions/offshore-drilling-in-virginia-is-too-risky/2015/03/20/8542db58-c2ab-11e4-9ec2-b418f57a4a99_story.html
