,searched_url
0,https://endcitizensunited.org/foreign-money-u-s-elections/
1,https://www.nytimes.com/2010/10/09/us/politics/09donate.html
2,https://www.politifact.com/truth-o-meter/statements/2010/oct/11/barack-obama/president-barack-obama-says-foreign-money-coming-u/
3,https://www.motherjones.com/politics/2012/08/foreign-dark-money-2012-election-nonprofit/
4,https://www.opensecrets.org/news/2019/01/dark-money/
5,https://www.opensecrets.org/
6,https://democracy2018.org/learn-more/reduce-moneys-influence/
7,https://www.thenation.com/article/multinational-corporations-try-buy-election/
8,https://www.propublica.org/article/super-pacs-propublicas-guide-to-the-new-world-of-campaign-finance
9,https://www.americanprogress.org/issues/democracy/reports/2017/07/17/435886/secret-foreign-spending-u-s-elections-america-needs-disclose-act/
