,searched_url
0,https://thinkprogress.org/under-romney-massachusetts-had-highest-per-capita-debt-of-any-state-34050abf9e6/
1,https://www.washingtonpost.com/blogs/fact-checker/post/mitt-romneys-massachusetts-record-proof-of-strong-leadership/2012/06/12/gJQArQUQXV_blog.html
2,https://www.politifact.com/truth-o-meter/statements/2012/jun/18/barack-obama/barack-obama-ad-says-mitt-romney-was-no-1-state-de/
3,https://www.factcheck.org/2012/06/spinning-romneys-debt/
4,https://en.wikiquote.org/wiki/Mitt_Romney
5,https://www.huffpost.com/entry/misleading-things-obama-campaign-said_n_1612259
6,https://www.youtube.com/watch?v=sfcF-HaaPLk
7,https://www.latimes.com/la-xpm-2012-jun-12-la-pn-obama-ad-as-governor-romney-no-1-at-running-up-state-debt-20120612-story.html
8,https://www.nytimes.com/2012/10/07/magazine/mitt-romney.html
9,https://en.wikipedia.org/wiki/Mitt_Romney
