,searched_url
0,https://www.politifact.com/truth-o-meter/statements/2008/feb/01/barack-obama/clinton-voted-for-mccain-supported-iran-resolution/
1,https://www.politifact.com/truth-o-meter/article/2008/feb/01/obama-clinton-too-much-like-mccain/
2,https://www.politifact.com/truth-o-meter/rulings/mostly-true/?page=144
3,http://www.politifact.com/personalities/barack-obama/statements/byruling/mostly-true/?page=9
4,https://www.outsidethebeltway.com/obama_ties_clinton_policies_to_bushs/
5,https://stackoverflow.com/questions/53567007/any-efficient-workaround-to-extract-key-phrase-from-given-sentences-with-tf-idf
6,https://stackoverflow.com/a/53569527
7,https://slate.com/news-and-politics/2008/01/the-l-a-throwdown-a-viewer-s-guide.html
8,http://www.slate.com/blogs/trailhead.73.html
9,http://voices.washingtonpost.com/44/2008/01/31/obama_one_of_us_will_be_presid.html
