,searched_url
0,https://www.politifact.com/georgia/statements/2011/aug/16/sam-olens/olens-governor-isnt-covered-open-meetings-laws/
1,https://ethics.wv.gov/openmeetings/Pages/default.aspx
2,https://ago.nebraska.gov/open-meetings
3,http://www.dmlp.org/legal-guide/open-meetings-laws-texas
4,http://www.chrl.org/wp-content/uploads/2015/04/Open-Meeting-Act.pdf
5,https://www.nmag.gov/uploads/files/Publications/ComplianceGuides/Open%20Meetings%20Act%20Compliance%20Guide%202015.pdf
6,https://www.texasattorneygeneral.gov/sites/default/files/2018-06/OMA_handbook_2018.pdf
7,http://www.marylandattorneygeneral.gov/Pages/OpenGov/OpenMeetings/default.aspx
8,http://www.tml.org/DocumentCenter/View/420/Texas-Open-Meetings-Act-Laws-Made-Easy-PDF
9,https://www.dos.ny.gov/coog/openmeetinglawfaq.html
