,searched_url
0,http://politicalcorrection.org/factcheck/201111070004
1,https://www.politifact.com/subjects/abc-news-week/statements/
2,https://www.politifact.com/truth-o-meter/statements/2011/nov/10/john-boehner/boehner-equates-taxing-millionaires-hurting-small-/
3,https://abcnews.go.com/ThisWeek/week-politifact-fact-check-lamar-mckay-janet-napolitano/story?id=10532652
4,https://economistsview.typepad.com/economistsview/2011/12/the-facts-about-small-businesses-and-the-millionaire-surcharge.html
5,https://reason.com/2010/01/13/who-wants-to-tax-a-millionaire/
6,https://www.huffpost.com/entry/harry-reid-payroll-tax-cut-millionaire-job-creators-unicorns_n_1144174
7,https://theintercept.com/2019/01/24/elizabeth-warren-proposes-annual-wealth-tax-on-ultra-millionaires/
8,http://taxprof.typepad.com/taxprof_blog/2011/11/wapo-fact-checker.html
9,https://www.theatlantic.com/ideas/archive/2019/01/higher-taxes-rich-wont-suffocate-innovation/580642/
