,searched_url
0,https://www.politifact.com/florida/statements/2013/apr/12/joe-negron/joe-negron-says-peta-flying-drones-spy-hunters-ove/
1,https://www.cnn.com/2013/04/11/us/animal-rights-drones/index.html
2,https://mashable.com/2013/10/23/peta-drones/
3,https://www.peta.org/media/news-releases/peta-launches-drones-help-protect-hunted-wildlife/
4,https://www.peta.org/blog/peta-tells-hunters-anglers-watching-land-sea/
5,https://uavcoach.com/drone-bans/
6,https://www.npr.org/sections/thesalt/2014/07/19/332344201/deploying-drones-to-get-big-picture-of-factory-farms-from-above
