,searched_url
0,https://www.buzzfeednews.com/article/adolfoflores/border-record-apprehensions-month-migrants-trump
1,https://www.buzzfeednews.com/article/adolfoflores/record-migrant-families-border-immigration-increase
2,https://www.wsj.com/articles/more-migrant-families-arrested-at-border-in-five-months-than-any-previous-full-year-11551810657
3,https://www.vox.com/2019/4/11/18290677/border-immigration-illegal-asylum-central-america-mexico-trump
4,https://www.nbcnews.com/politics/immigration/trump-restricted-flow-border-more-migrants-trying-sneak-through-undetected-n976356
5,https://www.cnbc.com/2019/01/08/despite-trumps-claims-most-illegal-immigration-is-not-at-the-southern-border.html
6,https://www.nytimes.com/2019/03/05/us/border-crossing-increase.html
7,https://www.nytimes.com/2019/03/05/us/crossing-the-border-statistics.html
8,https://www.bbc.com/news/world-us-canada-44319094
9,https://www.theguardian.com/us-news/2018/oct/25/us-illegal-border-crossings-analysis-trump-migrants
