,searched_url
0,https://www.economist.com/node/21735715/comments
1,https://www.washingtonexaminer.com/news/hes-liberal-hes-married-to-a-man-but-pete-buttigieg-is-the-2020-democrat-who-could-work-with-republicans
2,http://wvgop.org/articles/liberal-jeffries-lying-pro-choice
3,http://nymag.com/intelligencer/2019/03/joe-biden-isnt-the-answer-for-president-in-2020.html
4,https://www.nytimes.com/2019/02/07/opinion/the-argument-abortion-medicare-for-all.html
5,https://www.washingtonpost.com/news/the-fix/wp/2015/07/09/ths-many-ways-in-which-donald-trump-was-once-a-liberals-liberal/
6,https://thebulwark.com/cpac-abortion-and-a-note-on-what-we-do-here/
7,https://yellowhammernews.com/tuscaloosa-mayor-walt-maddox-says-hes-pro-life-but-his-language-is-chock-full-of-pro-choice-phraseology/
8,https://www.nytimes.com/2018/09/19/opinion/christine-blasey-ford-kavanaugh-senate-hearing.html
9,https://www.politico.com/story/2018/07/02/casey-abortion-pennsylvania-midterms-689505
