,searched_url
0,https://www.factcheck.org/2010/03/misleading-on-military-pay/
1,https://www.politifact.com/truth-o-meter/statements/2010/mar/11/chain-email/obama-pay-increase-military-based-formula/
2,https://www.politifact.com/truth-o-meter/article/2010/mar/11/chain-e-mail-evolves-facebook-updates/
3,https://www.snopes.com/fact-check/obama-cuts-military-pay/
4,https://federalnewsnetwork.com/defense-main/2018/02/giving-troops-a-pay-raise-might-be-hurting-the-military/
5,http://time.com/5489492/trump-military-raise/
6,https://www.militarytimes.com/2016/08/31/obama-orders-1-6-percent-military-pay-raise-for-2017/
7,https://www.militarytimes.com/news/2017/01/08/the-obama-era-is-over-here-s-how-the-military-rates-his-legacy/
8,https://www.savingtoinvest.com/2010-2011-military-pay-chart/
9,https://www.ncbi.nlm.nih.gov/books/NBK206858/
