,searched_url
0,https://www.politifact.com/florida/statements/2014/may/20/miami-seaport-alliance/david-beckhams-soccer-stadium-would-be/
1,https://www.politifact.com/personalities/miami-seaport-alliance/statements/
2,https://www.politifact.com/personalities/miami-seaport-alliance/
3,http://www.fieldofschemes.com/author/neild/
4,http://miamiherald.typepad.com/nakedpolitics/2014/05/20/index.html
5,https://www.nytimes.com/2017/07/30/sports/soccer/david-beckham-mls-franchise-ownership-miami.html
6,https://therealdeal.com/miami/2018/11/06/miami-election-beckham-stadium-convention-center-hotel/
7,https://www.dontmesswithtaxes.com/film/
8,https://en.wikipedia.org/wiki/Marlins_Park
9,https://miami.cbslocal.com/tag/norman-braman/feed/
