,searched_url
0,https://www.guttmacher.org/fact-sheet/unintended-pregnancy-united-states
1,https://www.politifact.com/texas/statements/2014/feb/10/cecile-richards/united-states-and-canada-together-lead-industriali/
2,https://www.jstor.org/stable/2135481
3,https://www.ncbi.nlm.nih.gov/pmc/articles/PMC4727534/
4,https://www.ncbi.nlm.nih.gov/pmc/articles/PMC4727534/#idm139662464463440title
5,https://www.ncbi.nlm.nih.gov/pmc/articles/PMC4727534/#S1title
6,https://www.ncbi.nlm.nih.gov/pmc/articles/PMC4727534/#S8title
7,https://www.ncbi.nlm.nih.gov/pmc/articles/PMC4727534/#S13title
8,https://www.cdc.gov/teenpregnancy/about/index.htm
9,https://www.thelancet.com/journals/langlo/article/PIIS2214-109X(18)30029-9/fulltext
