,searched_url
0,https://www.politifact.com/texas/statements/2012/sep/14/bill-hammond/bill-hammond-says-if-trends-hold-one-three-texas-w/
1,https://www.politifact.com/personalities/bill-hammond/
2,https://www.statesman.com/news/state--regional-govt--politics/should-perry-get-credit-for-texas-economy/8D6sfcSotSXAgEuTO0TMsM/
3,https://www.chron.com/news/houston-texas/article/Reports-warn-of-ripple-effects-from-Texas-1707239.php
4,https://www.texasobserver.org/does-texas-future-add-up/
5,https://www.dailymail.co.uk/news/article-1361303/Texas-virtually-whites-2040-says-US-Census-director-Steve-Murdock.html
6,https://36su8y45dw4h332koa18cw3v-wpengine.netdna-ssl.com/wp-content/uploads/alliance-eco-impact-final-The-Impact-of-Uninsurance-on-Texas-Economy-Final-1.8.2019.pdf
7,https://www.texasmonthly.com/articles/our-number-is-up/
8,https://www.mysanantonio.com/opinion/commentary/article/Texas-School-Ready-is-best-preK-3831702.php
9,http://www.idra.org/wp-content/uploads/2018/04/Educate_First_-Investing_In_Education.pdf
