,searched_url
0,https://www.politifact.com/texas/statements/2011/oct/03/ted-cruz/ted-cruz-says-david-dewhurst-ducked-nine-us-senate/
1,https://www.politifact.com/texas/article/2011/oct/04/david-dewhurst-skipping-forums/
2,https://www.statesman.com/article/20110823/NEWS/308239772
3,https://www.politico.com/story/2015/03/ted-cruz-2016-announcement-116306
4,https://www.politico.com/blogs/david-catanese/74
5,http://www.politifactny.com/texas/article/2012/feb/14/ted-cruz-re-defends-flamed-claim/
6,https://www.kut.org/post/runoff-dynamics-change-senate-race
7,https://abcnews.go.com/Politics/ted-cruz-running-president-texas-senator-announce-2016/story?id=29809943
8,https://dfw.cbslocal.com/tag/tom-leppert/feed/
9,https://blog.chron.com/txpotomac/2013/03/half-of-ted-cruzs-political-claims-are-false-politifact-reports/
