,searched_url
0,https://www.crfb.org/blogs/budget-can-realistically-be-balanced-without-touching-social-security-or-medicare
1,https://www.marketwatch.com/story/what-president-trumps-proposed-budget-cuts-could-mean-for-senior-citizens-2019-03-12
2,https://www.ssa.gov/history/bushstmts.html
3,https://www.ssa.gov/history/reports/gspan7.html
4,https://www.ssa.gov/history/clntstmts2.html
5,https://blog.ssa.gov/social-security-benefits-to-increase-in-2019/
6,https://www.ssa.gov/history/pdf/Downey%20PDFs/Amendments%20to%20the%20Social%20Security%20Act%20-1981%20Restoration%20of%20Minimum%20Benefit%20and%20Other%20Changes.pdf
7,https://www.aarp.org/retirement/social-security/info-2018/12-fact-about-ss.html
8,https://prospect.org/article/how-keep-social-security-secure
9,https://www.manhattan-institute.org/html/report-comprehensive-federal-budget-plan-avert-debt-crisis-11497.html
