,searched_url
0,https://www.politifact.com/texas/statements/2013/dec/12/senate-conservatives-fund/cornyn-backed-wall-street-bailout-and-law-hiking-t/
1,https://www.politifact.com/personalities/john-cornyn/statements/about/
2,https://www.washingtonpost.com/news/post-politics/wp/2013/12/10/club-for-growth-wont-oppose-cornyn/
3,http://www.freedomworks.org/content/senator-john-cornyns-top-ten-bad-votes
4,https://www.mcclatchydc.com/news/politics-government/election/article24760210.html
5,https://insurancenewsnet.com/oarticle/PolitiFact-Cornyns-votes-not-so-simple-to-sum-up-a-437177
6,http://www.msnbc.com/the-daily-rundown/tea-partier-takes-texas-senator
7,https://www.huffpost.com/entry/senate-conservatives-fund-milton-wolf_n_4418558
8,https://www.nationalreview.com/corner/stockman-will-primary-cornyn-betsy-woodruff/
9,http://swampland.time.com/2013/12/10/trouble-in-texas-cornyn-draws-a-primary-challenger/
