,searched_url
0,https://www.politifact.com/truth-o-meter/statements/2016/jun/16/barack-obama/obama-weve-seen-more-manufacturing-jobs-created-an/
1,https://www.apnews.com/1759c19598e9431db20b604232725871
2,https://obamawhitehouse.archives.gov/the-press-office/2016/06/02/remarks-president-pbs-newshour-town-hall-discussion-gwen-ifill-elkhart
3,https://obamawhitehouse.archives.gov/the-press-office/2016/06/01/remarks-president-economy
4,https://www.whitehouse.gov/briefings-statements/remarks-president-trump-signing-ceremony-h-r-5515-john-s-mccain-national-defense-authorization-act-fiscal-year-2019/
5,https://www.nytimes.com/2017/04/29/us/politics/fact-checking-president-trump-through-his-first-100-days.html
6,https://www.nytimes.com/interactive/2017/12/14/opinion/sunday/trump-lies-obama-who-is-worse.html
7,http://nymag.com/intelligencer/2019/01/foxconn-consistently-lies-about-jobs-and-were-an-easy-mark.html
8,https://www.npr.org/2016/06/28/483883321/fact-check-trumps-speech-on-the-economy-annotated
9,https://www.thespec.com/news-story/8987891-a-handy-guide-to-donald-trump-s-most-frequent-campaign-rally-lies-and-false-claims/
