,searched_url
0,https://www.prb.org/girls-education-fact-sheet/
1,https://www.politifact.com/global-news/statements/2016/sep/15/ertharin-cousin/old-stat-girls-schooling-and-infant-mortality-fall/
2,https://unchronicle.un.org/article/education-key-reducing-child-mortality-link-between-maternal-health-and-education
3,https://www.scientificamerican.com/article/graphic-science-female-education-reduces-infant-childhood-deaths/
4,https://www.unicef.org/sowc96/ngirls.htm
5,https://centralasiainstitute.org/top-10-reasons-to-support-girls-education/
6,https://www.globalpartnership.org/education/the-benefits-of-education
7,https://www.globalpartnership.org/data-and-results/education-data
8,http://www.dil.org/roi-educating-girls/
9,https://www2.ulb.ac.be/esp/inegal/tg3/index.htm
