,searched_url
0,https://www.politifact.com/wisconsin/statements/2016/dec/09/sean-duffy/wisconsin-presidential-election-recount-only-dane-/
1,https://www.wisconsinelectionintegrity.org/racinecountymiscounts
2,https://www.jsonline.com/story/news/politics/elections/2016/12/07/recount-update-expected/95087708/
3,https://madison.com/wsj/news/local/govt-and-politics/judge-denies-request-for-hand-recount-of-wisconsin-s-presidential/article_527e4a4b-4840-579b-a56c-10ab0c4a334f.html
4,https://www.chicagotribune.com/news/nationworld/ct-wisconsin-presidential-election-recount-20161201-story.html
5,https://www.chicagotribune.com/news/nationworld/politics/ct-wisconsin-recount-20161129-story.html
6,https://www.wpr.org/officials-observers-begin-work-wisconsins-presidential-recount
7,https://www.wpr.org/series/wisconsin-recount
8,https://progressive.org/dispatches/wisconsin-s-presidential-results-unbelievable/
9,https://www.nytimes.com/2016/12/01/us/vote-recounts-wisconsin-michigan-pennsylvania.html
