,searched_url
0,http://lexicon.ft.com/Term?term=make_or_take-pricing
1,https://www.binance.vision/economics/what-are-makers-and-takers
2,https://fee.org/articles/the-history-of-makers-and-takers-in-libertarian-thought/
3,https://www.salon.com/2012/09/20/makers_vs_takers_an_idiotic_debate/
4,https://www.inc.com/geoffrey-james/are-you-an-maker-or-a-taker.html
5,https://www.economist.com/special-report/2012/10/11/makers-and-takers
6,https://www.academia.edu/29009681/Takers_and_Makers_Heaneys_View_on_Two_Poetic_Modes
7,https://www.youtube.com/watch?v=SEAtE_nQ9c8
8,https://www.bain.com/insights/future-makers-vs-future-takers-the-lesson-of-the-ice-king-fm-blog/
9,https://cryptocurrencyfacts.com/maker-vs-taker-cryptocurrency/
