,searched_url
0,https://www.politifact.com/truth-o-meter/statements/2010/dec/14/tom-coburn/tom-coburn-says-one-every-19-americans-gets-ssdi-o/
1,https://www.nytimes.com/2019/03/10/us/politics/social-security-disability-trump-facebook.html
2,http://www.washingtonpost.com/sf/local/2018/01/10/for-some-receiving-disability-benefits-the-desire-to-work-will-never-cease/
3,https://www.fool.com/retirement/2018/04/19/7-things-you-need-to-know-about-social-security-di.aspx
4,https://assets.aarp.org/rgcenter/econ/fs153_ssdi.pdf
5,https://www.alllaw.com/articles/nolo/disability/collecting-payments.html
6,https://www.nami.org/Learn-More/Mental-Health-Public-Policy/Supplemental-Security-Income-(SSI)-and-Social-Secu
7,https://www.ssa.gov/pubs/10024.html
8,https://www.ssa.gov/pubs/10029.html
9,https://www.elderlawanswers.com/social-security-disability-benefits-ssdi-12219
