,searched_url
0,https://www.politifact.com/florida/statements/2015/aug/28/hillary-clinton/hillary-clinton-says-jeb-bush-and-donald-trump-sha/
1,https://twitter.com/hillaryclinton/status/636146978297016320?lang=en
2,https://www.vox.com/2015/8/25/9205917/trump-bush-immigration
3,https://www.bloomberg.com/news/articles/2015-08-25/clinton-is-wrong-trump-and-bush-do-differ-on-immigration
4,https://www.nytimes.com/politics/first-draft/2015/08/25/jeb-bush-on-how-he-and-donald-trump-differ-over-immigration/
5,https://www.statesman.com/news/20160923/politifact-bush-trump-not-so-similar-after-all
6,http://ijr.com/2015/08/401520-twitter-reacts-hillary-clinton-comparing-jeb-bush-donald-trump-immigration/
7,https://www.newsweek.com/anchor-babies-jeb-bush-365690
8,https://www.huffpost.com/entry/donald-trump-fact-check_n_5c3589a5e4b0f5aba7d95c23
9,https://qz.com/21389/this-is-the-least-consequential-us-election-in-years/
