,searched_url
0,https://www.epi.org/publication/charting-wage-stagnation/
1,http://www.washingtonpost.com/sf/business/2014/12/14/the-devalued-american-worker/
2,https://economics.mit.edu/files/5554
3,https://www.brookings.edu/research/thirteen-facts-about-wage-growth/
4,https://eh.net/encyclopedia/hours-of-work-in-u-s-history/
5,https://www.nytimes.com/2018/09/11/magazine/americans-jobs-poverty-homeless.html
6,https://en.wikipedia.org/wiki/Migrant_worker
7,https://en.wikipedia.org/wiki/Equal_pay_for_equal_work
8,https://www.legco.gov.hk/research-publications/english/1617rb04-foreign-domestic-helpers-and-evolving-care-duties-in-hong-kong-20170720-e.pdf
9,https://www.usatoday.com/story/money/2017/01/12/pay-gap-between-college-grads-and-everyone-else-record/96493348/
