,searched_url
0,https://www.politifact.com/wisconsin/statements/2012/aug/19/marty-beil/wisconsin-gov-scott-walker-gave-raises-working-pri/
1,https://www.jsonline.com/story/news/politics/2018/07/12/gop-leaders-resist-new-pay-raises-amid-wisconsin-prison-staff-shortage/775337002/
2,https://www.jsonline.com/story/news/politics/2019/03/05/tony-evers-paying-11-cabinet-members-10-more-over-walkers-aides/3057417002/
3,https://madison.com/wsj/news/local/govt-and-politics/median-pay-for-state-s-prison-staff-dropped-nearly-percent/article_89605fb7-9fab-5e9f-a692-1e1c2e4beab6.html
4,https://madison.com/wsj/news/local/govt-and-politics/fourth-former-scott-walker-secretary-comes-forward-to-criticize-governor/article_daa7da9a-d218-5acc-abd3-59efcdac9027.html
5,https://www.governing.com/topics/workforce/gov-state-workers-pay-raise-teachers-corrections.html
6,https://www.postcrescent.com/story/news/investigations/2016/05/13/explained-wisconsins-youth-prison-scandal/83714726/
7,https://www.wisconsingazette.com/news/political/fourth-former-walker-cabinet-member-comes-out-against-him/article_f58974da-d328-11e8-8b43-abf11e24b475.html
8,https://onewisconsinnow.org/scott-walker/labor/
9,https://onewisconsinnow.org/scott-walker/criminal-justice-public-safety/
