,searched_url
0,https://www.politifact.com/punditfact/statements/2015/may/11/maria-shriver/maria-shriver-2-american-families-rely-mothers-inc/
1,https://www.eurekalert.org/pub_releases/2019-02/osu-nto022019.php
2,https://prospect.org/article/do-poor-women-have-right-bear-children
3,https://www.americanprogress.org/issues/poverty/news/2014/07/22/94247/the-speech-rep-ryan-should-give/
4,http://marripedia.org/effects_of_out-of-wedlock_births_on_poverty
5,https://iwpr.org/publications/impact-equal-pay-poverty-economy/
6,https://www.justiceinaging.org/wp-content/uploads/2018/12/Older-Women-and-Poverty.pdf
7,https://www.brookings.edu/articles/the-behavioral-aspects-of-poverty/
8,https://www.cbpp.org/research/family-income-support/tanf-reaching-few-poor-families
9,https://www.ncbi.nlm.nih.gov/pmc/articles/PMC5589198/
