,searched_url
0,https://www.politifact.com/new-jersey/statements/2011/nov/10/john-wisniewski/democratic-party-chairman-blasts-chris-christie-on/
1,https://www.politifact.com/personalities/john-wisniewski/statements/by/
2,https://www.vox.com/2018/11/21/17929538/democrats-state-governments-new-jersey-progressive-agenda
3,https://www.nytimes.com/interactive/2018/11/10/upshot/republicans-dominate-state-politics-but-democrats-made-a-dent.html
4,https://en.wikipedia.org/wiki/Republican_Party_(United_States)
5,https://publicintegrity.org/state-politics/surge-of-women-run-for-office-in-first-major-races-since-trumps-win/
6,http://nymag.com/intelligencer/2018/12/wisconsin-republican-powergrab-gop-2018-autopsy-democracy-is-our-enemy.html
7,"https://ballotpedia.org/Chris_Christie_presidential_campaign,_2016"
8,https://www.theatlantic.com/magazine/archive/2017/03/how-to-build-an-autocracy/513872/
9,https://shorensteincenter.org/conservative-media-influence-on-republican-party-jackie-calmes/
