,searched_url
0,https://www.healthcare.gov/fees/fee-for-not-being-covered/
1,https://www.ehealthinsurance.com/resources/individual-and-family/penalty-health-insurance
2,https://www.healthinsurance.org/obamacare/obamacare-penalty-calculator/
3,https://www.vox.com/policy-and-politics/2018/4/13/17226566/obamacare-penalty-2018-individual-mandate-still-in-effect
4,https://www.nytimes.com/interactive/2017/11/28/us/politics/obamacare-individual-mandate-penalty-maps.html
5,https://www.nytimes.com/2016/01/04/us/many-see-irs-fines-as-more-affordable-than-insurance.html
6,https://www.healthaffairs.org/do/10.1377/hpb20100113.974560/full/
7,https://www.thebalance.com/obamacare-taxes-penalties-and-credits-3306061
8,https://turbotax.intuit.com/tax-tips/health-care/what-is-the-individual-mandate-for-health-care-reform/L51gBOz8v
9,https://www.healthedeals.com/blog/aca/obamacare-exemptions/
