,searched_url
0,https://www.politifact.com/florida/statements/2010/nov/22/rick-scott/rick-scott-says-thomas-jefferson-called-regulation/
1,https://www.politifact.com/truth-o-meter/article/2014/jul/03/fact-checking-founding-fathers-misquoting/
2,https://www.monticello.org/thomas-jefferson/jefferson-s-three-greatest-achievements/the-declaration/jefferson-and-the-declaration/
3,http://www.ushistory.org/gov/2b.asp
4,https://www.loc.gov/exhibits/jefferson/jeffdec.html
5,https://www.history.com/topics/american-revolution/declaration-of-independence
6,https://billofrightsinstitute.org/founding-documents/declaration-of-independence/
7,https://www.encyclopedia.com/people/history/us-history-biographies/thomas-jefferson
8,https://www.georgiastandards.org/Georgia-Standards/Documents/Social-Studies-United-States-History-Teacher-Notes.pdf
9,https://en.wikipedia.org/wiki/United_States_Declaration_of_Independence
