,searched_url
0,https://www.politifact.com/personalities/sherrod-brown/statements/about/?page=2
1,https://www.politifact.com/ohio/statements/2010/dec/02/national-republican-senatorial-committee/republicans-get-early-jump-2012-campaign-season-at/
2,https://www.politifact.com/truth-o-meter/statements/?page=660
3,https://www.politifact.com/personalities/national-republican-senatorial-committee/statements/byruling/barely-true/
4,https://twitter.com/sensherrodbrown/status/1100172573437018112
5,https://www.sherrodbrown.com/news/2012/sherrod-brown-supports-coal-jobs/
6,https://www.brown.senate.gov/download/brown-reports-to-ohioans
7,https://www.c-span.org/video/?c4694858/ohio-senator-sherrod-brown
8,https://www.c-span.org/video/?c4551380/ohio-senators-sherrod-brown-rob-portman-senate-floor-tribute-late-ohio-rep-louis-stokes
9,https://www.wsj.com/livecoverage/tax-bill-2017/card/1512188827
