,searched_url
0,https://www.politifact.com/georgia/statements/2015/feb/02/billboard-spaghetti-junction/dot-sign-counts-roadway-deaths/
1,https://www.citylab.com/transportation/2016/04/vermont-is-reminding-drivers-about-traffic-fatalities/477438/
2,http://www.dot.ga.gov/BuildSmart/performance/Pages/Fatalities.aspx
3,http://www.dot.ga.gov/DS/SafetyOperation/DAAA
4,http://news.monroelocal.org/update-43-people-die-on-georgia-roads-over-christmas-and-new-year/
5,https://www.thedailybeast.com/deadliest-highways-ranking-the-100-interstates-most-likely-to-cause-a-fatal-crash
6,https://patch.com/georgia/atlanta/drive-safely-labor-day-weekend-says-georgia-highway-patrol
7,https://www.nhtsa.gov/sites/nhtsa.dot.gov/files/documents/ga_fy2016_annual_report.pdf
8,https://www.armondlaw.com/blog-georgia-attorney/2019/1/2/georgia-traffic-fatalities-for-new-years-travel-period
9,https://www.gahighwaysafety.org/research/ga-crashes/injuries/fatalities/
