,searched_url
0,https://www.huffpost.com/entry/dan-price-minimum-wage_n_5afd3d8ee4b06a3fb50dcf28
1,https://www.moneytips.com/average-federal-worker-earned-84k-last-year/719
2,http://nymag.com/nymetro/news/bizfinance/finance/features/4086/
3,http://www.politifact.com/personalities/mike-keown/statements/?list=speaker
4,https://www.politifact.com/georgia/statements/2010/aug/18/mike-keown/federal-employee-pay-out-control-candidate-says/
5,https://www.financialsamurai.com/how-do-i-calculate-the-value-of-my-pension/
6,https://www.financialsamurai.com/how-much-money-do-the-top-income-earners-make-percent/
7,https://www.financialsamurai.com/the-average-net-worth-for-the-above-average-person/
8,https://blueavocado.org/hr-and-employment-issues/how-much-to-pay-the-executive-director/
9,https://www.motherjones.com/politics/2018/08/debt-student-loan-forgiveness-betsy-devos-education-department-fedloan/
