,searched_url
0,https://www.politifact.com/wisconsin/statements/2011/sep/06/state-democratic-party-wisconsin/wisconsin-democratic-party-says-republican-represe/
1,https://www.politifact.com/personalities/state-democratic-party-wisconsin/statements/byruling/pants-fire/
2,https://www.politifact.com/truth-o-meter/rulings/pants-fire/?page=66
3,https://madison.com/wsj/news/local/govt-and-politics/roll-call-key-votes-from-the-wisconsin-congressional-delegation-last/article_2c2805a0-2a16-5661-bb73-9978729588de.html
4,https://www.washingtonpost.com/business/economy/origins-of-the-debt-showdown/2011/08/03/gIQA9uqIzI_story.html
5,https://ipfs.io/ipfs/QmXoypizjW3WknFiJnKLwHCnL72vedxjQkDDP1mXWo6uco/wiki/Paul_Ryan.html
6,https://thehill.com/homenews/administration/319933-the-hills-syria-whip-list
7,https://www.c-span.org/video/?318734-2/us-house-general-speeches
8,https://urbanmilwaukee.com/2013/10/30/is-republican-reid-ribble-a-gasp-moderate/
9,https://www.nytimes.com/2011/07/17/magazine/how-kevin-mccarthy-wrangles-the-tea-party.html
