,searched_url
0,https://www.politifact.com/florida/statements/2010/oct/26/alex-sink/alex-sink-says-lawyer-backs-claims-she-didnt-know-/
1,https://www.politifact.com/florida/article/2014/feb/07/politifact-florida-reviews-gop-case-against-alex-s/
2,https://www.politifact.com/personalities/alex-sink/statements/by/
3,https://www.realclearpolitics.com/articles/2010/10/25/florida_gubernatorial_debate_between_alex_sink__rick_scott_107736.html
4,http://www.punditfact.com/florida/article/2013/sep/20/alex-sink-will-not-run-governor-2014/
5,https://www.staugustine.com/article/20101027/NEWS/310279974
6,https://www.c-span.org/video/?296129-1/florida-gubernatorial-debate
7,https://www.orlandosentinel.com/news/os-xpm-2010-10-05-os-scott-assails-sink-20101005-story.html
8,http://politicalticker.blogs.cnn.com/2010/10/25/sink-scott-clash-in-final-debate/
9,https://www.ydn4m.com/florida/staff/michael-c-bender/
