,searched_url
0,https://www.politifact.com/florida/statements/2011/jul/01/rick-scott/gov-rick-scott-touts-better-job-numbers-sign-succe/
1,http://www.msnbc.com/rachel-maddow-show/job-growth-came-unexpected-halt-february
2,https://prospect.org/article/obama-compared-prior-presidents-job-creation-graphs
3,https://www.pbs.org/newshour/politics/ap-fact-check-trumps-claims-on-record-gdp-jobs-and-the-russia-investigation
4,https://www.youtube.com/watch?v=wuverFFZHmY
5,https://www.newsweek.com/trump-600000-jobs-582704
6,https://www.factcheck.org/2018/01/trumps-numbers/
7,https://www.factcheck.org/2018/07/trumps-numbers-second-quarterly-update/
8,http://doszkalanie.net/9nzipsq/eavvfse.php?xxx=5&potwkiltd=ford-f150-blend-door-actuator-fuse
9,http://dwood.in/aendevl/cvdin3v.php?xxx=5&potwkiltd=k1-speed-hillsboro-groupon
