,searched_url
0,https://www.politifact.com/ohio/statements/2010/aug/09/mike-dewine/gop-challenger-mike-dewine-says-bci-tests-delayed-/
1,https://www.postcrescent.com/story/news/investigations/2017/09/05/delays-rise-dna-tests-state-crime-labs/625152001/
2,https://www.daytondailynews.com/news/crime--law/drug-cases-swamp-crime-labs-create-another-backlog/hwwKySJ5qjdDq2skBKWb6K/
3,https://www.wpr.org/wisconsin-crime-lab-testing-delays-grew-2017
4,https://www.pewtrusts.org/en/research-and-analysis/blogs/stateline/2012/03/08/crime-labs-struggle-with-dna-test-demands
5,https://fas.org/sgp/crs/misc/R41800.pdf
6,https://www.washingtonpost.com/politics/federal-funds-help-crime-labs-struggling-with-dna-evidence-backlogs/2012/03/18/gIQAP6LILS_story.html
7,https://victimsofcrime.org/docs/default-source/dna-resource-center-documents/dna-sak-victim-brofinal.pdf?sfvrsn=2
8,http://victimsofcrime.org/our-programs/past-programs/dna-resource-center/resources/frequently-asked-questions
9,https://www.forensicmag.com/topics/crime-lab
