,searched_url
0,https://www.politifact.com/rhode-island/statements/2012/mar/18/barry-hinckley/gop-senate-candidate-barry-hinckley-says-27000-rho/
1,https://lop.parl.ca/sites/PublicWebsite/default/en_CA/ResearchPublications/TradeAndInvestment/2018556E
2,https://www.canadianbusiness.com/economy/this-is-exactly-how-many-american-jobs-depend-on-canada-us-trade/
3,https://www.wilsoncenter.org/article/growing-together-economic-ties-between-the-united-states-and-mexico
4,https://www.epi.org/publication/china-trade-outsourcing-and-jobs/
5,http://canaz.net/wp-content/uploads/2017/05/US-Jobs-Depend-on-Canada.pdf
6,"http://johnstonsunrise.net/stories/a-vote-against-rhode-island-jobs,69781"
7,https://international.gc.ca/world-monde/country-pays/united_states-etats_unis/business_fact_sheets-fiches_documentaires_affaires.aspx?lang=eng
8,http://research.newamericaneconomy.org/wp-content/uploads/2017/02/nae-ri-report.pdf
9,https://www.agri-pulse.com/ext/resources/pdfs/NPPC-NAFTA-Report.pdf
