,searched_url
0,https://www.clubforgrowth.org/club-growth-pac-gears-2016-endorses-six-u-s-senators-re-election/
1,https://www.clubforgrowth.org/elections/pac-endorsed-candidates/
2,https://www.clubforgrowth.org/news/page/6/?subsec=7&id=1122&v=pr&utm_source=twitterfeed&utm_medium=twitter&utm_campaign=Feed%3A+ClubForGrowthPressReleases+%28Club+for+Growth+%7C%7C+Press+Releases%29
3,https://www.jsonline.com/story/news/politics/2018/07/18/tommy-thompson-condemns-entry-national-club-growth-gop-senate-race/795603002/
4,https://www.theatlantic.com/politics/archive/2014/03/the-club-for-growth-grows-up/435909/
5,https://en.wikipedia.org/wiki/Club_for_Growth
6,https://www.sourcewatch.org/index.php/Club_for_Growth
7,https://www.sourcewatch.org/index.php/Wisconsin_Club_for_Growth
8,https://www.brookings.edu/blog/fixgov/2018/11/07/trump-endorsed-75-candidates-in-the-midterms-how-did-they-fare-on-election-day/
9,https://www.factcheck.org/2016/04/trump-vs-club-for-growth/
