,searched_url
0,https://www.carbonbrief.org/analysis-why-scientists-think-100-of-global-warming-is-due-to-humans
1,https://www.ucsusa.org/global-warming/science-and-impacts/science/human-contribution-to-gw-faq.html
2,https://www.ucsusa.org/global-warming/science-and-impacts/science/human-contribution-to-gw-faq.html#bf-toc-0
3,https://www.ucsusa.org/global-warming/science-and-impacts/science/human-contribution-to-gw-faq.html#bf-toc-1
4,https://climate.nasa.gov/causes/
5,https://www.edf.org/climate/9-ways-we-know-humans-triggered-climate-change
6,https://www.science.org.au/learning/general-audience/science-booklets-0/science-climate-change/3-are-human-activities-causing
7,https://cleanet.org/clean/literacy/principle_6.html
8,https://skepticalscience.com/empirical-evidence-for-global-warming.htm
9,https://skepticalscience.com/Are-humans-too-insignificant-to-affect-global-climate.htm
