,searched_url
0,https://www.politifact.com/wisconsin/statements/2010/oct/06/scott-walker/gop-governor-candidate-scott-walker-says-he-has-gi/
1,https://www.politico.com/story/2015/09/scott-walker-candidate-wealth-2016-213365
2,https://madison.com/wsj/news/local/govt-and-politics/elections/from-preacher-s-kid-to-front-runner-scott-walker-s/article_da67cf2c-df74-11df-acf0-001cc4c002e0.html
3,https://madison.com/wsj/news/opinion/editorial/article_8ccb7914-d3ec-11df-9fc4-001cc4c03286.html
4,http://archive.jsonline.com/news/statepolitics/87270257.html/
5,https://projects.jsonline.com/news/2016/11/27/scott-walkers-path-to-power.html
6,https://www.kimt.com/content/national/498600511.html
7,https://en.wikipedia.org/wiki/Scott_Walker_(politician)
8,https://www.weeklystandard.com/stephen-f-hayes/cheapskating-to-victory
9,https://www.conservapedia.com/Scott_Walker
