,searched_url
0,https://www.politifact.com/subjects/elections/statements/byruling/true/?page=6
1,https://www.buzzfeednews.com/article/henrygomez/sherrod-brown-2020-dignity-work-tour
2,https://www.washingtonpost.com/opinions/this-candidate-may-be-the-optimum-challenger-to-trump-in-2020/2018/12/12/86fb4a60-fd7c-11e8-862a-b6a6f3ce8199_story.html
3,https://news.yahoo.com/why-sherrod-brown-decided-not-220146158.html
4,https://www.mansfieldnewsjournal.com/story/news/local/in-depth/2016/06/04/sherrod-brown-next-vice-president/85335080/
5,https://www.thenation.com/article/sherrod-brown-voting-rights-populist-ohio/
6,https://www.thenation.com/article/sherrod-brown-2020-populist-progressive/
7,https://www.rollcall.com/news/congress/can-a-senator-be-nominated-and-win-the-white-house
8,https://www.c-span.org/video/?457828-1/senator-sherrod-brown-not-ready-jump-presidential-race
9,https://thebulwark.com/kamala-harris-frontrunner/
