,searched_url
0,https://www.politifact.com/wisconsin/statements/2015/jan/26/tweets/it-true-republicans-havent-won-presidential-race-1/
1,https://www.cleveland.com/rnc-2016/2016/07/donald_trump_with_no_nixon_or.html
2,https://www.theguardian.com/commentisfree/2006/dec/01/howamericadumpedbushpart2
3,https://www.theatlantic.com/politics/archive/2014/12/jeb-bush-hillary-clinton-and-a-nation-in-thrall-to-nostalgia/383807/
4,https://www.washingtonpost.com/news/the-fix/wp/2014/12/16/7-things-you-didnt-read-today-but-should-have-16/
5,https://en.wikipedia.org/wiki/1980_United_States_presidential_election
6,https://en.wikipedia.org/wiki/Republican_Party_(United_States)
7,https://www.history.com/topics/us-presidents/presidential-elections-1
8,https://www.smithsonianmag.com/history/top-10-historic-midterm-elections-65355118/
9,https://nationalaffairs.com/publications/detail/after-the-wave
