,searched_url
0,https://www.politifact.com/florida/statements/2013/mar/05/jeffrey-loria/marlins-owner-jeff-loria-says-tourists-not-taxpaye/
1,https://www.nydailynews.com/sports/baseball/loria-defends-marlins-offseason-purge-article-1.1274067
2,https://bleacherreport.com/articles/1561320-the-miami-marlins-biggest-issues-emerging-from-spring-training
3,https://deadspin.com/428958516#!
4,https://www.sbnation.com/2013/2/25/4026032/jeffrey-loria-letter-fans-miami-marlins-owner
5,https://www.usatoday.com/story/sports/mlb/marlins/2013/02/24/jeffrey-loria-marlins-letter-to-fans/1943117/
6,https://www.nbcmiami.com/news/Marlins-Owner-Loria-Writes-Letter-to-Fans-192940581.html
7,https://www.thewhig.com/2013/02/24/miami-marlins-owner-jeff-loria-goes-on-a-rant/wcm/a646a8d0-d651-44bf-b624-b40912c2246c
8,https://www.theglobeandmail.com/sports/baseball/marlins-owner-jeffrey-loria-pens-an-open-letter-to-fans/article9009624/
9,https://www.pressreader.com/usa/usa-today-us-edition/20130225/282093454150209
