,searched_url
0,https://www.snopes.com/fact-check/evan-longoria-catch/
1,https://www.politifact.com/florida/statements/2011/may/24/evan-longoria/rays-3b-evan-longorias-spectacular-barehanded-catc/
2,https://www.cbsnews.com/news/longorias-bare-hand-catch-is-probably-a-stunt-for-gillette-heres-why-it-worked/
3,https://mashable.com/2011/05/16/evan-longoria-gillette-2/
4,https://www.youtube.com/watch?v=8WOO38BrC8U
5,https://www.youtube.com/watch?v=1csdQKslgiM
6,https://www.boston25news.com/news/real-or-fake-man-catches-bird-with-bare-hand-in-youtube-video/140264539
7,https://www.illawarramercury.com.au/story/4491865/daptos-andrew-ucles-lost-it-all-but-you-cant-keep-a-wildman-down/
8,https://en.wikipedia.org/wiki/Call_of_the_Wildman
9,https://www.dailymail.co.uk/news/article-2362587/Real-men-catch-fish-bare-handed-Amazing-video-shows-Vermont-native-dive-pond-emerging-seconds-later-rainbow-trout.html
