,searched_url
0,https://www.politifact.com/truth-o-meter/statements/2012/jul/03/facebook-posts/facebook-post-compares-corporate-individual-tax-bu/
1,https://www.politifact.com/subjects/corporations/statements/byruling/barely-true/
2,https://www.politifact.com/subjects/occupy-wall-street/
3,https://www.tampabay.com/news/politics/national/politifact-groups-corporate-tax-ratio-claim-greatly-exaggerated/1239109
4,http://www.punditfact.com/subjects/income/statements/byruling/barely-true/?page=2
5,https://www.reddit.com/r/politics/comments/t1gyg/back_in_1950_corporations_paid_3_in_taxes_for/
6,https://www.democrats.senate.gov/download/senate-democrats-jobs-and-infrastructure-plan
7,https://www.ssa.gov/history/senateret.html
8,https://www.irs.gov/publications/p15a
9,https://www.irs.gov/publications/p15
