,searched_url
0,https://www.politifact.com/ohio/statements/2012/sep/20/americans-tax-reform/americans-tax-reform-claims-88000-ohioans-have-los/
1,https://www.factcheck.org/2012/10/mailer-misleads-ohioans-on-job-losses/
2,https://www.npr.org/2017/01/07/508600239/what-kind-of-jobs-president-has-obama-been-in-8-charts
3,https://www.washingtonpost.com/business/economy/hiring-slowed-to-88k-jobs-in-march-unemployment-rate-drops-to-76-percent/2013/04/05/c9a94264-9deb-11e2-a941-a19bce7af755_story.html
4,http://money.com/money/4636761/jobs-barack-obama-presidency/
5,https://www.forbes.com/sites/chuckjones/2018/10/30/two-charts-show-trumps-job-gains-are-just-a-continuation-from-obamas-presidency/
6,http://www.ncsl.org/research/labor-and-employment/national-employment-monthly-update.aspx
7,https://qz.com/1347200/the-jobs-created-under-trump-are-different-than-under-obama/
8,https://www.reuters.com/article/us-usa-education-obama/obama-says-lost-auto-jobs-are-gone-idUSTRE56D1RA20090714
9,https://www.politico.com/story/2018/09/13/obama-jumps-into-dem-fight-to-reclaim-ohio-819524
