,searched_url
0,https://www.politifact.com/truth-o-meter/statements/2007/nov/02/hillary-clinton/nih-funding-is-up-under-bush/
1,https://www.politifact.com/subjects/bush-administration/statements/byruling/false/
2,https://www.politifact.com/truth-o-meter/rulings/false/?page=152
3,https://www.usnews.com/news/the-report/articles/2016/01/01/whats-behind-the-medical-research-momentum
4,https://www.ncbi.nlm.nih.gov/pmc/articles/PMC2680887/
5,https://grants.nih.gov/stem_cells/web_listing.htm
6,http://www.fredmalekblog.com/category/duke-comprehensive-cancer-center/
7,https://www.kqed.org/futureofyou/356209/for-some-republicans-nih-cuts-are-a-nonstarter
8,https://www.vox.com/2015/7/8/8894019/george-w-bush-pepfar
9,https://science.sciencemag.org/content/292/5524/news-summaries
