,searched_url
0,https://www.politifact.com/ohio/statements/2011/oct/04/marcy-kaptur/marcy-kaptur-says-us-imported-500000-cars-south-ko/
1,https://www.cleveland.com/open/index.ssf/2011/10/marcy_kaptur_says_the_us_impor.html
2,https://www.vox.com/world/2017/5/2/15518284/north-korea-trump-explained-kim-jong-un
3,http://www.kiimfm.com/contests/710-payoff-question/
4,https://www.justapack.com/how-i-got-a-job-teaching-english-in-south-korea/
5,https://en.wikipedia.org/wiki/Passenger_vehicles_in_the_United_States
6,https://www.mckinsey.com/industries/automotive-and-assembly/our-insights/a-road-map-to-the-future-for-the-auto-industry
7,https://www.washingtonpost.com/news/the-fix/wp/2016/09/26/the-first-trump-clinton-presidential-debate-transcript-annotated/
8,https://www.nbcwashington.com/news/national-international/
9,https://www.cfr.org/backgrounder/china-north-korea-relationship
