,searched_url
0,https://www.politifact.com/punditfact/statements/2013/nov/10/hilary-rosen/chris-christie-vetoed-planned-parenthood-funding-5/
1,https://www.politifact.com/truth-o-meter/article/2015/jul/13/ultraviolet-attacks-chris-christie-womens-issues/
2,http://www.msnbc.com/rachel-maddow-show/the-other-part-christies-record-abortion-rights
3,https://www.americanprogressaction.org/issues/general/reports/2015/06/30/116179/gov-chris-christies-most-outrageous-flip-flops/
4,https://www.washingtonpost.com/news/the-fix/wp/2016/09/30/chris-christies-poll-numbers-have-officially-reached-nixon-territory/
5,https://www.frc.org/op-eds/planned-parenthood-and-abortion-in-the-states-good-news-in-the-battle-for-life
6,https://www.nj.com/politics/2015/06/christie_reversal_on_why_he_cut_planned_parenthood.html
7,https://www.nj.com/politics/2015/07/christies_evolution_on_planned_parenthood.html
8,https://www.nickiswift.com/37517/double-life-chris-christie/
9,https://www.plannedparenthood.org/planned-parenthood-metropolitan-new-jersey/who-we-are/our-history
