,searched_url
0,https://www.politifact.com/truth-o-meter/statements/2008/may/15/moveon/true-but-hagee-has-since-recanted/
1,https://www.politifact.com/truth-o-meter/article/2008/may/15/moveon-sinister-ministers-support-mccain/
2,https://www.politifact.com/personalities/moveon/statements/byruling/true/
3,https://www.politifact.com/personalities/moveon/statements/by/
4,https://www.novinite.com/search_forum?thequery=-%252F.%252Fcss%252Fstyle200703.css%253Fa%253D1&&s=110000
5,https://www.politico.com/blogs/jonathanmartin/0408/Citing_Obama_McCain_shifts_on_use_of_Wright.html
6,https://www.politico.com/blogs/bensmith/0408/Wrights_defense_Page2.html
7,"https://m.vitalmx.com/forums/Non-Moto,21/McCain-Hagee,89855"
8,https://community.pearljam.com/discussion/74934/john-mccain-for-president/p4
9,http://truth-about-mccain.blogspot.com/2008/05/
