,searched_url
0,https://www.politifact.com/truth-o-meter/statements/2011/jun/02/mitt-romney/mitt-romney-says-us-only-inches-away-ceasing-be-fr/
1,https://fee.org/articles/variations-on-a-corporatist-theme/
2,https://www.wbur.org/news/2011/06/02/romney-presidential-run
3,https://reason.com/2012/02/03/corporatism-is-not-the-free-market/
4,https://reason.com/blog/2012/04/15/sheldon-richman-on-the-bipartisan-corpor
5,http://www.cnn.com/2011/POLITICS/06/02/romney.announcement/index.html
6,http://www.cbc.ca/news/world/story/2011/06/02/republicans-romney-kickoff.html?ref=rss
7,https://www.latimes.com/nation/la-xpm-2011-jun-02-la-pn-romney-kickoff-20110602-story.html
8,https://www.npr.org/sections/itsallpolitics/2011/06/03/136892338/mitt-romney-making-white-house-bid-official-offers-anti-obama-case
9,https://c4ss.org/?s=market+socialism
