,searched_url
0,https://www.politifact.com/truth-o-meter/statements/2008/aug/27/brian-schweitzer/mccain-energy-plan-not-just-more-drilling/
1,https://www.politifact.com/personalities/brian-schweitzer/
2,http://www.punditfact.com/personalities/brian-schweitzer/
3,http://www.politifactny.com/subjects/energy/statements/byruling/pants-fire/?page=2
4,https://www.c-span.org/video/?c4594309/hillary-dnd-2008
5,https://en.wikipedia.org/wiki/Political_positions_of_Brian_Schweitzer
6,https://lamarguerite.wordpress.com/category/policy-matters/?ak_action=reject_mobile
7,https://lamarguerite.wordpress.com/page/12/?pages-list
8,https://thedemocraticstrategist.org/2008/09/the_best_soundbites_and_brief-2/
9,https://www.c-span.org/video/?280557-1/2008-democratic-convention-day-2&start=18553
