,searched_url
0,https://www.politifact.com/truth-o-meter/statements/2008/feb/25/barack-obama/she-never-said-boon/
1,https://www.politifact.com/truth-o-meter/article/2008/feb/25/obama-bashes-clinton-nafta/
2,https://www.politifact.com/truth-o-meter/statements/2008/jan/22/barack-obama/no-evidence-she-said-that/
3,https://www.factcheck.org/2008/02/obama-mailings-false/
4,https://www.nytimes.com/2016/08/12/us/politics/hillary-clinton-economy-speech-donald-trump.html
5,https://www.politico.com/story/2008/02/hrc-shame-on-you-barack-obama-008648
6,https://www.cfr.org/backgrounder/naftas-economic-impact
7,http://www.cnn.com/2008/POLITICS/02/25/clinton.obama/index.html
8,https://carnegieendowment.org/2008/04/09/trade-secrets-real-problem-with-nafta-pub-20009
9,https://www.epi.org/blog/naftas-impact-workers/
