,searched_url
0,https://www.politifact.com/georgia/statements/2011/oct/07/beverly-hall/former-aps-head-beverly-hall-says-national-test-pr/
1,https://www.ajc.com/news/local-education/atlanta-schools-show-some-gains-key-test-scores/89iMwUxkRvlKYepqbxhDZM/
2,https://www.ajc.com/news/news/a-timeline-of-how-the-atlanta-school-cheating-scan/nkkLH/
3,https://www.theatlantic.com/national/archive/2013/04/did-high-stakes-testing-cause-the-atlanta-schools-cheating-scandal/274619/
4,https://clutejournals.com/index.php/JBCS/article/download/9711/9806
5,https://www.wabe.org/test-scores-are-up-so-is-atlantas-school-turnaround-plan-working/
6,https://www.greatlakescenter.org/worth_a_read.php
7,http://scholarcommons.usf.edu/cgi/viewcontent.cgi?article=8283&context=etd
8,https://www.nytimes.com/interactive/2018/09/06/magazine/student-performance-atlanta-teaching.html
9,http://www.msnbc.com/all-in/atlanta-cheating-scandal-puts-national-educat
