,searched_url
0,https://www.politifact.com/wisconsin/statements/2015/mar/25/robin-vos/robin-vos-says-walker-cut-uw-budget-similar-doyles/
1,https://www.politifact.com/wisconsin/rulings/mostly-true/?page=7
2,https://www.jsonline.com/story/news/investigations/daniel-bice/2018/12/04/gov-scott-walker-reverses-course-lame-duck-sessions-since-2010/2200571002/
3,https://madison.com/ct/news/local/govt-and-politics/jim-doyle-s-final-report-card/article_0c7079a6-d642-11df-9ccd-001cc4c03286.html
4,https://www.pressreader.com/usa/milwaukee-journal-sentinel/20150506/281539404520010
5,https://github.com/ramp-kits/fake_news/blob/master/data/test.csv
6,http://docshare.tips/crew-governor-scott-walker-regarding-dispatching-of-wisconsin-state-patrol-4-7-11-ndash-crew-records-part-8_58a51521b6d87f0a728b4883.html?utm_source=docshare&utm_medium=sidebar&utm_campaign=575f5a95b6d87ffe5a8b46be
7,https://www.politifact.com/wisconsin/article/2015/may/05/fact-checking-state-budget/
8,https://www.politifact.com/wisconsin/statements/2018/nov/02/tony-evers/democrat-tony-evers-misfires-education-spending-cl/
9,https://www.politifact.com/wisconsin/statements/2013/mar/25/scott-walker/walker-says-doyle-cut-education-funding-without-gi/
