,searched_url
0,https://www.politifact.com/texas/statements/2012/sep/12/jerry-patterson/jerry-patterson-says-sierra-club-sued-him-stop-gul/
1,https://www.politifact.com/personalities/jerry-patterson/statements/byruling/half-true/
2,https://www.politifact.com/personalities/sierra-club/statements/about/
3,https://www.politifact.com/personalities/jerry-patterson/statements/by/
4,https://www.sierraclub.org/press-releases/2019/03/environmental-groups-will-sue-over-air-pollution-ector-county-gas-plant
5,https://www.sierraclub.org/articles/2019/02/sierra-club-supports-indigenous-partners-final-arctic-hearing
6,https://www.sierraclub.org/sierra/2018-2-march-april/feature/southern-revolt-against-offshore-oil-drilling
7,https://act.sierraclub.org/actions/National?actionId=AR0136375
8,https://www.sierraclub.org/planet/2017/06/sierra-club-and-allies-sue-trump-s-epa-for-weakening-vital-protections-against-oil
9,https://protectnepa.org/issue/press-releases/page/4/
