,searched_url
0,https://www.politifact.com/truth-o-meter/statements/2011/feb/03/harry-reid/harry-reid-says-nevada-will-be-energy-independent-/
1,https://www.politifact.com/truth-o-meter/article/2011/feb/03/reid-its-always-sunny-nevada/
2,https://thenevadaindependent.com/article/nv-energy-exceeds-rps-requirement-for-9th-year-warns-of-possible-noncompliance-ahead-of-major-solar-projects
3,https://thenevadaindependent.com/article/nv-indy-explains-everything-you-need-to-know-about-nv-energys-solar-proposal
4,https://thenevadaindependent.com/article/nevada-is-a-colony
5,https://cleantechnica.com/2018/11/08/voters-raise-nevada-renewables-goal-to-50-nv-energy-has-2b-plans/
6,https://nevadacapitalnews.org/2019/02/02/nevada-lawmakers-regulators-and-experts-look-ahead-to-states-electric-transportation-future/
7,"https://ballotpedia.org/Nevada_Question_6,_Renewable_Energy_Standards_Initiative_(2018)"
8,https://en.wikipedia.org/wiki/Nevada
9,https://www.leg.state.nv.us/Interim/75th2009/Committee/Studies/Energy/Other/2008StatusofEnergyinNevadaFinalReport.pdf
