,searched_url
0,https://inequality.org/facts/income-inequality/
1,https://www.cnbc.com/2018/07/23/what-it-takes-to-be-in-the-top-1-percent-of-your-state.html
2,https://www.cnbc.com/2018/10/12/the-1-percent-makes-over-1-million-more-than-everyone-else-in-the-us.html
3,https://progressdaily.com/income-inequality-in-america-growth-and-statistics/
4,http://currydemocrats.org/in_perspective/american_pie_save_130529.html
5,https://www.washingtonpost.com/blogs/ezra-klein/post/obama-romneys-policies-are-the-incumbent/2012/06/14/gJQAlkz7cV_blog.html
6,https://www.wanttoknow.info/incomeinequalitynewsarticles-0-10000
7,https://www.theprogressivesinfluence.com/2013/09/watch-as-income-inequality-grows-in-us.html
8,https://www.cbpp.org/research/poverty-and-inequality/a-guide-to-statistics-on-historical-trends-in-income-inequality
9,https://www.politifact.com/ohio/statements/2012/jun/28/barack-obama/barack-obama-says-income-top-earners-275-percent-1/
