,searched_url
0,https://www.politifact.com/truth-o-meter/statements/2016/feb/16/ted-cruz/cruz-trump-thinks-his-sister-hardcore-pro-abortion/
1,https://www.politifact.com/subjects/supreme-court/statements/byruling/barely-true/
2,https://qz.com/621250/who-is-donald-trumps-sister-and-why-is-south-carolina-so-interested-in-her/
3,https://www.realclearpolitics.com/video/2016/02/14/cruz_if_trump_becomes_president_the_second_amendment_will_be_written_out_of_constitution.html
4,https://abcnews.go.com/Politics/ted-cruz-plans-filibuster-supreme-court-nominee-made/story?id=36922959
5,https://www.nola.com/politics/2016/03/donald_trump_sister_judge_mary.html
6,http://www.wow.com/wiki/Maryanne_Trump_Barry?s_chn=11
7,https://www.thedenverchannel.com/news/national/democracy-2018/fact-check-how-true-are-trump-statements
8,https://www.theatlantic.com/liveblogs/2017/06/donald-trump-twitter/511619/
9,https://rewire.news/article/2018/07/11/sex-lies-nominees-brett-kavanaugh-right-trumps-alley/
