,searched_url
0,http://www.ncsl.org/research/labor-and-employment/right-to-work-laws-and-bills.aspx
1,https://en.wikipedia.org/wiki/Right-to-work_law
2,https://www.thebalancecareers.com/right-to-work-2071691
3,https://www.workplacefairness.org/unions-right-to-work-laws
4,https://www.washingtonpost.com/news/made-by-history/wp/2018/04/24/the-right-to-work-really-means-the-right-to-work-for-less/
5,https://nrtwc.org/facts/national-right-to-work-act/
6,https://www.demos.org/research/how-so-called-right-work-laws-aim-silence-working-people
7,http://theconversation.com/the-misleading-arguments-propelling-right-to-work-laws-38265
8,https://www.epi.org/publication/right-to-work-states-have-lower-wages/
9,https://www.huffpost.com/entry/republicans-pursue-national-right-to-work-law-while-they-hold-the-reins-in-washington_n_5891fb30e4b0522c7d3e354d
