,searched_url
0,https://www.nytimes.com/2016/02/29/us/politics/obamas-tangled-history-with-supreme-court-sets-stage-for-nominee-fight.html
1,https://www.reuters.com/article/us-usa-court-obama/in-supreme-court-term-obama-wins-big-and-loses-small-idUSKCN0PD1FT20150703
2,https://www.npr.org/2018/06/29/624467256/what-happened-with-merrick-garland-in-2016-and-why-it-matters-now
3,https://www.politico.com/story/2016/02/courts-action-on-climate-threatens-obamas-legacy-219088
4,https://www.washingtonpost.com/politics/why-does-president-obama-criticize-the-supreme-court-so-much/2015/06/20/b41667b4-1518-11e5-9ddc-e3353542100c_story.html
5,https://www.wsj.com/articles/president-obamas-supreme-court-nomination-of-merrick-garland-expires-1483463952
6,https://www.wsj.com/articles/key-gop-senators-against-hearings-on-obama-supreme-court-nominee-1456252489
7,https://www.usatoday.com/story/news/2016/02/23/senators-bring-presidential-politics-into-fight-over-supreme-court-vacancy/80801866/
8,http://nymag.com/intelligencer/2018/06/in-hindsight-obama-shouldnt-have-appointed-merrick-garland.html
9,https://qz.com/616703/obama-will-pick-his-fight-over-the-next-supreme-court-justice-very-carefully/
