,searched_url
0,https://www.politifact.com/wisconsin/statements/2011/mar/28/chris-abele/chris-abele-says-milwaukee-county-parks-director-s/
1,http://archive.jsonline.com/news/milwaukee/parks-director-sue-black-departs-supervisor-says-she-was-fired-bl6h6r7-166444126.html
2,https://urbanmilwaukee.com/2012/08/16/abele-fires-sue-black/
3,https://www.azcentral.com/story/news/local/arizona-investigations/2017/08/18/arizona-state-parks-revenue-visitation-and-some-staff-pay-rise-under-director-sue-black/574797001/
4,https://www.phoenixnewtimes.com/news/sue-black-new-state-parks-director-is-governor-duceys-scott-walker-connection-7442112
5,https://www.phoenixnewtimes.com/news/sources-ranger-got-special-treatment-from-arizona-parks-director-10902662
6,https://www.change.org/p/chris-abele-return-sue-black-to-her-milwaukee-county-parks-director-position
7,https://www.milwaukeemag.com/scottwalkersleadershipfailure/
8,https://onmilwaukee.com/buzz/articles/sueblackfired.html
9,https://mocux.thestarpress.com/story/news/politics/arizona/2018/11/16/doug-ducey-fires-state-parks-director-sue-black-top-deputy/2029855002/
