,searched_url
0,https://www.politifact.com/personalities/doug-whitsett/statements/by/
1,https://www.politifact.com/personalities/doug-whitsett/
2,https://www.politifact.com/oregon/rulings/mostly-true/
3,http://www.conservativetexasbudget.com/
4,https://www.vanceginn.com/letpeopleprosper/texas-budget-growth-should-match-texans-ability-to-pay-not-governments-ability-to-grow
5,https://www.pewtrusts.org/research-and-analysis/reports/2018/07/19/are-sin-taxes-healthy-for-state-budgets
6,https://www.mercatus.org/system/files/State%20Spending%20Restraint%20An%20Analysis%20of%20the%20Path%20Not%20Taken%20corrected.%2010.1.10_0.pdf
7,https://www.cbpp.org/research/state-budget-and-tax/unkept-promises-state-cuts-to-higher-education-threaten-access-and
8,https://www.oregonlegislature.gov/lfo/Documents/2015-17%20Budget%20Highlights.pdf
9,https://www.illinoispolicy.org/reports/budget-solutions-2018-balancing-the-state-budget-without-tax-hikes/
