,searched_url
0,https://www.politifact.com/truth-o-meter/statements/2011/aug/30/bob-casey/bob-casey-says-non-ied-deaths-afghanistan-are-very/
1,https://en.wikipedia.org/wiki/Improvised_explosive_device
2,https://www.buzzfeednews.com/article/salvadorhernandez/us-afghanistan-troops-contractor-killed-ied-taliban
3,https://www.hrw.org/reports/2007/afghanistan0407/5.htm
4,https://bmjopen.bmj.com/content/7/7/e014697
5,https://www.mcclatchydc.com/news/nation-world/national/national-security/article24570925.html
6,https://www.ncbi.nlm.nih.gov/pmc/articles/PMC3560757/
7,https://www.ncbi.nlm.nih.gov/pubmed/18849810
8,https://www.nato.int/cps/en/SID-996540AC-F0AF1D6E/natolive/news_85793.htm
9,https://www.cmrlink.org/sitrep/full/grim-toll-of-military-women-killed-in-war
