,searched_url
0,https://www.politifact.com/truth-o-meter/statements/2016/sep/07/rudy-giuliani/rudy-giuliani-says-food-stamps-rose-two-and-half-t/
1,https://www.politico.com/agenda/story/2019/04/25/food-assistance-programs-snap-funding-000894
2,https://www.apnews.com/3e265c4138d04e22886e6e1818789734
3,https://www.factcheck.org/2018/03/oh-snap-misleading-claims-on-benefit-enrollment/
4,https://www.dailysignal.com/2018/08/03/fact-check-trump-says-3-5-million-people-have-been-lifted-off-food-stamps/
5,https://www.chicagotribune.com/news/nationworld/politics/ct-trump-state-of-the-union-fact-check-20190205-story.html
6,https://www.fns.usda.gov/snap/short-history-snap
7,https://www.usatoday.com/story/news/politics/2015/01/09/fact-check-obama-numbers/21510959/
8,https://www.nytimes.com/2018/12/20/us/politics/food-stamps-trump-administration-snap.html
9,https://www.washingtonpost.com/blogs/ezra-klein/post/gingrich-says-obama-is-the-food-stamp-president-is-he/2012/01/18/gIQA1Ino8P_blog.html
