,searched_url
0,https://www.colorlines.com/articles/michelle-alexander-more-black-men-prison-were-enslaved-1850
1,https://www.vox.com/2015/2/23/8088989/john-legend-oscars-speech-quote
2,https://www.politifact.com/truth-o-meter/article/2015/feb/22/what-john-legend-said-about-slavery-oscars/
3,https://www.washingtonpost.com/news/wonk/wp/2015/02/23/theres-a-disturbing-truth-to-john-legends-oscar-statement-about-prisons-and-slavery/
4,https://www.huffpost.com/entry/michelle-alexander-more-black-men-in-prison-slaves-1850_n_1007368
5,https://www.kqed.org/news/10441075/an-oscars-moment-shines-light-on-history-of-most-incarcerated-country
6,https://civilrights.org/cast-and-creators-of-wgns-underground-urge-justicereformnow-in-new-psas/
7,https://www.latimes.com/nation/la-na-john-legend-incarceration-20150223-story.html
8,https://www.theroot.com/more-black-men-in-prison-today-than-enslaved-in-1850-1790863355
9,https://www.pbs.org/wgbh/frontline/article/michelle-alexander-a-system-of-racial-and-social-control/
