,searched_url
0,http://www.capoliticalreview.com/capoliticalnewsandviews/6-5m-people-with-active-social-security-numbers-are-112-or-older-ig/
1,https://www.washingtontimes.com/news/2015/mar/10/65m-people-with-active-social-security-numbers-are/
2,https://thelibertarianrepublic.com/audit-reveals-6-5-million-people-with-active-social-security-numbers-are-over-the-age-of-112/
3,https://www.politifact.com/virginia/statements/2015/may/11/mark-warner/warner-says-millions-social-security-numbers-still/
4,https://www.npr.org/sections/thetwo-way/2015/03/10/392112708/6-5-million-social-security-numbers-linked-to-those-112-or-older
5,https://www.cnsnews.com/news/article/susan-jones/ig-audit-65-million-people-active-social-security-numbers-are-112-or-older
6,https://www.truthorfiction.com/6-5-million-people-with-social-security-numbers-are-older-than-112/
7,https://www.theguardian.com/money/2015/mar/16/social-security-millions-americans-aged-112
8,https://www.pbs.org/newshour/nation/death-stop-social-security-payments
9,https://federalnewsnetwork.com/legislation/2018/02/its-about-time-agencies-stop-paying-dead-people-legislators-say/
