,searched_url
0,https://www.politifact.com/truth-o-meter/statements/2016/apr/10/bernie-s/clinton-voted-virtually-every-trade-agreement-kill/
1,https://www.politifact.com/truth-o-meter/statements/2016/jun/29/donald-trump/donald-trump-quotes-bernie-sanders-half-true-claim/
2,http://fortune.com/2016/06/28/transcript-donald-trump-speech-jobs/
3,https://www.businessinsider.com/donald-trump-nafta-tpp-trade-speech-2016-6
4,https://www.washingtonpost.com/news/post-politics/wp/2016/04/10/bernie-sanders-says-something-is-clearly-lacking-in-hillary-clintons-judgment/
5,https://www.theatlantic.com/politics/archive/2016/06/donald-trumps-shockingly-specific-speech-on-trade/489194/
6,https://thehill.com/blogs/ballot-box/presidential-races/283775-trump-clinton-is-the-enemy-of-working-people
7,https://www.ajc.com/news/state--regional-govt--politics/trump-clinton-and-colbert-share-truth-meter-ride-for-comments/ZUMVM6Ojw0cp2pTihwwcjL/
8,https://abcnews.go.com/US/bernie-sanders-tells-philadelphia-rally-hillary-clinton-qualified/story?id=38210865
9,https://moneymaven.io/mishtalk/economics/today-s-quiz-donald-trump-bernie-sanders-hillary-clinton-who-said-it-NFs6ZadNlEyuRtjY_1T4bw/
