,searched_url
0,https://www.nytimes.com/2018/11/27/us/illegal-immigrants-population-study.html
1,https://www.pewresearch.org/fact-tank/2018/11/28/5-facts-about-illegal-immigration-in-the-u-s/
2,https://www.pewresearch.org/fact-tank/2018/12/03/what-we-know-about-illegal-immigration-from-mexico/
3,https://www.usatoday.com/story/news/world/2018/11/27/undocumented-immigration-immigrants-donald-trump-border-security-pew-research-center-build-wall/2125005002/
4,https://www.pewhispanic.org/2018/11/27/u-s-unauthorized-immigrant-total-dips-to-lowest-level-in-a-decade/
5,https://www.vox.com/2019/2/4/18207096/victorina-morales-undocumented-immigrant-trump
6,https://www.migrationpolicy.org/article/frequently-requested-statistics-immigrants-and-immigration-united-states
7,https://www.nationalaffairs.com/publications/detail/splitting-the-difference-on-illegal-immigration
8,https://www.amacad.org/news/immigration-proposition-187-five-years-later
9,https://americasvoice.org/why-dont-immigrants-come-here-legally-and-other-frequent-questions-about-immigration-reform/
