,searched_url
0,https://en.wikipedia.org/wiki/2011_military_intervention_in_Libya
1,https://en.wikipedia.org/wiki/US_domestic_reactions_to_the_2011_military_intervention_in_Libya
2,https://www.jstor.org/stable/24585876
3,https://publications.parliament.uk/pa/cm201617/cmselect/cmfaff/119/11905.htm
4,https://www.wilsoncenter.org/sites/default/files/Fisher.pdf
5,https://www.foreignaffairs.com/articles/libya/2019-02-18/obamas-libya-debacle
6,https://journals.openedition.org/cdlm/7767?lang=en
7,https://fas.org/sgp/crs/mideast/RL33142.pdf
8,https://www.nytimes.com/2011/06/21/opinion/21Ackerman.html
9,https://www.hofstra.edu/pdf/library/ulra_military_intervention.pdf
