,searched_url
0,http://america.aljazeera.com/articles/2015/1/29/gun-lax-georgia-has-most-school-shootings-since-sandy-hook-massacre.html
1,https://www.ajc.com/news/local-education/georgia-leads-nation-school-shootings-report-says/6IXdOISc5uoQgdO1sKS4MO/
2,https://www.politifact.com/georgia/statements/2014/dec/19/everytown-gun-safety/deeper-look-claim-georgia-leads-nation-school-shoo/
3,https://everytown.org/article/schoolshootings;/
4,https://www.latimes.com/projects/la-na-school-shootings-since-newtown/
5,https://www.infoplease.com/us/crime/timeline-worldwide-school-and-mass-shootings
6,https://www.washingtonpost.com/graphics/2018/local/school-shootings-database/
7,https://www.thedailybeast.com/the-school-shootings-you-didnt-hear-aboutone-every-two-weeks-since-newtown
8,https://www.cnn.com/2013/11/25/justice/sandy-hook-shooting-report/index.html
9,https://everytownresearch.org/gunfire-in-school/
