,searched_url
0,https://www.politifact.com/pennsylvania/statements/2016/jul/13/mike-turzai/surprising-pa-budget-claim-gop-leader-almost-check/
1,https://www.politifact.com/pennsylvania/rulings/half-true/
2,http://www.thetimes-tribune.com/news/rendell-corbett-s-people-wrong-on-budget-deficit-1.1638359
3,https://www.post-gazette.com/business/powersource/2014/02/20/rendell-corbett-s-people-wrong-on-budget-deficit-1/stories/201402200318
4,https://www.pennlive.com/midstate/2013/06/corbett_could_hold_budget_to_g.html
5,https://www.post-gazette.com/business/powersource/2014/02/20/Rendell-Corbett-s-People-Wrong-On-Budget-Deficit/stories/201402200316
6,https://www.delcotimes.com/news/education-funding-at-forefront-as-pa-awaits-corbett-s-budget/article_10723979-3bbc-5149-b49b-27c203229bd7.html
7,https://www.apnews.com/1ae3207895c745e1abbbbfd62ad2e5b5
8,https://www.pennlive.com/politics/2016/07/gov_wolf_protects_the_bipartis.html
9,https://www.apscuf.org/pa-budget-update-stay-tuned-as-gov-corbett-announces-possible-mid-year-cuts-tomorrow/
