,searched_url
0,https://www.politifact.com/truth-o-meter/statements/2015/jul/12/carly-fiorina/fiorina-us-destroying-more-businesses-it-creates-f/
1,https://www.theguardian.com/business/2015/aug/17/technology-created-more-jobs-than-destroyed-140-years-data-census
2,https://www.theatlantic.com/business/archive/2017/02/antimonopoly-big-business/514358/
3,https://www.theatlantic.com/magazine/archive/2017/09/how-america-lost-its-mind/534231/
4,https://www.mckinsey.com/featured-insights/future-of-work/five-lessons-from-history-on-ai-automation-and-employment
5,https://www.mckinsey.com/featured-insights/future-of-work/what-can-history-teach-us-about-technology-and-jobs
6,https://eig.org/dynamism
7,https://www.technologyreview.com/s/515926/how-technology-is-destroying-jobs/
8,https://www.nationalww2museum.org/students-teachers/student-resources/research-starters/america-goes-war-take-closer-look
9,https://www.nytimes.com/2019/04/03/us/politics/william-barr-mueller-report.html
