,searched_url
0,https://www.politifact.com/florida/statements/2014/jan/28/americans-prosperity-florida/americans-prosperitys-florida-chapter-says-three-g/
1,https://www.politifact.com/personalities/americans-prosperity-florida/statements/by/
2,https://www.politifact.com/truth-o-meter/rulings/barely-true/?page=68
3,https://www.tampabay.com/koch-brothers-group-targets-state-senators-with-attack-ads/2152209
4,http://citeseerx.ist.psu.edu/viewdoc/download?doi=10.1.1.423.6352&rep=rep1&type=pdf
5,http://floridapolitics.com/archives/220662-sunburn-8-30-16-vote-early-vote-often
6,https://www.flstopcccoalition.org/news/2016/
7,https://www.eqfl.org/state-legislators-get-re-elected-without-opposition
8,http://saintpetersblog.com/sunburn-the-morning-read-of-whats-hot-in-florida-politics-july-13/
9,http://www.flsenate.gov/UserContent/Session/Redistricting/20120312Preclearance/Publicity%20and%20Participation/Newspaper%20Clippings/Newspaper_Clippings_2012.01_2012.02.pdf
