,searched_url
0,https://www.tampabay.com/opinion/editorials/editorial-rick-scott-deserves-an-f-on-public-education/2199591
1,https://www.tampabay.com/florida-politics/buzz/2018/09/20/ron-desantis-on-gambling-charter-schools-differing-from-rick-scott-and-his-concerns-with-student-testing/
2,https://en.wikipedia.org/wiki/Rick_Scott
3,https://www.sun-sentinel.com/news/nationworld/fl-ne-rick-scott-fbi-answers-20190409-story.html
4,https://www.politico.com/states/florida/story/2018/11/08/scott-orders-investigation-of-and-sues-broward-county-as-his-margins-shrink-against-nelson-690074
5,https://www.nytimes.com/2012/12/10/education/florida-may-reduce-tuition-for-select-majors.html
6,https://stateimpact.npr.org/florida/tag/rick-scott/
7,https://stateimpact.npr.org/florida/tag/budgets/
8,http://elderaffairs.state.fl.us/
9,https://www.flgov.com/meet-governor-scott/
