,searched_url
0,https://en.wikipedia.org/wiki/John_Edwards
1,https://en.wikipedia.org/wiki/2004_Democratic_Party_presidential_primaries
2,https://www.theguardian.com/us-news/datablog/2015/dec/09/donald-trump-polls-past-elections-republican-nomination
3,https://www.politico.com/magazine/story/2015/11/jeb-bush-is-2016s-john-kerry-213341
4,https://fivethirtyeight.blogs.nytimes.com/2011/04/04/a-brief-history-of-primary-polling-part-ii/
5,https://fivethirtyeight.com/features/what-more-than-40-years-of-early-primary-polls-tell-us-about-2020-part-2/
6,http://www.cnn.com/ELECTION/2004/special/president/candidates/vp.contenders/
7,http://www.cnn.com/ELECTION/2004/primaries/pages/misc/primary.recap.html
8,https://www.history.com/topics/us-presidents/george-w-bush
9,https://brooklynrail.org/2004/03/express/the-john-kerry-story
