,searched_url
0,https://en.wikipedia.org/wiki/Houston_Police_Department
1,https://www.texastribune.org/2013/08/21/lt-gov-dewhurst-calls-police-after-relatives-arres/
2,https://texas.gov/
3,https://police.fortworthtexas.gov/
4,https://www.txdot.gov/driver/laws/crash-reports.html
5,https://fas.org/irp/agency/doj/fbi/is/ncic.htm
6,https://www.texasattorneygeneral.gov/crime-victims/crime-victims-compensation-program/eligibility-crime-victims-compensation-program
7,https://www.texasranger.org/texas-ranger-museum/history/brief-history/
8,https://www.cctexas.com/police
9,https://www.npr.org/2018/12/27/680410169/more-police-officers-died-from-gunfire-than-traffic-incidents-in-2018-report-say
