,searched_url
0,https://www.youtube.com/watch?v=__e99JiJJaQ
1,https://www.ssa.gov/policy/docs/ssb/v70n3/v70n3p111.html
2,https://www.aarp.org/retirement/social-security/info-2018/12-fact-about-ss.html
3,https://www.aarp.org/retirement/social-security/info-2016/debunking-six-more-myths-about-social-security.html
4,https://www.usa.gov/about-social-security
5,https://en.wikipedia.org/wiki/Social_Security_(United_States)
6,https://www.consumerfinance.gov/ask-cfpb/can-a-debt-collector-take-my-social-security-or-va-benefits-en-1157/
7,https://www.politifact.com/truth-o-meter/statements/2015/aug/03/facebook-posts/did-george-w-bush-borrow-social-security-fund-war-/
8,https://fiscal.treasury.gov/top/faqs-for-the-public.html
9,https://www.consumer.ftc.gov/blog/2012/10/free-money-government-variations-scheme
