,searched_url
0,https://www.politifact.com/texas/statements/2016/oct/24/david-holmes/david-holmes-says-gerald-daugherty-advocated-light/
1,https://www.politifact.com/personalities/david-holmes/
2,https://www.politifact.com/texas/staff/rachel-rice/
3,https://www.statesman.com/article/20161030/NEWS/310309880
4,https://www.texasmonthly.com/the-daily-post/travis-county-commissioner-gerald-daugherty-cutest-campaign-ad-season/
5,https://www.youtube.com/watch?v=wzjRwNUQDRU
6,http://www.bishop-accountability.org/AbuseTrackerArchive/2018/03/
7,http://www.bishop-accountability.org/member/psearch.jsp?op=doSearch&section=a-g&
8,https://www.ussc.gov/sites/default/files/pdf/amendment-process/public-comment/20150727/ASPCA.pdf
9,https://defrostingcoldcases.com/cases-overview/
