,searched_url
0,https://www.politifact.com/texas/statements/2012/nov/30/texas-values/conservative-group-says-legislative-proposal-would/
1,https://www.politifact.com/subjects/gays-and-lesbians/statements/byruling/barely-true/
2,https://www.politifact.com/personalities/texas-values/
3,https://www.hrw.org/report/2016/12/07/walking-through-hailstorm/discrimination-against-lgbt-youth-us-schools
4,https://interactives.dallasnews.com/2017/the-85th/issue/bathroom-bills-and-lgbt-rights/
5,https://www.aclu.org/know-your-rights/transgender-people-and-law?redirect=lgbt-rights/know-your-rights
6,https://en.wikipedia.org/wiki/2011_in_LGBT_rights
7,https://en.wikipedia.org/wiki/LGBT_rights_in_the_United_States
8,https://columbialawreview.org/content/anti-gay-curriculum-laws/
9,https://www.buzzfeednews.com/article/azeenghorayshi/american-girl
