,searched_url
0,https://www.classy.org/blog/3-reasons-unemployment-is-higher-among-veterans/
1,https://www.latimes.com/world/la-xpm-2012-apr-25-la-na-vets-unemployed-20120426-story.html
2,https://www.bls.gov/news.release/vet.nr0.htm
3,https://www.cbsnews.com/news/after-war-vets-fight-for-jobs-at-home/
4,https://www.abc.net.au/news/2018-03-12/what-to-do-about-veterans-unemployment/9538402
5,"http://content.time.com/time/nation/article/0,8599,2088709,00.html"
6,http://nation.time.com/2013/03/22/the-ground-truth-about-veterans-unemployment/
7,http://www.washingtonpost.com/sf/national/2014/04/02/wanted-heroes/
8,https://www.washingtonpost.com/blogs/post-leadership/post/why-companies-hire-veterans-and-why-they-dont/2012/06/12/gJQA9LvrXV_blog.html
9,https://money.cnn.com/2012/03/22/news/economy/unemployment-veterans/index.htm
