,searched_url
0,https://www.virginiamercury.com/2018/07/23/four-years-of-political-battling-over-medicaid-expansion-has-ended-what-comes-next/
1,https://www.virginiamercury.com/2018/09/04/the-gaping-dental-gap-as-virginia-prepares-to-expand-medicaid-thousands-still-lack-access-to-dental-care/
2,https://www.dailypress.com/news/virginia/dp-nws-medicaid-expansion-free-clinics-20180926-story.html
3,https://www.dailypress.com/health/dp-nws-evg-who-receives-medicaid-20170523-story.html
4,https://health.usnews.com/health-news/health-insurance/articles/2015/05/26/youve-got-medicaid-why-cant-you-see-the-doctor
5,https://www.kff.org/medicaid/issue-brief/10-things-to-know-about-medicaid-setting-the-facts-straight/
6,https://www.statnews.com/2017/12/28/medicaid-physicians-social-contract/
7,https://www.heritage.org/health-care-reform/report/studies-show-medicaid-patients-have-worse-access-and-outcomes-the
8,https://www.vafreeclinics.org/news-events/
9,https://www.healthaffairs.org/doi/abs/10.1377/hlthaff.2012.0294
