,searched_url
0,https://www.politifact.com/truth-o-meter/statements/2015/feb/26/mike-lee/effect-net-neutrality-rules-taxes-uncertain/
1,https://www.forbes.com/sites/washingtonbytes/2018/03/06/the-fccs-net-neutrality-repeal-the-end-of-the-internet-or-a-path-to-a-legislative-compromise/
2,https://techcrunch.com/2017/05/19/these-are-the-arguments-against-net-neutrality-and-why-theyre-wrong/
3,https://www.ft.com/content/81576d02-2a25-11e9-a5ab-ff8ef2b976c7
4,https://www.theverge.com/2019/2/1/18207062/fcc-net-neutrality-lawsuit-hearing-court
5,https://reason.com/video/fccs-ajit-pai-on-net-neutrality-a-soluti/
6,http://arstechnica.com/information-technology/2015/02/dont-call-them-utility-rules-the-fccs-net-neutrality-regime-explained/?comments=1&post=28425177
7,https://en.wikipedia.org/wiki/Net_neutrality_in_the_United_States
8,http://hn.premii.com/#/comments/14291412
9,https://www.atr.org/appeals-court-strikes-down-fccs-misguided-a8058?page=17
