,searched_url
0,http://fortune.com/2019/02/13/us-income-inequality-bad-great-depression/
1,https://en.wikipedia.org/wiki/Income_inequality_in_the_United_States
2,https://en.wikipedia.org/wiki/Income_inequality_in_the_United_States#Overview
3,https://en.wikipedia.org/wiki/Income_inequality_in_the_United_States#Causes
4,https://en.wikipedia.org/wiki/Income_inequality_in_the_United_States#States_and_cities
5,https://en.wikipedia.org/wiki/Income_inequality_in_the_United_States#Policy_responses
6,https://www.marketwatch.com/story/wealth-inequality-in-the-us-is-almost-as-bad-as-it-was-right-before-the-great-depression-2018-07-19
7,https://www.epi.org/publication/income-inequality-in-the-us/
8,https://www.epi.org/publication/the-new-gilded-age-income-inequality-in-the-u-s-by-state-metropolitan-area-and-county/
9,https://www.pewresearch.org/fact-tank/2013/12/05/u-s-income-inequality-on-rise-for-decades-is-now-highest-since-1928/
