,searched_url
0,https://www.politifact.com/truth-o-meter/statements/2012/apr/06/mitt-romney/romney-says-obama-failed-pass-budget/
1,https://www.politifact.com/facebook-fact-checks/statements/2018/dec/14/blog-posting/did-trump-criticize-obama-during-2013-government-s/
2,https://www.washingtonpost.com/blogs/fact-checker/post/jack-lews-misleading-claim-about-the-senates-failure-to-pass-a-budget-resolution/2012/02/12/gIQAs11z8Q_blog.html
3,https://www.washingtonpost.com/graphics/2019/politics/longest-shutdowns-history/
4,https://www.latimes.com/opinion/opinion-la/la-ol-obama-budget-no-hearing-congress-20160205-story.html
5,https://www.brookings.edu/research/the-fiscal-fights-of-the-obama-administration/
6,https://thehill.com/homenews/house/104635-dems-wont-pass-budget
7,https://edition.cnn.com/2018/01/13/politics/us-government-shutdowns-budget-chart/index.html
8,http://www.cnn.com/2011/POLITICS/04/06/congress.budget/index.html
9,https://www.politico.com/story/2011/03/manchin-obama-has-failed-to-lead-050857
