,searched_url
0,https://www.nytimes.com/2018/09/25/business/economy/us-government-debt-interest.html
1,https://www.nextgov.com/cio-briefing/2018/08/get-ready-massive-government-spending-spree/150360/
2,https://fee.org/articles/government-spending-on-education-is-higher-than-ever-and-for-what/
3,https://www.crfb.org/papers/american-health-care-health-spending-and-federal-budget
4,https://www.nationalpriorities.org/pressroom/articles/2014/08/27/government-giving-too-much-money/
5,https://www.washingtonpost.com/news/politics/wp/2018/03/23/cardi-b-heres-where-your-tax-money-is-going/
6,https://www.brookings.edu/longform/what-the-forgotten-americans-really-want-and-how-to-give-it-to-them/
7,https://www.brookings.edu/articles/broken-promises-what-the-federal-government-can-do-to-improve-american-education/
8,https://www.npr.org/2018/07/11/628137185/fact-check-trumps-claims-on-nato-spending
9,https://www.vox.com/2019/1/16/18182348/why-is-the-government-shut-down-questions-answered
