,searched_url
0,https://www.politifact.com/wisconsin/statements/2012/oct/26/tommy-thompson/thompson-says-baldwin-voted-against-resolution-hon/
1,https://www.wisn.com/article/baldwin-thompson-ads-focus-on-9-11-vote/6311927
2,https://dailycaller.com/2012/10/22/thompson-ad-attacks-baldwin-for-voting-against-resolution-honoring-fifth-anniversary-of-september-11/
3,https://www.tammybaldwin.com/news/2012/baldwin-stood-up-for-911-first-responders/
4,https://www.npr.org/2012/11/01/164129891/sept-11-becomes-issue-in-wisconsin-senate-race
5,https://www.factcheck.org/2012/10/smearing-tammy-baldwin-in-wisconsin-senate-race/
6,https://slate.com/human-interest/2012/10/tommy-thompson-s-case-against-tammy-baldwin-she-s-slapping-veterans.html
7,https://www.foxnews.com/politics/with-wisconsin-senate-race-neck-and-neck-tone-gets-nasty
8,https://talkingpointsmemo.com/livewire/tommy-thompson-ad-uses-9-11-image-to-attack-tammy-baldwin
9,https://www.realclearpolitics.com/video/2012/10/23/thompson_hits_baldwin_with_brutal_911_ad_in_wis_senate_race.html
