,searched_url
0,https://www.politifact.com/florida/statements/2013/dec/27/kathleen-peters/david-jolly-gave-almost-30000-keep-democrats-congr/
1,https://www.politifact.com/florida/statements/2014/jan/27/democratic-congressional-campaign-committee/democrats-say-david-jollys-old-firm-lobbied-millio/
2,https://en.wikipedia.org/wiki/David_Jolly
3,https://www.cbsnews.com/news/60-minutes-are-members-of-congress-becoming-telemarketers/
4,https://www.tampabay.com/news/politics/politifact-florida-in-congressional-race-two-gop-candidates-go-on-attack/2158916
5,https://www.rollcall.com/news/politics/david-jolly-cites-pennsylvania-results-not-running-2018
6,https://www.politico.com/newsletters/florida-playbook/2018/04/24/murphy-jolly-for-the-win-trumps-cash-cow-mar-a-lago-board-meets-to-investigate-school-shooting-paul-tudor-jones-in-me-too-crosshairs-265560
7,https://www.politifact.com/florida/article/2014/mar/10/fact-checking-candidates-congressional-special-ele/
8,https://www.politifact.com/florida/article/2014/jan/13/kathleen-peters-david-jolly-attack-each-other-bid-/
9,https://www.nbcnews.com/think/opinion/you-can-t-be-never-trump-be-republican-why-former-ncna922966
