,searched_url
0,https://www.usnews.com/opinion/blogs/peter-roff/2010/01/19/joe-bidens-filibuster-hypocrisy
1,https://www.huffpost.com/entry/joe-biden-filibuster_n_5c8664ace4b0d936162a30c7
2,https://www.politifact.com/truth-o-meter/statements/2010/jan/22/joe-biden/biden-says-every-senate-decision-now-requires-60-v/
3,https://www.newyorker.com/magazine/2013/01/28/lets-talk
4,https://www.americanprogress.org/issues/general/news/2010/09/28/8328/minority-rules/
5,https://www.history.com/topics/us-politics/john-mccain
6,https://www.c-span.org/video/?426285-1/senate-rules-change-paves-neil-gorsuchs-confirmation
7,https://sentencing.net/legislation/first-step-act
8,https://www.smithsonianmag.com/history/top-10-historic-midterm-elections-65355118/
9,https://www.theguardian.com/world/us-news-blog/2012/nov/09/women-us-senate-senators
