,searched_url
0,https://www.politifact.com/oregon/statements/2010/dec/25/rees-lloyd/portland-public-schools-invites-all-adults-cheap-1/
1,https://www.politifact.com/personalities/rees-lloyd/statements/
2,https://collections.unu.edu/eserv/UNU:2519/ebrary9789280812084.pdf
3,https://www.esc-eurocrim.org/images/esc/files/Bologna_Abstracts.pdf
4,http://www.educationnewyork.com/searchpublic.aspx?btnsubmit=go&txtsearch=school
5,https://www.aclu.org/sites/default/files/field_document/ACLURM000540.pdf
6,https://www.edushifts.world/assets/ebooks/EDUshiftsNow_Eng.pdf
7,https://www.schneier.com/blog/archives/2006/04/announcing_movi.html
8,http://iramuteq.org/climat/
9,https://www.academia.edu/38529196/._School_and_university_in_the_mirror_of_American_British_French_German_and_Russian_movies
