,searched_url
0,https://www.politifact.com/truth-o-meter/statements/2009/oct/06/michael-moore/michael-moore-claims-during-reagan-years-richest-h/
1,https://www.politifact.com/truth-o-meter/article/2009/oct/08/michael-moore-vs-gipper/
2,https://www.politifact.com/truth-o-meter/article/2011/feb/08/judging-reagans-legacy-gipper-meets-truth-o-meter/
3,https://www.politifact.com/personalities/michael-moore/statements/byruling/mostly-true/
4,https://www.anthropologymatters.com/index.php/anth_matters/article/view/308/538
5,http://car-insurance-lists.com/index.php/2019/01/02/capitalism-a-love-story-6/
6,https://context.reverso.net/traduzione/inglese-italiano/top+income
7,https://context.reverso.net/%D0%BF%D0%B5%D1%80%D0%B5%D0%B2%D0%BE%D0%B4/%D0%B0%D0%BD%D0%B3%D0%BB%D0%B8%D0%B9%D1%81%D0%BA%D0%B8%D0%B9-%D1%80%D1%83%D1%81%D1%81%D0%BA%D0%B8%D0%B9/tax+cut+in
8,https://www.readytogo.net/smb/threads/businesses-that-are-making-100s-of-millions-a-year.924453/page-26
9,http://trumpnewsonyoutube.blogspot.com/2018/09/trump-news-on-youtube-sep-23-2018.html
