,searched_url
0,https://www.politifact.com/punditfact/statements/2015/jan/18/jennifer-granholm/former-michigan-gov-romney-pays-less-tax-guys-who-/
1,https://www.politifact.com/truth-o-meter/article/2015/jan/18/punditfact-fact-checks-jan-18-news-shows/
2,https://en.wikiquote.org/wiki/Mitt_Romney
3,https://www.reuters.com/article/us-usa-campaign-romney-tax/romney-says-he-is-taxed-at-around-15-percent-rate-idUSTRE80G1RE20120118
4,https://www.thedailybeast.com/fact-checking-the-sunday-shows-jan-18
5,https://www.politifact.com/punditfact/article/2015/jan/18/fact-checking-jan-18-sunday-shows/
6,https://www.cbsnews.com/news/is-mitt-romney-actually-the-early-gop-frontrunner-for-2016/
7,https://www.tandfonline.com/doi/full/10.1080/08913811.2015.1055892?scroll=top&needAccess=true
8,https://www.factcheck.org/2012/08/does-romney-pay-a-lower-rate-in-taxes-than-you/
9,https://www.c-span.org/video/?456594-2/washington-journal-opening-day-116th-congress
