,searched_url
0,https://www.politifact.com/virginia/statements/2014/may/15/republican-party-virginia/virginia-gop-says-warner-voted-obama-97-percent-ti/
1,https://www.politifact.com/truth-o-meter/article/2014/oct/22/republicans-favorite-attack-incumbent-democrats-th/
2,https://www.washingtonpost.com/local/virginia-politics/mark-warner-and-ed-gillespie-to-face-off-in-first-debate/2014/07/25/75694d20-137e-11e4-9285-4243a40ddc97_story.html
3,https://www.vox.com/2014/7/30/5949581/money-in-politics-charts-explain
4,https://reason.com/archives/2014/09/29/why-mark-warner-should-quit-the-democrat
5,http://nymag.com/intelligencer/2017/11/northam-improved-on-clintons-va-lead-a-good-sign-for-dems.html
6,https://www.warner.senate.gov/public/index.cfm/pressreleases
7,https://ballotpedia.org/Mark_Warner
8,https://en.wikipedia.org/wiki/Mark_Warner
9,https://fivethirtyeight.com/features/if-you-want-to-know-whos-running-in-2020-watch-capitol-hill-not-iowa/
