,searched_url
0,http://fortune.com/2015/09/30/america-wealth-inequality/
1,https://en.wikipedia.org/wiki/List_of_countries_by_income_equality
2,https://en.wikipedia.org/wiki/Gini_coefficient
3,https://en.wikipedia.org/wiki/North%E2%80%93South_divide
4,https://ourworldindata.org/global-economic-inequality
5,https://www.weforum.org/agenda/2018/01/gdp-frog-matchbox-david-pilling-growth-delusion/
6,http://hdr.undp.org/sites/default/files/2015_human_development_report.pdf
7,http://hdr.undp.org/sites/default/files/2016_human_development_report.pdf
8,https://www.un.org/millenniumgoals/2015_MDG_Report/pdf/MDG%202015%20rev%20(July%201).pdf
9,https://en.wikiquote.org/wiki/Margaret_Thatcher
