,searched_url
0,https://en.wikipedia.org/wiki/Patient_Protection_and_Affordable_Care_Act
1,https://en.wikipedia.org/wiki/Affordable_Health_Care_for_America_Act
2,https://www.ehealthinsurance.com/resources/affordable-care-act/history-timeline-affordable-care-act-aca
3,https://www.washingtonpost.com/nation/2018/12/17/republicans-will-never-stop-obama-hits-out-gop-after-affordable-care-act-ruled-unconstitutional/
4,https://www.washingtonpost.com/news/volokh-conspiracy/wp/2014/11/11/key-architect-of-obamacare-admitted-that-it-was-passed-by-exploiting-political-ignorance/
5,https://www.theatlantic.com/politics/archive/2015/07/the-real-story-of-obamacares-birth/397742/
6,https://www.vox.com/policy-and-politics/2019/4/3/18292175/house-democrats-trump-resolution-obamacare
7,https://www.govtrack.us/congress/bills/111/hr3590/text
8,https://www.cnn.com/2014/11/13/politics/tapper-gruber/index.html
9,https://talkingpointsmemo.com/dc/sanders-role-in-the-affordable-care-act
