,searched_url
0,https://www.politifact.com/truth-o-meter/statements/2012/may/08/barack-obama/life-julia-says-romney-refused-say-if-he-would-sig/
1,https://www.politifact.com/truth-o-meter/article/2012/may/08/fact-checking-candidate-barack-obama/
2,https://www.huffpost.com/entry/mitt-romney-lilly-ledbetter_n_1973446
3,http://www.washingtonpost.com/blogs/plum-line/post/the-war-over-the-war-on-women/2012/04/11/gIQAbf4iAT_blog.html
4,https://www.rollingstone.com/politics/politics-news/why-president-romney-would-be-a-disaster-for-women-245079/
5,https://www.washingtontimes.com/news/2012/may/29/equal-pay-bill-puts-romney-on-the-line-on-women/
6,https://www.nytimes.com/2012/10/18/opinion/mr-romneys-version-of-equal-rights.html
7,https://www.cnn.com/2014/03/28/politics/democrats-midterms-equal-pay/index.html
8,https://www.peoplesworld.org/article/romney-presses-gun-rights-but-not-women-s-rights/
9,https://www.baltimoresun.com/news/opinion/bs-xpm-2012-05-14-bs-ed-reimer-julia-20120514-story.html
