,searched_url
0,https://www.politifact.com/ohio/statements/2012/feb/20/kathleen-clyde/state-rep-kathleen-clyde-says-new-election-law-doe/
1,https://www.politifact.com/personalities/kathleen-clyde/statements/byruling/true/
2,https://digital.law.washington.edu/dspace-law/bitstream/handle/1773.1/1324/89WLR0175.pdf
3,http://www.ncsl.org/research/elections-and-campaigns/provisional-ballots.aspx
4,https://866ourvote.org/wp-content/uploads/2018/11/EP2012-FullReport.pdf
5,https://www.pewtrusts.org/~/media/legacy/uploadedfiles/pcs_assets/2009/elecprovballotbrief0709pdf.pdf
6,https://www.brennancenter.org/page/-/publications/Ohio.final.Appendices.pdf
7,https://engagedscholarship.csuohio.edu/cgi/viewcontent.cgi?article=3807&context=clevstlrev
8,https://www.neoch.org/cleveland-homeless-blog/tag/ohio+voting+laws
9,https://b.3cdn.net/advancement/666cb8d8d9d4a9a169_kxm6yslwk.pdf
