,searched_url
0,https://www.politifact.com/ohio/statements/2011/apr/12/john-kasich/gov-john-kasich-says-there-was-informal-agreement-/
1,http://www.nbbj.com/work/cleveland-state-university-julka-hall/
2,http://www.city.cleveland.oh.us/sites/default/files/forms_publications/ClevelandTreePlan.pdf
3,https://communityofhope2017.wordpress.com/
4,http://www.downtowncleveland.com/DCA/media/DCA_Media/About%20DCA/step-up-downtown-vision-plan-2014.pdf
5,https://www.clevelandfoundation100.org/timeline/?hide=
6,http://shura.shu.ac.uk/15816/3/Ashmore%20-%20Informal%20mental%20health%20patients%20%28AM%29.pdf
7,https://www.rudybruneraward.org/wp-content/uploads/2015/01/07-Uptown-District.pdf
8,https://www.theatlantic.com/magazine/archive/2015/07/world-without-work/395294/
9,https://etd.ohiolink.edu/!etd.send_file?accession=ohiou1091117062&disposition=inline
