,searched_url
0,https://www.politifact.com/ohio/statements/2011/oct/07/we-are-ohio/we-are-ohio-says-politicians-who-approved-collecti/
1,https://www.politifact.com/personalities/we-are-ohio/statements/
2,https://www.politifact.com/personalities/we-are-ohio/
3,https://www.cleveland.com/open/2011/03/whats_really_in_senate_5_clear.html
4,https://www.cleveland.com/open/2011/10/debate_over_issue_2_obama_jobs.html
5,https://www.cbsnews.com/news/ohio-governor-signs-senate-bill-5-into-law/
6,http://www.thestand.org/2019/04/senate-approves-collective-bargaining-bill/
7,https://www.desmoinesregister.com/story/news/politics/2017/02/16/amid-marathon-debate-iowa-legislature-barrels-towards-passage-collective-bargaining-bill/97984338/
8,http://www.nbcnews.com/id/41996994/ns/politics-more_politics/t/wis-governor-officially-cuts-collective-bargaining/
9,https://www.epi.org/publication/attack-on-american-labor-standards/
