,searched_url
0,https://www.politifact.com/texas/statements/2016/feb/26/huey-rey-fischer/huey-rey-fischer-nails-lack-texas-legislators-unde/
1,http://hueyreyfischer.com/news/
2,https://www.texastribune.org/2018/05/18/analysis-millennial-texans-might-be-louder-theyre-not-voting/
3,https://hechingerreport.org/youth-will-determine-the-outcome-of-the-2018-midterms/
4,https://fivethirtyeight.com/features/young-voters-might-actually-show-up-at-the-polls-this-year/
5,https://votingwars.news21.com/five-things-to-know-about-millennial-politics/
6,https://www.economist.com/the-economist-explains/2014/10/29/why-young-people-dont-vote
7,https://fivethirtyeight.com/features/republicans-_and_-democrats-should-be-worried-about-2020/
8,https://www.theatlantic.com/politics/archive/2018/10/will-latinos-turn-out-2018/573559/
9,https://www.pewsocialtrends.org/essay/an-early-look-at-the-2020-electorate/
