,searched_url
0,https://www.atr.org/gov-scott-walker-looks-return-budget-surplus-back-badger-state-taxpayers
1,http://www.maciverinstitute.com/2017/09/analysis-the-2017-19-wisconsin-state-budget/
2,https://shepherdexpress.com/news/features/scott-walker-v.-reality/
3,https://wkow.com/news/top-stories/2019/02/28/governor-evers-reveals-his-first-spending-plan-for-the-state/
4,https://www.sourcewatch.org/index.php/Scott_Walker
5,https://www.prwatch.org/news/2011/07/10880/alec-bills-wisconsin
6,https://www.minnpost.com/eric-black-ink/2013/11/scott-walkers-wisconsin-vs-daytons-minnesota-which-doing-better/
7,https://urbanmilwaukee.com/2015/08/20/murphys-law-wisconsins-growing-teacher-shortage/
8,http://www.noradarealestate.com/blog/milwaukee-real-estate-market/
9,https://projects.jsonline.com/news/2016/10/9/from-teacher-free-agency-to-merit-pay-the-uproar-over-act-10.html
