,searched_url
0,https://www.politifact.com/personalities/will-rasmussen/statements/about/
1,https://www.politifact.com/personalities/will-rasmussen/
2,https://www.seattlemet.com/articles/2015/7/7/7-7-15-fizz-am-fizz-am
3,https://www.wsj.com/articles/SB121919392595755303
4,http://www.rasmussenreports.com/public_content/political_commentary/commentary_by_ted_rall/democrats_could_lose_again_this_fall
5,http://www.rasmussenreports.com/public_content/political_commentary/commentary_by_michael_barone/democrats_foul_tactics_on_kavanaugh_may_come_back_to_bite_them
6,https://www.sj-r.com/article/20150312/opinion/150319782?template=ampart
7,https://www.arkansasonline.com/news/2018/oct/18/after-785m-sale-mountain-valley-water-company-main/
8,https://www.rasmussen.edu/degrees/business/blog/should-i-do-my-own-taxes/
9,https://westseattleblog.com/2011/01/about-those-potholes-much-greater-problem-says-rasmussen/
