,searched_url
0,https://www.politifact.com/truth-o-meter/statements/2012/jan/26/mitch-daniels/mitch-daniels-says-steve-jobs-created-more-jobs-st/
1,https://www.politifact.com/florida/statements/2011/dec/21/steve-southerland/rep-steve-southerland-says-over-24-million-jobs-ha/
2,https://www.forbes.com/sites/bretswanson/2012/01/27/steve-jobs-jobs-vs-jobs/
3,https://www.factcheck.org/2010/09/did-the-stimulus-create-jobs/
4,https://marginalrevolution.com/marginalrevolution/2011/08/why-didnt-the-stimulus-create-more-jobs.html
5,https://money.cnn.com/2012/01/25/technology/apple_steve_jobs/index.htm
6,https://www.bbc.com/news/business-38581768
7,https://www.realclearpolitics.com/articles/2009/12/10/obamas_fantasy_jobs_plan_99492.html
8,https://www.nytimes.com/2010/12/08/business/economy/08leonhardt.html
9,https://www.npr.org/2017/01/07/508600239/what-kind-of-jobs-president-has-obama-been-in-8-charts
