,searched_url
0,https://www.politifact.com/wisconsin/statements/2015/aug/28/scott-walker/scott-walker-touts-47-billion-tax-cuts-he-right/
1,https://www.politifact.com/personalities/scott-walker/statements/byruling/true/
2,https://www.washingtonpost.com/business/economy/millions-face-delayed-tax-refunds-cuts-to-food-aid-as-white-house-scrambles-to-deal-with-shutdown/2019/01/04/b5b58616-0fa3-11e9-8938-5898adc28fa2_story.html
3,https://www.vox.com/policy-and-politics/2019/3/11/18259789/trumps-2020-budget-proposal-cuts
4,https://www.marketwatch.com/story/what-president-trumps-proposed-budget-cuts-could-mean-for-senior-citizens-2019-03-12
5,https://www.wabe.org/gov-deal-top-republicans-back-plan-reduce-georgia-tax-bounty/
6,http://nymag.com/intelligencer/2017/12/after-passing-tax-cuts-whats-next-on-the-gops-agenda.html
7,https://sd.gov/governor/docs/FY2018%20Budget%20Address%20Transcript.pdf
8,http://mustreadalaska.com/walker-declares-budget-process-broken/
9,https://www.apnews.com/Windfalls
