,searched_url
0,https://www.politifact.com/punditfact/statements/2015/jul/06/paul-krugman/yep-greece-and-miami-metro-have-about-same-gdp/
1,http://citeseerx.ist.psu.edu/viewdoc/download?doi=10.1.1.196.5381&rep=rep1&type=pdf
2,https://www.businessinsider.com/paul-krugman-interview-china-greece-brexit-2016-2
3,https://www.brookings.edu/blog/up-front/2019/03/06/greek-economy-from-bailout-program-exit-to-recovery/
4,http://journals.fcla.edu/flgeog/article/download/76279/73940
5,https://www.heritage.org/index/country/greece
6,https://www.nytimes.com/2015/07/10/opinion/paul-krugman-greeces-economy-is-a-lesson-for-republicans-in-the-us.html
7,https://www.ft.com/content/bf654494-9578-11e8-b747-fb1e803ee64e
8,https://www.scmp.com/news/china/diplomacy/article/3004724/greece-says-eus-china-concerns-must-not-harm-its-economic
9,https://qz.com/1311113/how-much-money-has-greece-received-in-three-bailouts/
