,searched_url
0,https://www.politifact.com/punditfact/statements/2014/jul/18/bill-oreilly/oreilly-says-over-half-immigrants-3-central-americ/
1,https://www.politifact.com/subjects/welfare/statements/byruling/mostly-true/
2,https://www.pewhispanic.org/2017/12/07/rise-in-u-s-immigrants-from-el-salvador-guatemala-and-honduras-outpaces-growth-from-elsewhere/
3,https://cis.org/Report/Cost-Welfare-Use-Immigrant-and-Native-Households
4,https://www.breitbart.com/politics/2014/07/08/report-central-american-immigrants-use-welfare-at-high-rate/
5,https://www.ncbi.nlm.nih.gov/pmc/articles/PMC2831260/
6,https://www.americanprogress.org/issues/immigration/reports/2017/04/20/430736/facts-immigration-today-2017-edition/
7,http://www.ecampus.iom.int/mod/resource/view.php?id=451
8,https://www.crisisgroup.org/latin-america-caribbean/central-america/el-salvador/undocumented-migration-northern-triangle-central-america
9,https://stream.org/us-citizen-living-honduras-think-caravan/
