,searched_url
0,https://www.politifact.com/truth-o-meter/statements/2011/jul/06/shaun-donovan/hud-secretary-shaun-donovan-says-house-prices-stab/
1,https://www.politifact.com/personalities/shaun-donovan/
2,http://nymag.com/intelligencer/2016/10/8-years-in-obamas-america.html
3,https://www.theatlantic.com/technology/archive/2019/02/single-family-landlords-wall-street/582394/
4,https://www.nytimes.com/interactive/2017/08/04/business/economy/the-economy-under-president-trump.html
5,https://www.nytimes.com/2012/09/09/magazine/ohio-economy.html
6,https://whatthefuckjusthappenedtoday.com/all/
7,https://washingtonmonthly.com/magazine/marchapril-2012/obamas-top-50-accomplishments/
8,https://obamawhitehouse.archives.gov/the-press-office/2012/03/15/remarks-president-energy
9,https://www.npr.org/2017/01/07/508600239/what-kind-of-jobs-president-has-obama-been-in-8-charts
