,searched_url
0,https://www.politifact.com/truth-o-meter/statements/2009/sep/09/barack-obama/Obama-says-health-plan-incorporates-ideas-of-Democ/
1,http://www.wwnorton.com/college/polisci/american-politics-today3/essentials/ch/06/outline.aspx
2,https://www.huffpost.com/entry/transcript-of-president-o_n_442423
3,https://www.nytimes.com/2009/09/10/us/politics/10obama.text.html
4,http://time.com/5442973/democrats-won-house-majority-plans/
5,https://www.ajc.com/news/national-govt--politics/politifact-did-obamacare-pass-with-republican-input/xCU3lpUUWS8HOk20lUpyyL/
6,https://washingtonmonthly.com/magazine/july-august-2018/winning-is-not-enough/
7,https://www.washingtonpost.com/powerpost/trump-to-make-new-offer-to-democrats-as-government-shutdown-drags-on/2019/01/19/2cde029e-1bf3-11e9-9ebf-c5fed1b7a081_story.html
8,https://www.vox.com/2019/3/26/18281323/green-new-deal-democrats-vote
9,https://democrats.org/about/party-platform/
