,searched_url
0,https://www.politifact.com/truth-o-meter/statements/2014/jul/10/alison-lundergan-grimes/did-mitch-mcconnell-vote-raise-seniors-medicare-co/
1,https://www.washingtonpost.com/news/fact-checker/wp/2014/07/11/a-kentucky-shoot-out-over-stale-medicare-claims/
2,https://www.kentucky.com/news/politics-government/election/article44496912.html
3,https://www.courier-journal.com/story/politics-blog/2014/07/08/grimes-launches-mcconnell-attack/12326113/
4,https://www.huffpost.com/entry/mitch-mcconnell-ryan-budget_n_5574472
5,https://www.newsmax.com/politics/grimes-mcconnell-medicare-fact/2014/07/08/id/581490/
6,https://www.usatoday.com/story/news/politics/elections/2014/07/10/fact-check-medicare-kentucky-senate/12469185/
7,https://wfpl.org/alison-lundergan-grimes-uses-fellow-kentuckians-target-mcconnell-s-medicare-vote/
8,https://www.motherjones.com/politics/2014/07/mitch-mcconnell-paul-ryan-budget-lundergan-grimes/
9,http://www.wdrb.com/story/25969069/grimes-launches-first-attack-ad-in-us-senate-race
