,searched_url
0,https://www.washingtonpost.com/politics/obama-did-not-change-washington-for-each-side-its-clear-whos-to-blame/2012/09/01/a15265a0-f45b-11e1-adc6-87dfa8eff430_story.html
1,https://www.politifact.com/truth-o-meter/statements/2007/sep/08/barack-obama/he-worked-with-republicans-in-illinois/
2,https://keithhennessey.com/2010/02/23/bipartisan-successes/
3,https://qctimes.com/news/state-and-regional/illinois/obama-built-bipartisan-reputation-in-illinois-senate/article_c44382da-60ec-56fe-b320-9f631c6273d7.html
4,https://www.theatlantic.com/politics/archive/2017/08/republicans-democrats-bipartisanship-trump/538029/
5,https://www.realclearpolitics.com/articles/2017/01/16/obamas_unsung_bipartisan_legacy_132798.html
6,https://www.realclearpolitics.com/video/2018/11/07/watch_live_president_trump_responds_to_2018_midterms.html
7,https://www.portman.senate.gov/public/index.cfm/press-releases?ID=DEEBAC87-ADE9-4E37-97BD-66E5BCD8B962
8,https://www.lawliberty.org/2016/01/27/obamas-responsibility-for-political-polarization/
9,http://www.cnn.com/2006/POLITICS/02/07/mccain.obama.1936/
