,searched_url
0,https://www.mercurynews.com/2018/01/20/e-verify-doesnt-prevent-many-companies-from-hiring-undocumented-workers/
1,https://immigrationforum.org/article/fact-sheet-e-verify/
2,https://en.wikipedia.org/wiki/E-Verify
3,https://www.pewtrusts.org/en/research-and-analysis/blogs/stateline/2018/04/27/job-screening-for-illegal-immigration-varies-by-state
4,https://www.americanprogress.org/issues/immigration/news/2011/09/13/10273/the-10-numbers-you-need-to-know-about-e-verify/
5,https://www.shrm.org/resourcesandtools/legal-and-compliance/state-and-local-updates/xperthr/pages/e-verify-laws-by-state.aspx
6,https://www.e-verify.gov/
7,https://www.bloomberg.com/opinion/articles/2018-06-27/congress-can-stop-illegal-immigration-with-e-verify
8,https://www.numbersusa.com/resource-article/everify-state-map
9,https://www.eater.com/2017/2/28/14749392/undocumented-workers-restaurant-illegal
