,searched_url
0,https://www.politifact.com/punditfact/statements/2014/jul/17/jason-riley/black-voter-turnout-exceed-white-voter-turnout-eve/
1,https://www.motherjones.com/politics/2014/11/minority-voters-election-long-lines-id/
2,https://www.economist.com/democracy-in-america/2019/02/19/do-voter-id-laws-reduce-turnout-among-black-americans
3,https://www.pewresearch.org/fact-tank/2017/05/12/black-voter-turnout-fell-in-2016-even-as-a-record-number-of-americans-cast-ballots/
4,https://phys.org/news/2019-04-voter-id-laws-dont-suppress.html
5,https://www.americanprogress.org/issues/democracy/reports/2018/07/11/453319/increasing-voter-participation-america/
6,https://www.nytimes.com/2017/12/24/us/alabama-voting-blacks-.html
7,https://www.wsj.com/articles/SB10001424127887323744604578473133787967750
8,https://www.wsj.com/articles/hillarys-racial-politics-1376865092
9,http://www.racialequitytools.org/resourcefiles/Turnout-Rates-Photo-ID-Voter.pdf
