,searched_url
0,https://www.theatlantic.com/education/archive/2013/10/160-000-kids-stay-home-from-school-each-day-to-avoid-being-bullied/280201/
1,https://cyberbullying.org/160000-students-stay-home-from-school-every-day-because-of-bullying-really
2,https://cyberbullying.org/millions-students-skip-school-year-bullying
3,https://www.educationcorner.com/bullying-facts-statistics-and-prevention.html
4,https://abcnews.go.com/2020/TheLaw/school-bullying-epidemic-turning-deadly/story?id=11880841
5,https://abcnews.go.com/Health/MindMoodNews/story?id=7228335
6,https://americanspcc.org/our-voice/bullying/statistics-and-information/
7,https://arkofhopeforchildren.org/bullying/child-bullying-statistics-info
8,http://simpleacts.org/bullying-prevention/
9,https://www.nnw.org/publication/unique-program-works-curb-bullying-america
