,searched_url
0,https://www.washingtonpost.com/opinions/the-export-import-bank-plays-a-critical-role-in-supporting-us-businesses/2019/02/08/abec8b36-2aea-11e9-906e-9d55b6451eb4_story.html
1,https://www.cnbc.com/2018/07/17/ex-im-bank-needs-senate-support-to-save-us-jobs.html
2,https://www.scmp.com/news/article/2165169/chinas-exim-bank-boost-lending-effort-support-exporters-hit-hard-trade-war
3,https://www.exim.gov/
4,https://en.wikipedia.org/wiki/Export%E2%80%93Import_Bank_of_the_United_States
5,https://en.wikipedia.org/wiki/Export%E2%80%93Import_Bank_of_the_United_States#Overview
6,https://en.wikipedia.org/wiki/Export%E2%80%93Import_Bank_of_the_United_States#History
7,https://en.wikipedia.org/wiki/Export%E2%80%93Import_Bank_of_the_United_States#Projects_assisted
8,https://en.wikipedia.org/wiki/Export%E2%80%93Import_Bank_of_the_United_States#Criticism
9,https://www.mercatus.org/publications/federal-fiscal-policy/export-import-bank-support-does-not-affect-majority-us-exports
