,searched_url
0,https://www.politifact.com/truth-o-meter/statements/2009/jun/11/chris-dodd/medical-bankruptcy-study-not-clear-cut/
1,https://www.consumeraffairs.com/news/bankruptcies-caused-by-health-problems-arent-as-common-as-previously-thought-032218.html
2,https://www.politifact.com/personalities/chris-dodd/statements/by/
3,https://aapsonline.org/myth-3-americans-are-going-bankrupt-and-american-companies-are-noncompetitive-because-we-dont-have-universal-health-care/
4,http://westernrecorder.org/1685.article.print
5,https://prescriptions.blogs.nytimes.com/2009/09/07/insured-but-bankrupted-anyway/
6,https://pdfs.semanticscholar.org/549c/5bc2aa07c4a2e07a2291c093a5d42664d27d.pdf
7,http://www.newamericancivilrightsproject.org/wp-content/uploads/2014/04/Misdiagnosis_Heriot.pdf
8,http://ir.lawnet.fordham.edu/cgi/viewcontent.cgi?article=1123&context=jcfl
9,https://www.facebook.com/pages/category/Medical---Health/AMJPublicHealth/posts/
