,searched_url
0,https://www.politifact.com/florida/statements/2016/nov/07/donald-trump/trump-misses-details-when-saying-florida-insurance/
1,https://www.apnews.com/62acdd911e4d44a5b855acf25122bd22/Obama-administration-confirms-double-digit-premium-hikes
2,https://www.washingtonexaminer.com/maryland-virginia-brace-for-huge-obamacare-rate-hikes
3,https://www.sun-sentinel.com/business/fl-bz-bad-news-for-reinsurers-is-good-news-for-everyone-else-20180604-story.html
4,https://www.wsaw.com/content/news/Candidates-fight-for-Wisconsin-399592201.html
5,https://www.washingtonpost.com/news/fact-checker/wp/2016/10/27/confused-by-obamaacare-here-are-answers-to-key-questions/
6,https://www.modernhealthcare.com/article/20180507/NEWS/180509931/health-insurers-seek-big-rate-hikes-for-2019
7,https://www.marketplace.org/2017/10/05/health-care/uncertainty-healthcare-premiums-increase-2018-50-percent
8,https://www.news4jax.com/health/what-does-trump-win-mean-for-obamacare
9,https://www.denverpost.com/2018/10/04/colorado-health-insurance-premiums/
