,searched_url
0,https://skepticalscience.com/global-warming-scientific-consensus.htm
1,https://www.nationalgeographic.com/environment/global-warming/global-warming-real/
2,https://www.bbc.com/news/world-us-canada-46351940
3,https://climate.nasa.gov/evidence/
4,https://www.wwf.org.uk/updates/10-myths-about-climate-change
5,https://en.wikipedia.org/wiki/Global_warming_conspiracy_theory
6,https://www.heartland.org/multimedia/videos-climate-change/man-caused-global-warming-the-greatest-scam-in-world-history
7,https://www.forbes.com/sites/rrapier/2018/11/29/indisputable-facts-on-climate-change/
8,https://www.youtube.com/watch?v=n-Z0eG1pKhA
9,https://www.investors.com/politics/global-warming-hoax-climate-change-facts/
