,searched_url
0,https://fas.org/sgp/crs/misc/RL34716.pdf
1,https://www.aph.gov.au/About_Parliament/Parliamentary_Departments/Parliamentary_Library/Publications_Archive/CIB/cib0203/03CIB22
2,https://www.heritage.org/constitution/articles/1/essays/26/privilege-from-arrest
3,https://www.senate.gov/CRSpubs/ac0d1dd5-7316-4390-87e6-353589586a89.pdf
4,https://whatthefuckjusthappenedtoday.com/all/
5,https://www.buzzfeednews.com/article/buzzfeednews/midterm-elections-vote-2018
6,https://www.washingtonpost.com/news/powerpost/paloma/daily-202/2018/12/11/daily-202-two-in-three-republicans-would-rather-see-a-shutdown-than-trump-compromise-on-the-border-wall/5c0f399c1b326b2d6629d42b/
7,https://www.shouselaw.com/consequences-felony-california.html
8,https://democracybehindbars.org/
9,https://en.wikipedia.org/wiki/Article_One_of_the_United_States_Constitution
