,searched_url
0,https://www.politifact.com/ohio/statements/2016/jul/20/hugh-hewitt/hugh-hewitt-million-ohio-democrats-changed-parties/
1,https://theintercept.com/2018/11/05/democratic-party-donald-trump-election/
2,https://www.realclearpolitics.com/video/2018/07/25/howard_dean_no_courage_from_republicans_to_tell_trump_he_needs_to_step_down.html
3,https://www.thewrap.com/donald-trump-is-so-amazing-he-wont-listen-to-this-man-john-kasich/
4,https://www.brookings.edu/wp-content/uploads/2012/04/20051115.pdf
5,https://www.theatlantic.com/politics/archive/2018/11/2020-presidential-race-trump-starts-favorite/575344/
6,https://www.theatlantic.com/politics/archive/2016/05/the-democratic-wingman-of-the-democratic-party/483752/
7,https://www.cbsnews.com/news/howard-dean-says-hed-be-shocked-if-democrats-nominate-two-white-guys-in-2020/
8,https://ballotpedia.org/Political_and_leadership_attributes_of_the_2016_presidential_candidates
9,http://motleymoose.net/2017/02/24/5232/it-takes-a-village-tgif-edition-2-24-17/
