,searched_url
0,https://www.politifact.com/florida/statements/2012/jun/22/corrine-brown/souls-polls-sunday-drew-more-african-american-and-/
1,https://www.politifact.com/personalities/corrine-brown/statements/byruling/true/
2,https://www.lwv.org/educating-voters/testimony-elisabeth-macnamara-lwvus-president-us-senate-committee-judiciary
3,https://www.lwv.org/fighting-voter-suppression/statement-elisabeth-macnamara-president-lwvus-forum-entitled-excluded
4,https://castor.house.gov/news/documentsingle.aspx?DocumentID=312861
5,https://www.judiciary.senate.gov/download/testimony-of-macnamara-pdf
6,https://chicagodefender.com/2012/10/02/churches-using-souls-to-polls-to-rally-vote/
7,https://thegrio.com/2012/10/04/african-american-churches-use-souls-to-polls-to-rally-vote/
8,https://www.oregonlive.com/politics/2012/10/souls_to_polls_strategy_used_b.html
9,https://www.brennancenter.org/page/-/Democracy/VRE/Brennan_Voting_Law_V10.pdf
