,searched_url
0,https://www.politifact.com/truth-o-meter/statements/2008/sep/17/barack-obama/former-adviser-supported-deregulation/
1,https://www.politifact.com/truth-o-meter/article/2008/oct/29/sorting-out-truth-economy/
2,https://www.politifact.com/subjects/economy/statements/byruling/half-true/?page=19
3,https://www.politifact.com/personalities/barack-obama/statements/by/?page=25
4,https://www.politifact.com/subjects/economy/statements/?page=79
5,http://drennans-et-al.blogspot.com/2012/05/how-to-manipulate-data-primer.html?m=1
