,searched_url
0,https://www.financialsamurai.com/ways-to-counteract-donald-trumps-middle-class-tax-hike/
1,https://www.cbpp.org/research/state-budget-and-tax/raising-state-income-tax-rates-at-the-top-a-sensible-way-to-fund-key
2,https://taxfoundation.org/70-tax-proposal/
3,https://en.wikipedia.org/wiki/Tax_Cuts_and_Jobs_Act_of_2017
4,https://en.wikipedia.org/wiki/History_of_taxation_in_the_United_States
5,https://www.vox.com/policy-and-politics/2019/1/7/18171803/ocasio-cortez-70-percent-marginal-tax-rate-scalise-norquist-spin
6,https://www.investopedia.com/taxes/trumps-tax-reform-plan-explained/
7,https://www.thirdway.org/report/ready-for-the-new-economy
8,https://www.sdtranscript.com/
9,https://usa.usembassy.de/etexts/oecon/chap3.htm
