,searched_url
0,https://www.politifact.com/florida/statements/2011/sep/02/blog-posting/us-reps-corrine-brown-alcee-hastings-and-frederica/
1,https://www.politifact.com/florida/statements/2012/apr/11/allen-west/allen-west-says-about-80-house-democrats-are-membe/
2,https://www.politifact.com/personalities/frederica-wilson/statements/about/
3,https://www.blackagendareport.com/content/black-caucus-members-shame-themselves-south-america-warns-us-not-sanction-venezuela
4,https://keywiki.org/Congressional_Black_Caucus
5,https://en.wikipedia.org/wiki/2012_United_States_House_of_Representatives_elections_in_Florida
6,https://www.washingtontimes.com/blog/inside-politics/2012/apr/4/black-caucus-members-offer-resolution-honor-trayvo/
7,http://sunshinestatenews.com/story/hillary-clinton-unveils-florida-leadership-team
8,https://en.wikipedia.org/wiki/United_States_congressional_delegations_from_Florida
9,https://www.thegreenpapers.com/G15/FL
