,searched_url
0,https://www.politifact.com/punditfact/statements/2013/dec/09/jorge-ramos/univisions-ramos-names-jose-camilo-and-maria-are-m/
1,https://www.politifact.com/personalities/jorge-ramos/
2,https://en.wikipedia.org/wiki/Spanish_naming_customs
3,https://en.wikipedia.org/wiki/Steve_Bannon
4,https://www.pgatour.com/players/player.27770.camilo-villegas.html
5,https://en.wikipedia.org/wiki/Rudyard_Kipling
6,https://www.momjunction.com/articles/mexican-baby-names-for-girls-and-boys_00401444/
7,https://en.wikipedia.org/wiki/Steve_Wozniak
8,https://www.behindthename.com/names/usage/portuguese
9,https://www.girlsnamesongs.com/girls-name-songs-list.htm
