,searched_url
0,https://www.politifact.com/truth-o-meter/statements/2014/apr/01/facebook-posts/meme-says-barack-obamas-acceptance-islamic-order-a/
1,https://www.facebook.com/politifact/posts/a-facebook-meme-says-president-obamas-acceptance-of-the-medal-of-a-saudi-order-i/608498719241058/
2,https://millercenter.org/president/obama/foreign-affairs
3,http://nymag.com/intelligencer/2016/10/8-years-in-obamas-america.html
4,https://obamawhitehouse.archives.gov/the-press-office/2016/02/03/remarks-president-islamic-society-baltimore
5,https://www.nytimes.com/2018/06/26/us/politics/supreme-court-trump-travel-ban.html
6,https://en.wikipedia.org/wiki/Barack_Obama
7,https://en.wikipedia.org/wiki/List_of_presidential_trips_made_by_Barack_Obama_(2016)
8,https://www.pewforum.org/2008/11/04/religion-and-politics-08-barack-obama/
9,https://en.wikiquote.org/wiki/Barack_Obama
