,searched_url
0,https://abortion.procon.org/
1,https://www.americanprogress.org/issues/women/reports/2010/10/18/8460/the-adoption-option/
2,https://www.guttmacher.org/report/abortion-worldwide-2017
3,http://www.ontheissues.org/celeb/Rudy_Giuliani_Abortion.htm
4,https://www.americanadoptions.com/pregnant/deciding_between_abortion_or_adoption
5,https://www.ncbi.nlm.nih.gov/pmc/articles/PMC6207970/
6,https://www.prb.org/internationaladoptionrateinusdoubledinthe1990s/
7,https://www.politifact.com/subjects/abortion/statements/byruling/barely-true/?page=3
8,https://www.thejournal.ie/factcheck-babies-abortion-3823611-Feb2018/
9,https://m.acog.org/Clinical-Guidance-and-Publications/Practice-Bulletins/Committee-on-Practice-Bulletins-Gynecology/Second-Trimester-Abortion
