,searched_url
0,https://www.politifact.com/georgia/statements/2012/jul/23/paul-broun/broun-claim-history-crime-gets-main-points-right/
1,https://en.wikipedia.org/wiki/Crimes_Act_of_1790
2,https://en.wikipedia.org/wiki/Crimes_Act_of_1790#Drafting
3,https://en.wikipedia.org/wiki/Crimes_Act_of_1790#Crimes_established
4,https://en.wikipedia.org/wiki/Crimes_Act_of_1790#Criminal_procedure
5,https://en.wikipedia.org/wiki/Crimes_Act_of_1790#Other_provisions
6,https://www.jstor.org/stable/743828
7,https://www.heritage.org/the-constitution/commentary/the-constitution-and-crime
8,https://www.loc.gov/law/help/statutes-at-large/80th-congress/session-2/c80s2ch645.pdf
9,https://www.everycrsreport.com/reports/R43023.html
