,searched_url
0,https://www.politifact.com/wisconsin/statements/2013/jul/26/dave-hansen/wisconsin-sen-dave-hansen-says-state-budget-forces/
1,https://www.politifact.com/personalities/dave-hansen/
2,https://www.politifact.com/truth-o-meter/statements//?page=380
3,https://abcnews.go.com/Health/obamacare-explained-idiot/story?id=21292932
4,https://www.nytimes.com/2019/03/26/health/obamacare-trump-health.html
5,https://www.nytimes.com/interactive/2019/04/10/upshot/medicare-for-all-bernie-sanders-cost-estimates.html
6,https://www.cnbc.com/2018/08/28/most-americans-now-support-medicare-for-all-and-free-college-tuition.html
7,https://www.vox.com/2018/12/13/18103087/medicare-for-all-explained-single-payer-health-care-sanders-jayapal
8,https://www.mrmoneymustache.com/2017/11/05/when-your-shitty-health-insurance-doubles-in-price/comment-page-3/
9,https://outofyourrut.com/what-to-do-if-you-absolutely-can-not-afford-health-insurance/
