,searched_url
0,https://www.politifact.com/georgia/statements/2010/aug/10/michael-tyler/marta-chairman-said-system-receives-no-significant/
1,https://www.ajc.com/news/opinion/well-managed-marta-has-made-with-little/XPn7Q73VpHIYNwOM5lhrpM/
2,https://usa.streetsblog.org/2017/02/23/in-atlanta-transit-service-lags-behind-a-booming-population/
3,https://www.atlantamagazine.com/great-reads/marta-tsplost-transportation/
4,"https://www.asce.org/magazine/20151117-in-atlanta,-a-new-plan-b-for-transit/"
5,https://saportareport.com/a-marta-story-why-the-state-never-allocated-money-from-day-one/
6,https://saportareport.com/atlanta-transit-boosters-need-to-unite-for-more-marta/
7,https://kinder.rice.edu/2017/02/08/new-study-examines-how-historic-racism-shaped-atlantas-transportation-network
8,https://www.itsmarta.com/uploadedFiles/MARTA_101/Why_MARTA/Public_Comments_Formatted_09.07.18_V3.pdf
9,https://en.wikipedia.org/wiki/Metropolitan_Atlanta_Rapid_Transit_Authority
