,searched_url
0,https://www.politifact.com/texas/statements/2010/jun/02/kathy-miller/miller-state-board-education-more-quadrupled-numbe/
1,https://www.politifact.com/personalities/kathy-miller/statements/byruling/half-true/
2,https://www.politifact.com/truth-o-meter/rulings/half-true/?page=135
3,https://www.texastribune.org/2016/07/14/texas-spending-prison-and-jails-higher-any-other-s/
4,https://www.washingtonpost.com/outlook/2018/09/21/once-again-texass-board-education-exposed-how-poorly-we-teach-history/
5,http://www.coalitionforpublicschools.org/media/
6,https://progressreport.co/arizona-texas-curriculum/
7,https://www.vpr.org/post/state-board-education-moves-ahead-decisions-act-46-forced-mergers
8,https://edsource.org/2019/another-push-to-expand-use-of-sat-in-california-amid-criticism-of-test/610556
9,https://www.statesman.com/news/20181006/texas-reneging-states-expansion-of-sex-offender-laws-challenged
