,searched_url
0,https://www.politifact.com/florida/statements/2010/dec/06/vern-buchanan/vern-buchanan-says-illegal-immigration-costs-flori/
1,https://www.politifact.com/personalities/vern-buchanan/
2,https://apps.dtic.mil/dtic/tr/fulltext/u2/a489989.pdf
3,https://www.whitehouse.gov/briefings-statements/remarks-president-trump-cabinet-meeting-12/
4,https://money.cnn.com/2014/11/20/news/economy/immigration-myths/index.html
5,http://research.newamericaneconomy.org/wp-content/uploads/2017/02/nae-fl-report.pdf
6,https://www.fairus.org/sites/default/files/2017-08/USCostStudy_2013upd.pdf
7,https://www.americanimmigrationcouncil.org/research/immigrants-florida
8,https://www.govinfo.gov/content/pkg/CHRG-109hhrg29329/html/CHRG-109hhrg29329.htm
9,https://www.vox.com/2019/3/1/18241692/undocumented-immigrants-pay-state-local-taxes
