,searched_url
0,https://www.politifact.com/personalities/rudy-giuliani/statements/byruling/half-true/
1,https://www.politifact.com/truth-o-meter/article/2007/sep/30/adoption-abortion-and-politics/
2,https://www.politifact.com/subjects/abortion/statements/byruling/half-true/?page=4
3,https://www.coursehero.com/file/p5eiogp/The-reason-why-Cubans-don-t-have-access-to-21st-century-telecommunications-like/
4,https://www.nytimes.com/2007/05/04/world/americas/04iht-04transcript.5562636.html
5,http://www.bpnews.net/25581
6,http://gothamist.com/2007/05/04/rudy_and_other.php
7,http://www.ontheissues.org/2012/Rudy_Giuliani_Abortion.htm
8,https://www.theatlantic.com/politics/archive/2014/12/why-is-the-abortion-rate-falling/383300/
9,http://www.nbcnews.com/id/18534499/ns/msnbc-the_ed_show/t/tucker-may/
