,searched_url
0,https://www.npr.org/2019/01/16/686056668/for-seventh-consecutive-year-visa-overstays-exceeded-illegal-border-crossings
1,https://www.npr.org/2019/01/10/683662691/where-does-illegal-immigration-mostly-occur-heres-what-the-data-tell-us
2,https://www.politifact.com/california/statements/2018/aug/24/kevin-mccarthy/mostly-true-visa-overstays-account-half-all-people/
3,https://cmsny.org/publications/jmhs-visa-overstays-border-wall/
4,https://www.cbsnews.com/news/trump-border-wall-only-stop-one-third-of-illegal-immigration-migrants-fact-check-claim-review/
5,https://www.apnews.com/48d0ad46f143478d9384410f5ae3d38b
6,https://www.countable.us/articles/19630-visa-overstays-far-exceed-illegal-border-crossings-immigration-enforcement-focus-visas-wall
7,https://www.pewhispanic.org/2018/11/27/u-s-unauthorized-immigrant-total-dips-to-lowest-level-in-a-decade/
8,https://www.businessinsider.com/trumps-border-wall-ignores-roughly-half-of-illegal-immigrants-entered-legally-2018-12
9,https://www.cnbc.com/2019/01/08/despite-trumps-claims-most-illegal-immigration-is-not-at-the-southern-border.html
