,searched_url
0,https://www.politifact.com/wisconsin/statements/2011/feb/02/scott-walker/gov-scott-walker-says-surveys-repeatedly-showed-bu/
1,https://www.politifact.com/personalities/scott-walker/statements/byruling/false/?page=2
2,https://www.wisjustice.org/index.cfm?pg=WAJinNews
3,https://www.dailycommerce.news/
4,https://www.uschamber.com/report/the-2017-lawsuit-climate-survey-ranking-the-states
5,http://www.wisciviljusticecouncil.org/2012/09/11/wisconsin%E2%80%99s-lawsuit-climate-ranking-increases-thanks-to-tort-reforms-enacted-in-2011-12/
6,https://www.inc.com/jeremy-quittner/mississippi-discrimination-law-does-ecomomic-damage-to-state.html
7,https://www.epi.org/publication/how-todays-unions-help-working-people-giving-workers-the-power-to-improve-their-jobs-and-unrig-the-economy/
8,https://www.mindtools.com/pages/article/albrecht-stress.htm
9,https://www.scmp.com/news/hong-kong/article/1710322/non-profit-agency-places-first-49-domestic-helpers-hong-kong
