,searched_url
0,https://www.wpr.org/after-years-hiring-report-shows-wisconsin-lost-manufacturing-jobs
1,https://www.biztimes.com/2018/biztracker/wisconsin-ranks-42nd-in-job-growth-over-last-12-months/
2,https://www.biztimes.com/2019/biztracker/employment-biztracker/wisconsin-lost-4500-private-sector-jobs-in-march/
3,https://madison.com/ct/news/local/preliminary-estimates-manufacturing-up-but-wisconsin-lost-private-sector-jobs/article_2787d629-794a-5ebd-88e6-8b080499d2fa.html
4,https://onewisconsinnow.org/scott-walker/jobs-economy/
5,https://www.epi.org/publication/as-wisconsins-and-minnesotas-lawmakers-took-divergent-paths-so-did-their-economies-since-2010-minnesotas-economy-has-performed-far-better-for-working-families-than-wisconsin/
6,https://progressive.org/dispatches/under-scott-walker-wisconsin-lost-manufacturing-plants-and-job-growth-181011/
7,https://www.bls.gov/eag/eag.wi.htm
8,https://www.nbcnews.com/video/wisconsin-lost-more-jobs-than-any-state-44468291536
9,https://www.nytimes.com/2019/04/04/us/politics/wisconsin-2020.html
