,searched_url
0,https://www.politifact.com/new-jersey/statements/2011/sep/18/hetty-rosenstein/union-leader-hetty-rosenstein-claims-average-pensi/
1,https://www.politifact.com/personalities/hetty-rosenstein/
2,https://www.unison.org.uk/get-help/knowledge/pensions/retirement/
3,https://www.nidirect.gov.uk/articles/working-past-state-pension-age
4,https://money.usnews.com/money/retirement/articles/a-guide-to-getting-a-pension
5,http://www.courier-journal.com/story/news/politics/2017/08/24/kentucky-pension-crisis-question-answers/549085001/
6,https://www.urban.org/policy-centers/cross-center-initiatives/state-and-local-finance-initiative/projects/state-and-local-backgrounders/state-and-local-government-pensions
7,https://www.scmp.com/news/hong-kong/politics/article/2115150/matter-time-hong-kong-import-carers-elderly-labour-minister
8,https://smartasset.com/taxes/alabama-tax-calculator
9,https://www.scmp.com/economy/china-economy/article/3005759/chinas-state-pension-fund-run-dry-2035-workforce-shrinks-due
