,searched_url
0,https://billypenn.com/2016/02/04/fetterman-im-the-only-candidate-backing-bernie-in-pa/
1,https://www.vpr.org/post/hes-2020-bernie-sanders-running-president-again
2,https://www.politifact.com/pennsylvania/statements/2016/feb/04/john-fetterman/fetterman-says-he-only-senate-candidate-backing-sa/
3,https://en.wikipedia.org/wiki/List_of_Bernie_Sanders_2016_presidential_campaign_endorsements
4,https://edition.cnn.com/2019/02/19/politics/bernie-sanders-2020-presidential/index.html
5,https://edition.cnn.com/2019/04/10/politics/bernie-sanders-taxes-millionaire/index.html
6,https://www.washingtonpost.com/news/powerpost/paloma/daily-202/2019/02/19/daily-202-the-biggest-challenges-facing-bernie-sanders-2-0/5c6afee71b326b71858c6bbd/
7,https://www.realclearpolitics.com/video/2018/08/15/bernie_sanders_trump_has_got_to_be_defeated_in_2020.html
8,https://www.gq.com/story/bernie-sanders-unfinished-business
9,https://www.bostonglobe.com/news/politics/2018/06/07/sandersson/TyJ5e6E7dXbvFwP9ocPU9L/story.html
