,searched_url
0,https://www.businessinsider.com/countries-that-recognize-birthright-citizenship-jus-soli-2018-10
1,https://www.theatlantic.com/international/archive/2018/10/birthright-citizenship-other-countries-trump/574453/
2,https://www.worldatlas.com/articles/countries-who-offer-birthright-citizenship.html
3,https://www.washingtonpost.com/world/2018/10/30/trump-says-no-other-country-has-birthright-citizenship-hes-wrong/
4,https://www.politifact.com/punditfact/statements/2015/aug/23/se-cupp/se-cupp-only-about-30-other-countries-offer-birthr/
5,https://www.truthorfiction.com/countries-birthright-citizenship/
6,https://qz.com/1444724/mapping-the-worlds-countries-that-grant-birthright-citizenship/
7,https://www.loc.gov/law/help/birthright-citizenship/global.php
8,https://en.wikipedia.org/wiki/Jus_soli
9,https://nomadcapitalist.com/2014/10/10/birth-tourism-countries-that-give-citizenship-by-birth/
