,searched_url
0,https://www.politifact.com/truth-o-meter/statements/2014/sep/26/facebook-posts/do-other-countries-have-higher-minimum-wage-united/
1,https://www.politifact.com/personalities/facebook-posts/statements/byruling/half-true/
2,http://www.politifactny.com/truth-o-meter/rulings/half-true/?page=52
3,http://politifact55.rssing.com/chan-8306860/all_p3.html
4,https://twitter.com/speakerryan/status/1022143933684449281?lang=en
5,http://valbacknejen.cf/jj-2612.php
6,https://www.ymcagreenville.org/sites/default/files/2018%20MS%20House%20Bills_0.pdf
7,http://www.boomantribune.com/story/2016/5/20/10356/3227
8,http://www.politifactny.com/truth-o-meter/article/2014/oct/01/top-5-most-popular-fact-checks-september-2014/
9,http://txng88.com/minimum-wage/
