,searched_url
0,https://www.politifact.com/florida/statements/2010/sep/15/ron-klein/klein-says-west-called-social-security-ponzi-schem/
1,https://www.politifact.com/personalities/ron-klein/
2,https://www.politifact.com/subjects/social-security/statements/?page=8
3,https://www.politifact.com/truth-o-meter/rulings/false/?page=130
4,https://www.abc.net.au/news/2016-02-29/verrender-housing-bubble-is-building/7206678
5,http://blogs.reuters.com/david-cay-johnston/2012/05/04/social-security-is-not-going-broke/
6,https://www.academia.edu/3801310/Reflections_on_America_Money_and_Soul_a_section_of_my_Rediscovering_America_book_ms._
7,https://www.ssa.gov/history/pdf/statements.pdf
8,https://www.brookings.edu/wp-content/uploads/2016/07/cqr20160603C.pdf
9,http://mediatrackers.org/wp-content/uploads/2012/07/DCCC2012AllenWestFLResearchBook.pdf
