,searched_url
0,https://www.workplacefairness.org/work-time
1,https://www.workplacefairness.org/deductions-from-pay
2,https://www.epi.org/publication/how-todays-unions-help-working-people-giving-workers-the-power-to-improve-their-jobs-and-unrig-the-economy/
3,http://www.ncsl.org/research/labor-and-employment/at-will-employment-overview.aspx
4,https://www.employmentlawhandbook.com/wage-and-hour-laws/state-wage-and-hour-laws/wisconsin/hours-worked/
5,https://www.wsj.com/articles/foxconn-considers-bringing-chinese-personnel-to-wisconsin-as-u-s-labor-market-tightens-1541505600
6,https://www.nlrb.gov/rights-we-protect/whats-law/employers/interfering-employee-rights-section-7-8a1
7,https://en.wikipedia.org/wiki/2011_Wisconsin_protests
8,https://www.entrepreneur.com/article/83774
9,https://dwd.wisconsin.gov/er/labor_standards/labor_standards_laws.htm
