,searched_url
0,https://www.politifact.com/tennessee/article/2012/jul/17/tennessee-lottery-revenues-reserve-funds-and-gresh/
1,https://www.memphisdailynews.com/news/2016/oct/27/tennessee-promise-draws-criticism-amid-rising-college-tuition/
2,https://cohen.house.gov/commercial-appeal-big-idea-will-tennessee-promise-hurt-hope-scholarships
3,https://nashvillepublicmedia.org/blog/2013/12/30/tennessee-lottery-is-10-years-old-and-bigger-than-ever/
4,http://driveto55.org/tennessee-rolls-out-scholarships-to-get-adults-back-in-school/
5,https://onestop.utk.edu/scholarships/hope/
6,http://www.southwest.tn.edu/scholarships/TELS/FAQs.htm
7,http://reclaimtheamericandream.org/success-debt/
8,https://www.politico.com/agenda/story/2019/01/16/tennessee-free-college-000867
9,https://www.bestvalueschools.com/rankings-by-state/tennessee/
