,searched_url
0,https://www.nytimes.com/2016/11/30/opinion/tom-price-a-radical-choice-for-health-secretary.html
1,https://www.nytimes.com/2018/04/09/magazine/donald-trump-rallies-campaigning-president.html
2,https://www.scmp.com/news/hong-kong/politics/article/1917070/hong-kong-governments-shelving-controversial-copyright-bill
3,https://en.wikiquote.org/wiki/Donald_Trump
4,https://www.tampabay.com/florida-politics/buzz/2018/08/01/heres-a-full-transcript-of-president-trumps-speech-from-his-tampa-rally/
5,https://airandspace.si.edu/about/history/udvar-hazy-center
6,https://airandspace.si.edu/visit/museum-dc
7,https://www.politico.com/playbook
8,https://en.wikipedia.org/wiki/Protests_against_Donald_Trump
9,https://www.cbsnews.com/live-news/trump-primetime-address-to-nation-speech-announcement-border-wall-fight-government-shutdown-today/
