,searched_url
0,https://www.oregonlive.com/politics/2010/10/politifact_oregon_dudley_says.html
1,https://www.oregonlive.com/education/2016/01/oregon_ranks_low_in_education.html
2,https://www.politifact.com/oregon/statements/2010/oct/07/chris-dudley/first-debate-john-kitzhaber-chris-dudley-says-oreg/
3,http://www.golocalpdx.com/news/oregon-is-ranked-43rd-in-the-u.s.-for-education
4,https://www.usnews.com/news/best-states/rankings/education
5,https://www.edweek.org/ew/collections/quality-counts-2018-state-grades/highlight-reports/2018/01/17/oregon.html
6,https://www.usatoday.com/story/money/economy/2018/02/08/geographic-disparity-states-best-and-worst-schools/1079181001/
7,https://www.publicnewsservice.org/2018-06-27/childrens-issues/report-education-critical-to-improve-well-being-for-ore-kids/a63068-1
8,http://www.oregon-rising.org/State-of-Schools
9,https://www.postandcourier.com/news/south-carolina-schools-slip-from-bad-to-worse-on-nation/article_52b3adfa-3d89-11e8-aa93-0703e4ceb292.html
