,searched_url
0,https://www.politifact.com/personalities/mike-huckabee/statements/by/?page=2
1,https://www.politifact.com/personalities/mike-huckabee/statements/byruling/half-true/
2,http://www.cnn.com/2008/POLITICS/01/30/GOPdebate.transcript/
3,http://www.ontheissues.org/Celeb/Mike_Huckabee_Budget_+_Economy.htm
4,https://reason.com/2018/12/05/trump-on-a-future-debt-crisis-yeah-but-i/
5,https://www.nytimes.com/1992/10/16/us/the-1992-campaign-transcript-of-2d-tv-debate-between-bush-clinton-and-perot.html
6,https://en.wikiquote.org/wiki/Barack_Obama
7,https://www.congress.gov/congressional-record/2018/4/12/house-section/article/H3162-1
8,http://www.washingtonpost.com/wp-srv/politics/debatereferee/debate_1013.html
9,https://baselinescenario.com/2012/11/28/social-security-and-the-national-debt/
