,searched_url
0,https://www.politifact.com/virginia/statements/2013/sep/19/terry-mcauliffe/mcauliffe-ad-says-cuccinelli-opposes-all-abortions/
1,https://vademocrats.org/news/cuccinellis-record-on-womens-health-makes-him-unfit-for-the-bench/
2,https://www.washingtonpost.com/local/virginia-politics/latest-mcauliffe-ad-in-campaign-for-virginia-governor-hits-cuccinelli-on-abortion/2013/09/17/cbaa301e-1fa5-11e3-b7d1-7153ad47b549_story.html
3,https://www.cancersurvivorsforpp.org/pressroom/extreme-politician-ken-cuccinelli-cannot-serve-virginias-highest-court
4,https://pilotonline.com/news/government/politics/local/pilot-on-politics/article_c63ecea7-1b9a-5a67-a29a-38f292b955f5.html
5,https://www.factcheck.org/2013/09/stretching-cuccinellis-record/
6,http://prospect.org/article/virginia-lovers-politics-usual
7,https://thehill.com/video/in-the-news/322649-mcauliffe-ad-hits-cuccinelli-on-abortion
8,http://richmond.com/news/mcauliffe-tv-ad-overstates-cuccinelli-s-objections-to-abortion/article_c4ca80ce-b9b8-5059-a2c7-908f6f8287a6.html?mode=jqm
9,http://www.msnbc.com/the-daily-rundown/lot-the-line-virginia-governor
