,searched_url
0,https://www.politifact.com/georgia/statements/2014/apr/29/david-perdue-files/common-core-claim-doesnt-make-grade/
1,http://www.freedomworks.org/content/ga-sen-david-perdue-defends-common-core-education-takeover
2,https://www.perdue.senate.gov/news/press-releases/senator-david-perdue-votes-to-end-washington-control-of-education-stop-common-core
3,https://www.ajc.com/blog/politics/jack-kingston-goes-after-david-perdue-with-common-core-mailer/qV6RTeceVNZa2tawnlhKEM/
4,https://en.wikipedia.org/wiki/David_Perdue
5,https://www.ajc.com/blog/politics/national-democrats-after-david-perdue-education/IGHbd2J8jL70naFwEnSPZJ/
6,https://www.motherjones.com/politics/2014/07/jack-kingston-david-perdue-georgia-senate/
7,https://www.mdjonline.com/news/senate-hopeful-perdue-weighs-in-on-hot-button-issues/article_5c8191e4-69c7-5572-b889-6e4875721193.html
8,https://historica.fandom.com/wiki/David_Perdue
9,http://www.msnbc.com/msnbc/georgia-senate-debate-michelle-nunn-david-perdue-outsourcing-obama
