,searched_url
0,https://www.politifact.com/wisconsin/statements/2013/may/05/joe-sanfelippo/sanfelippo-says-bill-puts-milwaukee-county-board-s/
1,https://www.politifact.com/personalities/milwaukee-county-board-supervisors/
2,https://www.politifact.com/personalities/joe-sanfelippo/
3,https://www.jsonline.com/story/news/local/wisconsin/2018/02/05/state-legislation-reignites-power-feud-between-chris-abele-and-milwaukee-county-board/300352002/
4,https://shepherdexpress.com/news/features/abele-chilly-reception/
5,https://county.milwaukee.gov/files/county/county-clerk/JOPs/JOP2008.pdf
6,http://www.gmtoday.com/content/m_magazine/2014/May/m_052014_48.asp
7,https://law.justia.com/constitution/us/amendment-14/04-due-process-of-law.html
8,https://www.jsonline.com/story/news/investigations/daniel-bice/2018/02/06/bice-milwaukee-county-executive-chris-abele-spending-big-money-target-county-supervisors-election/301846002/
9,https://urbanmilwaukee.com/2018/02/26/the-state-of-politics-bill-to-expand-abeles-power-dies/
