,searched_url
0,https://www.politifact.com/new-jersey/statements/2012/aug/22/john-wisniewski/paul-ryan-and-todd-akin-co-sponsored-bill-limiting/
1,https://www.businessinsider.com/todd-akin-paul-ryan-rape-bill-forcible-legitimate-mitt-romney-2012-8
2,https://www.huffpost.com/entry/paul-ryan-todd-akin-abortion_n_1821284
3,https://www.nj.com/news/2012/08/politifact_nj_paul_ryan_todd_a.html
4,https://www.boston.com/uncategorized/noprimarytagmatch/2012/08/20/mitt-romney-paul-ryan-seek-distance-from-legitimate-rape-remark-but-records-show-narrow-support-for-abortion
5,https://www.washingtonpost.com/opinions/the-repugnant-code-behind-todd-akins-words/2012/08/20/7e91ed12-eb08-11e1-a80b-9f898562d010_story.html
6,https://en.wikipedia.org/wiki/Rape_and_pregnancy_statement_controversies_in_the_2012_United_States_elections
7,https://en.wikipedia.org/wiki/Todd_Akin
8,https://www.nytimes.com/2012/08/22/us/politics/todd-akin-controversy-may-hurt-republican-chances.html
9,https://thinkprogress.org/how-todd-akin-and-paul-ryan-partnered-to-redefine-rape-1958f57aae89/
