,searched_url
0,http://www.idealmedicalcare.org/ugly-truth-caribbean-medical-schools/
1,https://www.nytimes.com/2010/02/15/education/15medschools.html
2,https://en.wikipedia.org/wiki/List_of_medical_schools_in_the_United_States
3,https://www.ncbi.nlm.nih.gov/pmc/articles/PMC4089815/
4,https://www.statnews.com/2017/02/17/caribbean-medical-schools/
5,https://news.aamc.org/press-releases/article/enrollment-05252017/
6,https://www.politifact.com/personalities/joseph-mcnamara/
7,https://www.cbsnews.com/news/1-million-mistake-becoming-a-doctor/
8,https://www.collegegrant.net/medical-school-grants/
9,https://www2.ed.gov/policy/highered/reg/hearulemaking/2018/transcriptwisconsinph.pdf
