,searched_url
0,https://www.politifact.com/texas/statements/2012/apr/20/ted-cruz/ted-cruz-says-david-dewhurst-hasnt-ever-cut-penny-/
1,https://www.politifact.com/texas/statements/2012/apr/20/david-dewhurst/david-dewhurst-says-state-general-revenue-spending/
2,https://www.politifact.com/personalities/david-dewhurst/statements/about/
3,https://www.texasmonthly.com/politics/cruz-fixates-on-dewhurst-in-senate-debate/
4,https://www.texastribune.org/2003/08/18/why-is-everyone-yelling/
5,https://www.texastribune.org/2011/02/07/pretty-good-forecasting/
6,https://www.texastribune.org/2012/12/17/gains-texas-budget-source-hot-debate/
7,https://www.dallasnews.com/news/local-politics/2012/05/19/dewhurst-recalls-battling-back-after-business-bust-left-him-eating-peanut-butter
8,https://www.dmagazine.com/frontburner/2012/12/texas-state-budget-tripled-from-1992-to-2010/
9,https://www.nytimes.com/2012/12/16/us/texas-groups-disagree-on-why-spending-cap-is-needed-in-texas.html
