,searched_url
0,https://www.politifact.com/rhode-island/statements/2012/apr/03/chain-email/e-mail-says-having-all-democrat-congressional-dele/
1,https://www.politifact.com/personalities/chain-email/statements/byruling/half-true/
2,https://www.politifact.com/subjects/stimulus/statements/byruling/half-true/
3,https://www.foxnews.com/opinion/where-did-stimulus-money-really-go
4,https://en.wikipedia.org/wiki/American_Recovery_and_Reinvestment_Act_of_2009
5,https://www.politico.com/story/2009/02/senate-passes-787-billion-stimulus-bill-018837
6,https://www.epi.org/publication/impact-of-infrastructure-investments/
7,https://townhall.com/columnists/monacharen/2012/05/15/spitzer_wants_to_focus_on_economy_really
8,http://johnrlott.blogspot.com/2012_04_01_archive.html
9,https://www.justfacts.com/taxes.asp
