,searched_url
0,https://www.politifact.com/truth-o-meter/statements/2011/jun/03/national-republican-congressional-committee/nrcc-robocall-debt-ceiling-spending-cuts/
1,https://www.politifact.com/personalities/national-republican-congressional-committee/statements/byruling/barely-true/
2,https://www.politifact.com/truth-o-meter/statements//?page=580
3,http://www.cnn.com/2011/POLITICS/05/31/debt.ceiling.vote/index.html
4,https://gosar.house.gov/issues/issue/?IssueID=15191
5,https://www.washingtonpost.com/blogs/the-fix/post/mixed-signals-everywhere-on-president-obamas-reelection-prospects/2011/06/02/AGZp1tHH_blog.html
6,http://www.punditfact.com/subjects/deficit/statements/byruling/barely-true/?page=2
7,https://www.cato.org/research/trade-immigration/congress
8,http://ark.cs.washington.edu/demo/politifact/article7348.html
9,https://www.congress.gov/congressional-record/2011/4/13/house-section/article/h2633-3?r=18
