,searched_url
0,https://www.politifact.com/punditfact/statements/2015/jul/08/harris-faulkner/fox-news-host-obama-ended-program-tracking-undocum/
1,https://www.politifact.com/personalities/harris-faulkner/statements/?list=speaker
2,https://www.politifact.com/personalities/harris-faulkner/
3,http://www.punditfact.com/personalities/harris-faulkner/statements/?list=speaker
4,https://www.ajc.com/news/state--regional-govt--politics/fact-checkers-look-braves-stadium-comedian-jim-carrey-obama/lZ5r3BIUWAJJms2HGMUPfO/
5,https://www.cato.org/publications/policy-analysis/extreme-vetting-immigrants-estimating-terrorism-vetting-failures
6,https://www.justfacts.com/immigration.asp
7,https://www.congress.gov/crec/2018/01/19/modified/CREC-2018-01-19-pt1-PgS316-3.htm
8,https://tcf.org/content/report/beyond-sanctuary/
9,https://www.migrationpolicy.org/article/immigration-united-states-new-economic-social-political-landscapes-legislative-reform
