,searched_url
0,https://www.politifact.com/florida/statements/2013/jul/16/kathleen-ford/kathleen-ford-says-private-prisons-use-third-grade/
1,https://readingpartners.org/blog/do-prisons-use-third-grade-reading-scores-to-predict-the-number-of-prison-beds-theyll-need/
2,https://www.ccf.ny.gov/files/9013/8262/2751/AECFReporReadingGrade3.pdf
3,https://www.santacruzsentinel.com/2019/01/31/50-million-words-bilingual-literacy-app-showing-signs-of-success-in-pajaro-valley/
4,https://projectsforprogress.com/blog/amazing-3rd-graders
5,https://www.epi.org/publication/mass-incarceration-and-childrens-outcomes/
6,https://hechingerreport.org/pipeline-prison-special-education-often-leads-jail-thousands-american-children/
7,http://dlslibrary.state.md.us/publications/Exec/GOCCP/SB755Ch286_2011.pdf
8,https://www.pdxmonthly.com/articles/2012/1/26/portland-education-experiment-february-2012
9,https://www.edu-cyberpg.com/Literacy/stats.html
