,searched_url
0,https://www.politifact.com/florida/statements/2015/nov/20/rick-scott/do-federal-officials-plan-send-425-syrian-refugees/
1,https://www.tandfonline.com/doi/full/10.1080/15562948.2018.1468048
2,http://fairus.org/issue/legal-immigration/what-your-governor-saying-about-syrian-refugees
3,http://www.europarl.europa.eu/cmsdata/109080/The_refugee_match.pdf
4,https://www.haaretz.com/world-news/25-u-s-governors-say-won-t-let-refugees-resettle-in-their-states-1.5423060
5,https://www.dailysignal.com/2015/11/16/in-wake-of-paris-terrorist-attacks-15-states-shut-their-doors-to-syrian-refugees/
6,https://www.worldvision.org/refugees-news-stories/syrian-refugee-crisis-facts
7,https://www.aph.gov.au/About_Parliament/Parliamentary_Departments/Parliamentary_Library/pubs/rp/rp1617/RefugeeResettlement
8,https://www.quora.com/How-do-you-really-feel-about-refugees-coming-to-your-country
9,https://www.voltairenet.org/article203142.html
