,searched_url
0,https://www.snopes.com/fact-check/richard-hayne/
1,https://www.politifact.com/florida/statements/2012/apr/04/facebook-posts/facebook-post-claims-urban-outfitters-ceo-backs-sa/
2,https://en.wikipedia.org/wiki/Richard_Hayne
3,https://www.pinknews.co.uk/2008/06/30/urban-outfitters-denies-chairman-has-homophobic-views/
4,https://www.upworthy.com/here-are-5-of-many-reasons-i-no-longer-shop-at-urban-outfitters-hopefully-youll-join-me
5,https://www.npr.org/sections/itsallpolitics/2012/07/15/156738023/urban-outfitters-and-the-politics-of-cool
6,https://foursquare.com/v/urban-outfitters/4b4a9863f964a520478b26e3
7,https://www.pinterest.com/pin/234116880599225723/
8,https://www.statepress.com/article/2012/06/consumer-consciousness-drives-thrift-store-regulars
9,https://www.tumblr.com/tagged/richard+hayne
