,searched_url
0,https://www.politifact.com/truth-o-meter/statements/2009/jan/26/eric-cantor/does-stimulus-package-really-include-300000-sculpt/
1,https://www.politifact.com/truth-o-meter/article/2009/jan/27/debate-about-stimulus-battle-over-turf/
2,https://www.politifact.com/truth-o-meter/article/2009/jan/26/fast-and-furious-facts-about-stimulus-bill/
3,https://www.nytimes.com/2009/02/14/us/14web-HULSE.html
4,https://upnight.com/2009/02/08/republicans-to-starving-artists-let-them-eat-cake/
5,https://www.survivalistboards.com/showthread.php?t=41358
6,https://billschermedia.com/?p=863
7,http://thejoshuablogs.blogspot.com/2009/01/?m=0
8,http://www.tuesdaysblog.com/2009/01/
9,http://transcripts.cnn.com/TRANSCRIPTS/0901/28/ltm.01.html
