,searched_url
0,https://www.washingtonpost.com/news/fact-checker/wp/2014/06/05/the-claim-that-hillary-clinton-laid-the-groundwork-for-the-syrian-chemical-weapons-deal/
1,https://www.politifact.com/truth-o-meter/statements/2014/jun/04/claire-mccaskill/claire-mccaskill-says-hillary-clinton-secretary-st/
2,https://www.politico.com/story/2016/09/obama-clinton-syria-red-line-228585
3,https://qz.com/952656/hours-before-trump-ordered-missile-strikes-on-syria-hillary-clinton-said-the-us-should-attack-assads-airfields/
4,http://time.com/4120295/hillary-clinton-foreign-policy-isis/
5,https://www.project-syndicate.org/commentary/us-true-role-in-syria-by-jeffrey-d-sachs-2016-08
6,https://www.pbs.org/newshour/nation/hillary-expected-to-make-first-statement-on-syrias-use-of-chemical-weapons
7,https://www.mondialisation.ca/fact-check-trump-is-right-that-clinton-might-trigger-world-war-iii/5553267
8,https://millercenter.org/president/obama/foreign-affairs
9,http://www.ontheissues.org/News_Syria.htm
