,searched_url
0,https://www.politifact.com/florida/statements/2010/aug/13/committee-protect-florida/taxin-kathryn-starkey-draws-fire-over-2004-local-s/
1,https://www.politifact.com/personalities/kathryn-starkey/statements/about/
2,https://www.politifact.com/personalities/kathryn-starkey/
3,https://www.politifact.com/personalities/committee-protect-florida/statements/byruling/false/
4,https://www.politifact.com/truth-o-meter/statements/?page=695
5,https://www.politifact.com/personalities/committee-protect-florida/statements/by/
6,https://www.wsj.com/articles/on-the-campaign-trail-donald-trump-leads-in-rallies-1475573406
7,http://taif.rssing.com/chan-2218729/all_p1.html
8,https://www.telegraph.co.uk/news/politics/liberaldemocrats/8773004/Liberal-Democrats-Party-Conference-2011-as-it-happened-September-18.html
9,https://www.post-gazette.com/news/politics-nation/2019/02/13/Unhappy-with-deal-Trump-still-doesn-t-expect-a-new-shutdown/stories/201902130095
