,searched_url
0,https://www.politifact.com/north-carolina/article/2016/apr/22/roundup-hb2-fact-checks-north-carolinas-controvers/
1,https://www.politifact.com/north-carolina/article/2016/sep/13/explaining-ncaas-logic-singling-out-north-carolina/
2,http://www.frsdev.com/gl4mc9s/p0thfwi.php?xxx=5&kcxjmfyvs=hr-392-bill-passed
3,https://en.wikipedia.org/wiki/Bathroom_bill
4,https://www.ncleg.net/EnactedLegislation/SessionLaws/HTML/2015-2016/SL2015-241.html
5,https://www.ncleg.net/EnactedLegislation/Statutes/HTML/ByChapter/Chapter_116.html
6,https://www.ncsba.org/category/legislative-alerts/
7,http://www.charlottemagazine.com/Charlotte-Magazine/April-2016/HB2-How-North-Carolina-Got-Here/
8,https://ballotpedia.org/North_Carolina_General_Assembly
9,https://www.sog.unc.edu/sites/www.sog.unc.edu/files/full_text_books/lgnc-pdf.pdf
