,searched_url
0,https://www.politifact.com/new-york/statements/2016/jul/01/michael-caputo/trump-was-outspent-his-closest-primary-opponents/
1,https://www.theatlantic.com/politics/archive/2019/04/2020-candidates-president-guide/582598/
2,https://www.vox.com/policy-and-politics/2019/4/20/18508880/karl-rove-bernie-sanders-could-beat-donald-trump-in-2020
3,http://theconversation.com/money-in-elections-doesnt-mean-what-you-think-it-does-104452
4,https://www.bostonglobe.com/magazine/2019/03/19/the-democrats-choice-problem-which-candidate-can-beat-trump/SpE6Kob2JCfH0Ua3GFR7vI/story.html
5,https://publicintegrity.org/federal-politics/donald-trump-president-campaign-money-fundraising/
6,https://en.wikipedia.org/wiki/Donald_Trump_2016_presidential_campaign
7,http://time.com/5460620/2020-presidential-candidates/
8,https://edition.cnn.com/politics/live-news/february-16-17-president-campaign-travels/index.html
9,https://fivethirtyeight.com/features/how-elizabeth-warren-could-win-the-2020-democratic-primary/
