,searched_url
0,https://www.politifact.com/florida/statements/2012/oct/11/barack-obama/obama-says-his-plan-made-some-adjustments-simpson-/
1,https://www.wsj.com/articles/SB10001424052702303661904576456042405686316
2,https://www.crfb.org/blogs/five-years-simpson-bowles-how-much-it-have-we-enacted
3,https://himes.house.gov/media-center/press-releases/let-record-show-himes-commitment-fiscal-responsibility-spans-both-terms
4,https://www.koamnewsnow.com/news/politics/national-politics/orourke-called-for-significant-spending-cuts-for-us-in-2012/1060778445
5,https://www.cfr.org/event/addressing-us-deficit-problem
6,https://www.brookings.edu/blog/up-front/2010/11/12/around-the-halls-reducing-the-budget-deficit/
7,https://www.investing.com/analysis/u.s.-budget-deficit-worse-than-you-might-think.-here's-why-138927
8,https://www.theatlantic.com/politics/archive/2011/11/what-happens-if-the-supercommittee-fails/248460/
9,https://www.jdkatz.com/blog/bowles-simpson-to-the-rescue-deficit-hawks-take-on-the-fiscal-cliff-again/
