,searched_url
0,https://www.politifact.com/wisconsin/statements/2012/dec/20/campaign-fix-debt/campaign-fix-debt-says-failure-fiscal-talks-could-/
1,https://www.politifact.com/personalities/campaign-fix-debt/
2,https://www.politifact.com/personalities/campaign-fix-debt/statements/?list=speaker
3,https://patch.com/new-hampshire/nashua/bp--fix-the-debt-nh
4,https://schrader.house.gov/reducing-federal-deficit/avertfiscalcliff.htm
5,https://en.wikipedia.org/wiki/United_States_fiscal_cliff
6,http://fortune.com/2018/03/15/us-national-debt-trump-tax-cuts/
7,https://www.crfb.org/blogs/economics-fiscal-cliff
8,https://marquette.org/looming-fiscal-cliff-threatens-to-push-michigan-into-recession/
9,https://www.nola.com/politics/2017/06/louisiana_tax_reform_dead.html
