,searched_url
0,https://www.youtube.com/watch?v=ojFfyQFIINc
1,https://www.politifact.com/truth-o-meter/statements/2015/nov/16/bernie-s/fact-checking-bernie-sanders-comments-climate-chan/
2,https://www.realclearpolitics.com/video/2015/11/15/bernie_sanders_climate_change_is_directly_related_to_the_growth_of_terrorism.html
3,https://www.ecowatch.com/bernie-sanders-climate-change-is-directly-related-to-the-growth-of-ter-1882119383.html
4,https://www.vox.com/2015/11/15/9738342/climate-change-conflict-terrorism
5,https://www.factcheck.org/2015/11/sanders-on-climate-link-to-terrorism/
6,https://memeexplorer.com/internet-memes/bernie-sanders/climate-change-is-directly-related-to-the-growth-of-terrorism/1157
7,https://www.politico.com/blogs/live-from-des-moines/2015/11/bernie-sanders-climate-change-terrorism-215874
8,https://www.washingtonpost.com/news/post-politics/wp/2015/11/15/bernie-sanders-explains-connection-between-climate-change-and-paris-attacks/
9,https://www.forbes.com/sites/bjornlomborg/2015/12/10/is-climate-change-to-blame-for-isis/
