,searched_url
0,https://www.politifact.com/virginia/statements/2013/oct/14/bob-mcdonnell/mcdonnell-says-us-senate-hasnt-passed-budget-4-12-/
1,https://en.wikipedia.org/wiki/2019_United_States_federal_budget
2,http://www.nytimes.com/topic/subject/us-federal-budget
3,https://www.bbc.com/news/world-us-canada-42757091
4,https://www.pewresearch.org/fact-tank/2018/01/16/congress-has-long-struggled-to-pass-spending-bills-on-time/
5,https://www.vox.com/policy-and-politics/2017/10/26/16526458/2018-senate-budget-explained
6,https://www.cbpp.org/research/policy-basics-introduction-to-the-federal-budget-process
7,https://www.c-span.org/video/?456094-1/senate-passes-short-term-spending-bill-house-vote-expected-today
8,https://www.aph.gov.au/About_Parliament/House_of_Representatives/Powers_practice_and_procedure/00_-_Infosheets/Infosheet_10_-_Budget_and_financial_legislation
9,https://govtrackinsider.com/with-kavanaugh-vote-the-senate-reaches-a-historic-low-in-democratic-metric-dfb0f5fa7fa
