,searched_url
0,http://www.bbc.com/ethics/abortion/legal/when_1.shtml
1,https://en.wikiversity.org/wiki/Should_abortion_be_legal%3F
2,https://www.debate.org/opinions/should-abortion-be-allowed
3,https://www.amnesty.org/en/what-we-do/sexual-and-reproductive-rights/abortion-facts/
4,https://www.bartleby.com/essay/Abortion-Should-NOT-Be-Legal-F3HPVQYTC
5,https://www.ncbi.nlm.nih.gov/pmc/articles/PMC5473035/
6,https://www.ncbi.nlm.nih.gov/pubmed/15163078
7,https://www.government.nl/topics/abortion/question-and-answer/what-is-the-time-limit-for-having-an-abortion
8,https://www.usatoday.com/story/news/nation/2012/10/19/abortion-mother-life-walsh/1644839/
9,https://en.wikipedia.org/wiki/Abortion_debate
