,searched_url
0,https://www.politifact.com/truth-o-meter/statements/2011/jun/20/turn-right-usa/video-accuses-janice-hahn-hiring-gang-members-taxp/
1,https://www.politifact.com/personalities/janice-hahn/statements/about/
2,https://www.factcheck.org/2011/06/sleazy-false-and-racist-hit-in-la/
3,https://spectator.org/attack-ad-goes-gangsta-in-california/
4,https://slate.com/human-interest/2011/06/rappers-from-janice-hahn-attack-ad-we-sell-sex.html
5,https://www.westword.com/news/janice-hahn-racist-clip-attacking-ca-candidate-features-greeley-gangsta-christian-hanson-5848067
6,https://thecaucus.blogs.nytimes.com/2011/06/15/video-targeting-california-democrat-is-criticized/
7,https://ngcrc.com/gangprograms.html
8,https://www.hsdl.org/?view&did=35880
9,https://www.laadda.com/category/2016/
