,searched_url
0,https://www.thebalance.com/us-debt-by-president-by-dollar-and-percent-3306296
1,https://www.politifact.com/truth-o-meter/statements/2013/oct/22/tom-colicchio/celebrated-chef-tom-colicchio-tweets-relatively-li/
2,https://www.politifact.com/subjects/debt/statements/byruling/false/
3,https://www.washingtonpost.com/news/fact-checker/wp/2014/12/08/does-obama-have-the-worst-record-on-any-president-on-the-national-debt/
4,https://www.marketwatch.com/story/heres-how-the-us-got-to-20-trillion-in-debt-2017-03-30
5,https://www.cnbc.com/2019/02/13/that-22-trillion-national-debt-number-is-huge-but-heres-what-it-really-means.html
6,https://en.wikipedia.org/wiki/History_of_the_United_States_public_debt
7,https://en.wikipedia.org/wiki/Presidency_of_Barack_Obama
8,https://www.usnews.com/news/blogs/data-mine/2015/10/28/which-presidents-have-been-best-for-the-economy
9,https://millercenter.org/president/barack-obama/key-events
