,searched_url
0,https://www.politifact.com/truth-o-meter/statements/2015/nov/02/rand-paul/rand-paul-says-debt-limit-deal-allows-president-ob/
1,http://www.crfb.org/blogs/budget-deal-allows-obama-borrow-unlimited-amounts
2,https://www.nytimes.com/2017/09/07/us/politics/debt-ceiling-explanation.html
3,https://www.thenewamerican.com/usnews/politics/item/21877-obama-signs-budget-bill-with-unlimited-debt-limit
4,https://www.thenewamerican.com/economy/economics/item/21890-after-obama-signed-debt-limit-bill-debt-rose-339b-on-same-day
5,https://www.vox.com/policy-and-politics/2019/2/21/18233169/debt-ceiling-explained
6,https://www.npr.org/2011/08/02/138916516/senate-takes-up-debt-limit-bill-passage-likely
7,https://seekingalpha.com/article/4204900-drowning-debt-road-30-trillion
8,http://fortune.com/2013/09/30/3-ways-to-abolish-the-debt-ceiling/
9,https://www.cbsnews.com/news/under-donald-trump-national-debt-tops-21-trillion-for-first-time-ever/
