,searched_url
0,https://www.youtube.com/watch?v=FCmVQTKj8AM
1,https://www.fastcompany.com/2679366/you-cannot-put-a-gun-rack-in-a-chevy-volt
2,https://www.autoblog.com/2012/02/21/newt-gingrich-you-cannot-put-a-gun-rack-in-a-chevy-volt/
3,https://www.autoblog.com/2012/02/22/newt-gingrich-you-cannot-put-a-gun-rack-in-a-chevy-volt/
4,https://inhabitat.com/newt-gingrich-says-you-cant-put-a-gun-rack-on-a-chevy-volt/
5,https://jalopnik.com/you-actually-can-put-a-gun-rack-in-a-chevy-volt-newt-g-5887120
6,https://www.cbsnews.com/news/yes-you-can-put-a-gun-rack-in-a-volt/
7,https://climatecrocks.com/2012/03/12/gun-rack-on-chevy-volt-yes-we-can/
8,https://www.politifact.com/georgia/statements/2012/feb/24/newt-gingrich/gingrichs-gun-rack-quip-about-volt-shot-full-holes/
9,https://www.cars.com/articles/2012/02/gm-says-you-can-put-a-gun-rack-on-a-chevy-volt/
