,searched_url
0,https://www.politifact.com/punditfact/statements/2015/apr/23/bill-maher/bill-maher-says-more-americans-have-been-moon-farm/
1,http://blog.estateplanningaustintexas.com/2015/05/farmers-paying-the-estate-tax-americans-on-the-moon-from-austin-tx-estate-and-probate-attorneys.html
2,https://www.azquotes.com/quote/1123129
3,http://politifactny.com/personalities/bill-maher/statements/?list=speaker
4,http://blog.fm-estateplanning.com/estate-tax-returns/
5,https://www.desmoinesregister.com/story/news/politics/reality-check/presidential/2016/08/31/hillary-clinton-family-farms-donald-trump-fact-check/89648624/
6,http://blogs.discovermagazine.com/d-brief/2014/07/18/10-surprising-secrets-from-apollo-11s-historic-moon-landing/
7,https://americansfortaxfairness.org/tax-fairness-briefing-booklet/fact-sheet-the-estate-inheritance-tax/
8,https://www.cbpp.org/research/the-state-of-the-estate-tax-as-of-2006
9,https://www.orlandosentinel.com/
