,searched_url
0,https://www.politifact.com/oregon/statements/2011/apr/09/michael-denbrow/tuition-equity-supporters-say-undocumented-student/
1,https://sou.edu/admissions/apply/undocumented/
2,http://willamette.edu/offices/oma/daca/index.html
3,https://www.oregonlive.com/education/2011/03/oregon_senate_passes_bill_to_l.html
4,https://thebestschools.org/magazine/undocumented-student-attending-college/
5,https://scholarworks.iu.edu/journals/index.php/jiuspa/article/download/23697/29414
6,https://www.affordablecollegesonline.org/college-resource-center/undocumented-college-student-resources/
7,https://www.wsac.wa.gov/student-residency
8,https://scholarship.law.edu/cgi/viewcontent.cgi?article=1191&context=lawreview
9,https://www.cccie.org/outreach/resources-for-colleges-serving-undocumented-students/
