,searched_url
0,https://www.politifact.com/oregon/statements/2010/sep/24/jim-huffman/jim-huffman-attacks-ron-wyden-spending-2-million-s/
1,https://www.politifact.com/personalities/ron-wyden/statements/about/
2,https://www.politifact.com/personalities/jim-huffman/statements/byruling/false/
3,https://www.newscientist.com/article/mg20827832-700-what-the-us-midterm-elections-mean-for-science/
4,http://www.punditfact.com/subjects/science/statements/?page=5
5,http://www.punditfact.com/truth-o-meter/article/2010/oct/19/cookie-cutter-ads-coast-coast/
6,https://www.c-span.org/video/?11842-1/wall-inside-story-part-4
7,http://www.casewatch.net/hearings/102-78.pdf
8,https://www.hsdl.org/?view&did=471041
9,https://www.congress.gov/crec/2003/10/30/CREC-2003-10-30-bk2.pdf
