,searched_url
0,https://www.forbes.com/sites/eriksherman/2018/05/05/sure-unemployment-went-down-because-the-number-of-people-working-did/
1,https://www.npr.org/2018/10/05/654417887/u-s-unemployment-rate-drops-to-3-7-percent-lowest-in-nearly-50-years
2,https://www.washingtonpost.com/news/politics/wp/2018/02/23/red-states-have-averaged-twice-as-big-an-unemployment-drop-under-trump-as-blue-states/
3,https://www.cnbc.com/2018/10/08/the-last-time-unemployment-was-this-low-something-bad-happened.html
4,https://www.investopedia.com/financial-edge/0811/the-cost-of-unemployment-to-the-economy.aspx
5,https://www.thebalance.com/natural-rate-of-unemployment-definition-and-trends-3305950
6,https://www.businessinsider.com/here-are-the-states-with-the-highest-and-lowest-unemployment-rates-2014-1
7,https://tradingeconomics.com/united-states/unemployment-rate
8,https://www.sfchronicle.com/business/networth/article/California-s-unemployment-rate-drops-to-record-13320933.php
9,https://historyinpieces.com/research/us-unemployment-rates-president
