,searched_url
0,https://www.cleveland.com/metro/2018/05/study_shows_ohio_women_make_77.html
1,https://www.daytondailynews.com/business/gender-wage-gap-ohio-have-better/0V5c4GsTkAkrLiKtVPxw0O/
2,https://www.daytondailynews.com/news/state--regional/equal-pay-day-ohio-gender-pay-gap-one-the-worst-the-nation/3T7yGCkBgDlD64Cmcl86oK/
3,http://www.nationalpartnership.org/our-work/resources/workplace/fair-pay/americas-women-and-the-wage-gap.pdf
4,https://www.clevescene.com/scene-and-heard/archives/2019/04/02/not-a-blame-game-women-demand-equal-pay-and-equity
5,https://www.politifact.com/ohio/statements/2013/apr/24/marcia-fudge/rep-marcia-fudge-cites-wage-gap-between-ohio-women/
6,https://www.politifact.com/truth-o-meter/statements/2012/sep/05/diana-degette/diana-degette-says-women-earn-77-cents-every-dolla/
7,https://www.pewresearch.org/fact-tank/2019/03/22/gender-pay-gap-facts/
8,https://phys.org/news/2019-01-women-lot-men.html
9,https://www.aauw.org/2014/09/18/gender-pay-gap/
