,searched_url
0,https://www.politifact.com/truth-o-meter/statements/2011/dec/02/rick-santorum/Rick-Santorum-says-he-called-for-resignation/
1,https://www.politifact.com/truth-o-meter/staff/john-gregg/
2,https://www.politifact.com/personalities/rick-santorum/statements/byruling/true/
3,https://www.c-span.org/video/?63746-1/senator-hatfield-vote-controversy
4,https://www.foxnews.com/politics/the-hitchhikers-guide-to-a-balanced-budget-amendment
5,https://en.wikipedia.org/wiki/Pat_Toomey
6,https://en.wikipedia.org/wiki/Paul_Ryan
7,https://www.reuters.com/article/us-usa-campaign-pennsylvania/little-home-comfort-for-santorum-in-pennsylvania-idUSBRE82O0DD20120325
8,https://www.politico.com/story/2017/09/21/obamacare-repeal-graham-cassidy-santorum-242953
9,https://millercenter.org/the-presidency/presidential-oral-histories/alan-simpson-oral-history-senator-wyoming
