,searched_url
0,https://www.usnews.com/education/best-high-schools/florida
1,https://www.politifact.com/florida/statements/2014/mar/04/rick-scott/four-nations-top-10-high-schools-are-florida-rick-/
2,https://www.usnews.com/education/best-high-schools/articles/slideshows/us-news-best-high-schools
3,https://www.niche.com/k12/search/best-public-high-schools/s/florida/
4,https://www.niche.com/k12/search/best-school-districts/s/florida/
5,https://www.niche.com/k12/search/best-public-elementary-schools/
6,https://thebestschools.org/rankings/best-public-high-schools-us/
7,https://bestdelegate.com/the-top-150-high-school-model-united-nations-teams-in-north-america-from-the-2017-2018-school-year/
8,https://www.fsu.edu/highlights/rankings.html
9,https://ballotpedia.org/Public_education_in_Florida
