,searched_url
0,https://www.politifact.com/georgia/statements/2014/jul/29/nathan-deal/deal-wrong-axelrod-not-working-carter/
1,http://nymag.com/intelligencer/2019/04/pete-buttigieg-2020-presidential-campaign.html
2,https://www.thewrap.com/david-axelrod-knocks-msnbc-for-liberal-agenda-after-jumping-to-cnn/
3,https://www.ajc.com/news/state--regional-govt--politics/politifact-the-georgia-governor-race-roundup/OXYZSYVKVAOxuoDQ0ZTJUM/
4,https://www.theguardian.com/theobserver/2012/aug/05/observer-profile-david-axelrod
5,https://www.newyorker.com/magazine/2009/03/02/the-gatekeeper
6,https://newrepublic.com/article/64612/swift-return
7,https://radiopublic.com/the-axe-files-with-david-axelrod-GMPbEQ/ep/s1!c13b4
8,http://www.dividist.com/2009/08/audacity-of-axelrod.html
9,https://toppodcast.com/podcast_feeds/the-axe-files-with-david-axelrod-cnn/
