,searched_url
0,https://home.treasury.gov/system/files/266/FY2020CJ_1.pdf
1,https://www.lankford.senate.gov/download/federal-fumbles-volume-4
2,https://www.whitehouse.gov/wp-content/uploads/2018/02/budget-fy2019.pdf
3,https://www.justfacts.com/socialsecurity.asp
4,https://www.cbo.gov/system/files/115th-congress-2017-2018/reports/53003-federalretirement_1.pdf
5,https://www.budget.gov.au/2019-20/content/tax.htm
6,https://rsc-johnson.house.gov/sites/republicanstudycommittee.house.gov/files/Initiatives/SecuringAmericasFutureEconomyRSCFY2018Budget.pdf
7,https://www.budget.gov.hk/2018/eng/pdf/e_budget_speech_2018-19.pdf
8,https://object.cato.org/sites/cato.org/files/pubs/pdf/downsizing-the-federal-government.pdf
9,https://www.cbpp.org/research/state-budget-cuts-in-the-new-fiscal-year-are-unnecessarily-harmful
