,searched_url
0,https://www.politifact.com/truth-o-meter/statements/2009/sep/08/glenn-beck/glenn-beck-says-van-jones-avowed-communist/
1,https://www.thenewamerican.com/usnews/politics/item/26368-cnn-commentator-and-avowed-communist-van-jones-the-russia-thing-is-just-a-big-nothingburger
2,https://www.conservapedia.com/Van_Jones
3,https://www.conservapedia.com/Van_Jones#Self_described_communist
4,https://www.conservapedia.com/Van_Jones#Standing_Together_to_Organize_a_Revolutionary_Movement
5,https://www.conservapedia.com/Van_Jones#Role_in_the_Rodney_King_riots
6,https://www.realclearpolitics.com/articles/2009/09/13/how_could_obama_have_hired_van_jones_98293.html
7,https://www.foxnews.com/story/van-jones-in-his-own-words
8,https://www.youtube.com/watch?v=otM3pWOBWWk
9,https://en.wikipedia.org/wiki/Van_Jones
