,searched_url
0,https://www.politifact.com/texas/statements/2011/aug/19/arne-duncan/arne-duncan-says-class-sizes-texas-have-grown-mass/
1,https://www.huffpost.com/entry/texas-class-size-teachers-blame-rick-perry_n_934202
2,https://www.washingtonpost.com/blogs/answer-sheet/post/arne-duncan-blasts-rick-perry-and-texas-schools/2011/08/18/gIQAw3qOOJ_blog.html
3,https://www.politifact.com/personalities/arne-duncan/
4,http://blogs.edweek.org/edweek/campaign-k-12/2011/08/fact_check_has_education_gotte.html
5,https://www.reuters.com/article/us-budget-texas/texas-lawmakers-approve-bill-that-cuts-school-funding-idUSTRE75S0P120110629
6,https://newrepublic.com/article/96455/rick-perry-texas-drought-unemployment
7,https://www.forbes.com/sites/johntharvey/2011/07/20/how-texas-betrayed-its-schools/
8,https://www.theguardian.com/world/2011/sep/04/rick-perry-economic-mirage
9,https://en.wikipedia.org/wiki/Rick_Perry
