,searched_url
0,https://www.politifact.com/truth-o-meter/statements/2015/jul/07/facebook-posts/meme-says-hillary-clintons-top-donors-are-banks-an/
1,https://theintercept.com/2016/02/01/top-hillary-clinton-pac-donation-amounts-to-222000-bernie-sanders-donations/
2,https://qz.com/1536793/your-guide-to-the-2020-democratic-presidential-candidates/
3,https://www.opensecrets.org/pres16/contributors?id=N00000528
4,https://en.wikipedia.org/wiki/Hillary_Clinton_2016_presidential_campaign
5,http://www.msnbc.com/msnbc/bernie-sanders-regular-luxurious-dscc-fundraising-retreats
6,https://publicintegrity.org/federal-politics/how-citizens-united-is-helping-hillary-clinton-win-the-white-house/
7,http://nymag.com/intelligencer/2016/02/did-wall-street-buy-this-vote-from-clinton.html
8,https://www.vox.com/policy-and-politics/2016/10/20/13308108/wikileaks-podesta-hillary-clinton
9,https://www.politico.com/story/2019/01/28/wall-street-2020-economy-taxes-1118065
