,searched_url
0,https://www.ajc.com/news/local-govt--politics/atlanta-breaks-ground-city-biggest-park-bellwood-quarry/GgR7HQxDtbnPl1IpREkuYI/
1,https://www.wabe.org/keep-growing-atlanta-watch-water/
2,https://www.hgor.com/news/2018/9/18/a-crown-jewel-for-redevelopment
3,https://www.enr.com/articles/44133-cities-dig-water-tunnels-to-meet-long-term-demands
4,https://www.forbes.com/sites/petesaunders1/2016/09/21/atlanta-goes-big/
5,https://en.wikipedia.org/wiki/Lake_Lanier
6,https://en.wikipedia.org/wiki/Atlanta
7,https://www.nytimes.com/interactive/2016/03/24/nyregion/how-nyc-gets-its-water-new-york-101.html
8,https://news.nationalgeographic.com/2018/03/world-water-day-water-crisis-explained/
9,https://la.curbed.com/2017/4/5/15144364/reflling-silver-lake-reservoir-mistake-park
