,searched_url
0,https://www.politifact.com/wisconsin/statements/2011/oct/28/blog-posting/bloggers-say-gov-scott-walker-taking-pay-raise-whi/
1,https://www.wpr.org/walker-discusses-tuition-cut-possible-judge-pay-raises-during-stops-throughout-state
2,http://fox11online.com/news/state-budget/watch-live-gov-tony-evers-delivers-2019-21-state-budget-proposal
3,https://www.wearegreenbay.com/news/local-news/gov-evers-highlights-variety-of-issues-in-state-budget-proposal-speech/1818942695
4,https://en.wikipedia.org/wiki/2011_Wisconsin_protests
5,https://en.wikipedia.org/wiki/Scott_Walker_(politician)
6,https://www.jsonline.com/story/news/politics/elections/2018/08/30/new-ad-hits-tony-evers-over-giving-pay-increases-state-employees/1138521002/
7,https://wispolicyforum.org/wp-content/uploads/2019/03/BudgetBrief_State_2019-21.pdf
8,http://legis.wisconsin.gov/assembly/71/Shankland/newsroom/news/gov-scott-walkers-budget-includes-tax-cuts-halt-to-east-west-i-94-plan/
9,https://madison.com/wsj/news/local/govt-and-politics/scott-walker-s-administration-suspends-merit-raises-retention-pay-hikes/article_8c3d7e73-6deb-592e-878c-6eec81636d71.html
