,searched_url
0,https://www.politifact.com/texas/statements/2014/dec/05/bryant-gumbel/bryant-gumbel-says-golf-closes-america-every-48-ho/
1,https://www.pga.com/golf-courses/golf-buzz/more-courses-will-close-open-over-next-few-years
2,https://www.sandiegoreader.com/news/2016/nov/02/will-soccer-save-golf/
3,http://sportsmedianews.com/state-of-golf-in-the-u-s-on-the-next-real-sports/
4,https://www.bloomberg.com/news/features/2016-08-15/america-s-golf-courses-are-burning
5,https://www.newindianlakes.com/course-closure/
6,https://en.yelp.com.hk/biz/bear-mountain-golf-course-big-bear-lake-3
7,https://www.golfadvisor.com/articles/back-to-their-roots-american-golf-courses-being-bulldozed-into-farms
8,https://www.businessinsider.com/inside-two-abandoned-golf-courses-2017-2
9,https://www.golf.com/courses-and-travel/2017/12/20/wynn-golf-club-closes-death-lavish-golf-course
