,searched_url
0,https://www.brainyquote.com/quotes/marcia_fudge_768499
1,https://www.politifact.com/ohio/statements/2012/jan/12/marcia-fudge/marcia-fudge-says-25-mortgage-borrowers-are-under-/
2,https://www.cleveland.com/open/2012/01/marcia_fudge_says_25_of_mortga.html
3,https://www.reuters.com/article/us-text-bernankes/bernankes-speech-to-home-builders-idUSTRE8191HC20120210
4,https://marcia-fudge-quotes.enquoted.com/more-than-a-quarter-of-mortgage-borrowers-are-underwater-and-11-quote.html
5,https://fudge.house.gov/speeches1/congresswoman-fudge-demolishing-vacant-homes-will-revive-our-communities1/
6,https://www.newyorkfed.org/medialibrary/media/research/current_issues/ci19-5.html
7,https://www.cbsnews.com/news/americas-foreclosure-crisis-isnt-over/
8,https://www.federalreserve.gov/newsevents/speech/yellen20110609a.htm
9,https://www.federalreserve.gov/newsevents/speech/duke20121005a.htm
