,searched_url
0,https://news.gallup.com/poll/243908/two-three-americans-support-legalizing-marijuana.aspx
1,http://theconversation.com/why-do-so-many-americans-now-support-legalizing-marijuana-110593
2,https://www.pewresearch.org/fact-tank/2018/10/08/americans-support-marijuana-legalization/
3,http://time.com/4538057/americans-support-legal-pot-weed-marijuana/
4,https://www.cbsnews.com/news/support-for-marijuana-legalization-hits-new-high-cbs-news-poll-finds/
5,https://www.nbcnews.com/politics/first-read/nbc-wsj-poll-60-percent-americans-now-support-marijuana-legalization-n840381
6,https://moneymaven.io/mishtalk/economics/support-for-legalizing-pot-hits-record-high-66-what-will-trump-do-a24R0eguwk2zy0GDYx1jDg/
7,https://www.huffpost.com/entry/record-high-number-of-americans-support-legalizing-marijuana_n_5bce01d9e4b055bc94835cd6
8,https://www.cnbc.com/2018/01/19/legalize-pot-say-majority-of-americans-in-nbcwsj-poll.html
9,https://news.medicalmarijuanainc.com/new-poll-marijuana-legalization-supported-majority-american-voters/
