,searched_url
0,https://www.politifact.com/florida/statements/2013/jun/20/florida-democratic-party/florida-democrats-link-states-no-1-corruption-rank/
1,https://publicintegrity.org/accountability/florida-gets-d-grade-in-2015-state-integrity-investigation/
2,https://unfspinnaker.com/72935/opinions/opinion-rick-scotts-long-list-of-corruption/
3,https://www.tallahassee.com/story/news/politics/2016/03/25/scott-signs-corruption-bill/82265170/
4,https://www.c-span.org/video/?453499-1/florida-gubernatorial-debate
5,https://www.washingtontimes.com/news/2018/nov/11/whats-the-matter-with-florida-county-supervisors-o/
6,https://www.floridaphoenix.com/2018/08/03/yes-this-really-is-rick-scott-adam-putnam-and-pam-bondis-fault/
7,https://www.wsj.com/livecoverage/campaign-wire-2018-midterms/card/1537810213
8,https://www.usatoday.com/story/news/nation-now/2017/08/14/fbi-went-undercover-floridas-capital-and-fallout-could-huge/566090001/
9,https://en.wikipedia.org/wiki/Government_of_Florida
