,searched_url
0,https://www.theguardian.com/us-news/2015/sep/24/senate-bill-defund-planned-parenthood-government-shutdown
1,https://www.politico.com/story/2015/09/planned-parenthood-shutdown-government-funding-213232
2,https://www.nytimes.com/2015/08/04/us/politics/planned-parenthood-leader-defends-group-as-senate-blocks-bill-to-end-Its-funding.html
3,https://www.politifact.com/truth-o-meter/statements/2015/sep/29/tom-cole/there-planned-parenthood-funding-bill-stops-govern/
4,https://www.vox.com/policy-and-politics/2018/3/12/17100660/congress-government-shutdown-spending
5,http://nymag.com/intelligencer/2019/02/new-rule-restricts-federal-funding-for-planned-parenthood.html
6,https://www.washingtonpost.com/business/economy/senate-passes-massive-defense-and-health-spending-bill-punts-border-wall-fight-to-december/2018/09/18/ed6f8436-bb56-11e8-9812-a389be6690af_story.html
7,https://www.cbsnews.com/news/can-planned-parenthood-survive-without-federal-funds/
8,https://federalnewsnetwork.com/budget/2018/09/congress-set-to-fund-government-but-not-trumps-wall/
9,https://khn.org/news/trump-proposes-cutting-planned-parenthood-funds-what-does-that-mean/
