,searched_url
0,https://www.politifact.com/rhode-island/statements/2013/may/12/peter-palumbo/ri-state-rep-peter-palumbo-says-it-costs-5000-6000/
1,http://www.abc6.com/story/40080010/cranston-police-inform-public-of-registered-sex-offender-in-area
2,http://www.providencejournal.com/article/20151003/NEWS/151009727
3,http://riaclu.org/images/uploads/2014_SORNA_testimony2.pdf
4,https://www.ribar.com/UserFiles/File/Nov-Dec_2011%20Journal_c.pdf
5,https://www.facebook.com/cranstonpolice/posts/the-cranston-police-department-is-conducting-two-level-3-sex-offender-community-/1106290786152677/
6,https://patch.com/rhode-island/cranston/cranston-sex-offender-notification-police
7,https://www.facebook.com/cranstonpolice/posts/the-cranston-police-department-is-conducting-three-level-3-sex-offender-communit/1116845345097221/
8,https://www.facebook.com/cranstonpolice/posts/the-cranston-police-department-is-conducting-a-level-3-sex-offender-community-no/1461005137347905/
9,https://www.facebook.com/cranstonpolice/posts/the-cranston-police-department-is-conducting-a-level-3-sex-offender-community-no/1398761976905555/
