,searched_url
0,https://www.pewresearch.org/fact-tank/2019/02/15/the-changing-face-of-congress/
1,https://www.vox.com/policy-and-politics/2019/1/3/18148633/hr1-voters-independents-anti-corruption-bill-poll
2,https://www.npr.org/sections/itsallpolitics/2012/10/23/162484410/why-are-elections-on-tuesdays
3,https://en.wikipedia.org/wiki/Opinion_poll
4,https://news.gallup.com/poll/1600/congress-public.aspx
5,https://www.npr.org/2019/03/29/707713994/poll-after-barr-letter-overwhelming-majority-wants-full-mueller-report-released
6,https://www.realclearpolitics.com/video/2019/04/25/david_cay_johnston_trump_doesnt_know_whats_in_the_constitution_and_thinks_hes_a_dictator.html
7,https://www.allgreatquotes.com/quote-231113/
8,http://www.lbjlibrary.org/lyndon-baines-johnson/speeches-films/president-johnsons-special-message-to-the-congress-the-american-promise
9,https://www.factcheck.org/2008/02/the-reason-for-the-electoral-college/
