,searched_url
0,http://www.msnbc.com/rachel-maddow-show/beware-presidential-polling-two-years-election-day
1,https://www.vox.com/policy-and-politics/2019/3/1/18246059/2020-candidates-list-who-is-running-for-president-beto-orourke
2,http://nymag.com/intelligencer/2019/04/the-10-worst-presidential-nomination-campaigns.html
3,http://nymag.com/intelligencer/2019/04/2020-democratic-debates-which-candidates-have-qualified.html
4,https://www.wsj.com/articles/iowa-democrats-say-they-want-generational-change-1543833001
5,http://time.com/5460620/2020-presidential-candidates/
6,https://www.washingtonpost.com/politics/2019/02/23/top-democratic-presidential-candidates-ranked/
7,http://www.cnn.com/2010/POLITICS/11/04/poll.2012.candidates/index.html
8,https://www.bbc.com/news/world-us-canada-46954566
9,https://www.bbc.com/news/world-us-canada-47309795
