,searched_url
0,https://texasagriculture.gov/Portals/0/DigArticle/2299/AAS%20Meatless%20Monday%20Article.pdf
1,https://slate.com/news-and-politics/2014/09/meatless-monday-no-it-is-not-an-evil-vegetarian-plot-to-deprive-our-children-of-precious-steak-pork-and-chicken.html
2,https://www.ncbi.nlm.nih.gov/pmc/articles/PMC5852697/
3,https://www.ncbi.nlm.nih.gov/pmc/articles/PMC5537850/
4,https://www.theplantway.com/vegan-vs-vegetarian/
5,https://www.nytimes.com/2015/09/27/sunday-review/why-students-hate-school-lunches.html
6,https://www.medicalnewstoday.com/articles/322827.php
7,https://economictimes.indiatimes.com/magazines/panache/you-could-be-protein-deprived-get-the-key-nutrient-from-the-right-sources/articleshow/61542295.cms
8,https://bristolfoodpolicycouncil.org/wp-content/uploads/2013/08/Food-Poverty-Report-July-2013-for-publication.pdf
9,https://www.rd.com/health/healthy-eating/vitamin-deficiency-vegetarian-vegan/
