,searched_url
0,https://www.politifact.com/wisconsin/statements/2016/feb/05/katrina-shankland/heavy-presidential-campaign-ious-scott-walker-fois/
1,https://www.politifact.com/personalities/scott-walker/statements/about/?page=2
2,https://madison.com/wsj/news/local/govt-and-politics/scott-walker-s-presidential-campaign-has-reimbursed-state-for-security/article_0fbd3737-88d2-5945-9212-957a94e83c0e.html
3,https://www.governing.com/topics/elections/tns-wisconsin-walker-president-debt.html
4,https://onewisconsinnow.org/scott-walker/budgets/
5,http://archive.jsonline.com/news/statepolitics/scott-walker-campaign-pays-back-another-135000-in-travel-costs-b99658342z1-366484131.html/
6,https://onewisconsinnow.org/press/scott-walker-breaks-the-law-again-campaigning-while-flying-on-taxpayer-dime/
7,https://en.wikipedia.org/wiki/Scott_Walker_(politician)
8,https://www.sourcewatch.org/index.php/Scott_Walker
9,https://www.washingtonpost.com/news/powerpost/paloma/daily-202/2018/10/17/daily-202-how-scott-walker-is-trying-to-withstand-a-blue-wave-in-wisconsin/5bc637811b326b7c8a8d1a11/
