,searched_url
0,https://thehill.com/opinion/finance/373251-its-time-to-audit-the-cfpb
1,https://reason.com/archives/2018/02/16/the-consumer-financial-protection-bureau
2,https://www.housingwire.com/articles/43002-mulvaney-asks-congress-to-dramatically-reduce-cfpbs-independence
3,https://www.politico.com/story/2011/12/the-cfpb-needs-more-accountability-069992
4,https://www.wsj.com/articles/what-went-wrong-with-the-cfpb-1511072512
5,https://www.politifact.com/truth-o-meter/statements/2015/nov/14/carly-fiorina/carly-fiorina-says-consumer-financial-protection-b/
6,https://financialservices.house.gov/news/documentsingle.aspx?DocumentID=339512
7,https://en.wikipedia.org/wiki/Consumer_Financial_Protection_Bureau
8,https://consumerfed.org/pdfs/CFPB-Accountability-fact-sheet-6-11.pdf
9,https://cei.org/blog/acting-director-asks-congress-reform-consumer-financial-protection-bureau
