,searched_url
0,https://www.buzzfeednews.com/article/ellievhall/the-6-best-gifs-from-the-irs-star-trek-parody-video
1,https://www.theverge.com/2013/3/22/4137836/internal-revenue-service-star-trek-spoof-training-video-60k-taxpayer-money
2,https://www.cbsnews.com/news/taxpayer-money-finances-irs-star-trek-parody/
3,https://www.washingtonpost.com/news/post-politics/wp/2013/06/01/irs-training-videos-spoof-star-trek-gilligans-island-and-cupid-shuffle/
4,http://www.msnbc.com/the-last-word/irs-regrets-making-costly-star-trek-video-p
5,https://www.realclearpolitics.com/video/2013/03/26/irs_spends_60000_on_star_trek-themed_training_video.html
6,https://www.springfieldnewssun.com/blog/jamie-dupree/irs-backpedals-from-star-trek-video/GWne2ZeCf8KzfwvAcDsknO/
7,https://fox13now.com/2013/03/23/irs-spent-thousands-on-star-trek-themed-training-video/
8,https://www.stereogum.com/1747806/irs-apologizes-for-spending-so-much-money-on-perfect-star-trek-parody-training-video/vg-loc/videogum/
9,https://taxblog.org/2010-star-trek-irs-training-video-full-version/
