,searched_url
0,https://www.politifact.com/truth-o-meter/statements/2016/jun/15/donald-trump/donald-trump-suggests-barack-obama-supported-isis-/
1,https://en.wikipedia.org/wiki/Al-Qaeda
2,https://cisac.fsi.stanford.edu/mappingmilitants/profiles/islamic-state
3,https://www.washingtonpost.com/news/fact-checker/wp/2016/06/16/trumps-bizarre-claim-that-the-administration-actively-supported-terror-groups/
4,https://www.facebook.com/DonaldTrump/posts/hillary-clinton-is-crookedhillary-clinton-received-a-classified-intelligence-rep/10157171263350725/
5,https://journals.openedition.org/lisa/10157
6,https://www.factcheck.org/2016/06/trumps-isis-conspiracy-theory/
7,https://fas.org/sgp/crs/mideast/R43612.pdf
8,https://www.politico.com/story/2018/08/15/al-qaeda-afghanistan-terrorism-777511
9,https://www.politico.com/story/2016/06/trump-obama-terrorist-sympathy-224365
