,searched_url
0,https://www.politifact.com/punditfact/statements/2014/jan/08/rush-limbaugh/limbaugh-polar-vortex-made-yet-still-proof-ice-cap/
1,https://www.nationalgeographic.com/environment/2019/01/climate-change-colder-winters-global-warming-polar-vortex/
2,https://notrickszone.com/2019/02/01/veteran-swiss-meteorologist-slams-media-for-making-it-up-noaa-polar-vortex-term-nothing-new-appeared-in-1853/
3,https://www.accuweather.com/en/weather-news/what-is-a-polar-vortex/21793077
4,https://wattsupwiththat.com/2019/02/01/if-the-polar-vortex-is-due-to-global-warming-why-are-u-s-cold-waves-decreasing/
5,https://weather.com/science/environment/news/climate-change-skeptics-winter-cold-global-warming-still-real-20140107
6,https://phys.org/news/2014-09-links-polar-vortex-chills-sea.html
7,https://www.rushlimbaugh.com/daily/2014/01/06/left_creates_polar_vortex_to_make_you_think_winter_is_caused_by_global_warming/
8,https://www.ucsusa.org/global-warming/science-and-impacts/science/cold-snow-climate-change.html
9,https://www.downtoearth.org.in/news/polar-vortex-did-warming-bring-the-chill-to-us-43228
