,searched_url
0,https://www.forbes.com/sites/lucielapovsky/2016/12/29/why-colleges-continue-to-increase-tuition-when-many-should-lower-it/
1,https://www.usnews.com/education/best-colleges/paying-for-college/articles/2016-08-31/some-colleges-choose-to-slash-freeze-tuition
2,https://money.cnn.com/2017/05/16/pf/college/states-tuition-free-college/index.html
3,http://theconversation.com/why-the-democrats-new-debt-free-college-plan-wont-really-make-college-debt-free-100496
4,https://sfs.virginia.edu/guarantee
5,https://www.americanprogress.org/issues/education-postsecondary/reports/2018/06/20/451899/beyond-tuition/
6,https://www.americanprogress.org/issues/education-postsecondary/reports/2015/02/19/105522/strengthening-our-economy-through-college-for-all/
7,https://www.scholarships.com/financial-aid/college-scholarships/
8,https://www.collegegrant.net/
9,https://blog.ed.gov/2015/08/7-options-to-consider-if-you-didnt-receive-enough-financial-aid/
