,searched_url
0,https://www.memphisflyer.com/JacksonBaker/archives/2011/08/08/judge-mays-rules-its-norris-todd-as-mcs-scs-school-merger-goes-through
1,https://www.politifact.com/tennessee/locations/nashville/
2,https://www.politifact.com/personalities/bill-haslam/
3,https://www.nytimes.com/2011/01/28/us/28memphis.html
4,https://dailymemphian.com/article/1576/Council-Confidential
5,https://dailymemphian.com/article/3193/10-apply-for-vacant-seat-on-the-Memphis-school-board-but-six-live-outside-of-seats-district
6,https://www.huffpost.com/entry/memphis-shelby-county-schools-merger_n_836333
7,https://www.chalkbeat.org/posts/tn/2018/08/02/votes-are-in-harris-is-mayor-the-funding-body-for-shelby-county-schools-shakes-up/
8,http://collierville.com/images/stories/Mark/CA_plan_for_school_merger_complete_6-2012.pdf
9,https://mlk50.com/proposed-living-wage-for-scs-employees-welcome-but-late-49385c3cdc0c
