,searched_url
0,https://www.politifact.com/virginia/statements/2011/sep/09/bob-goodlatte/goodlatte-says-thomas-jefferson-strongly-backed-ba/
1,https://www.azcentral.com/story/news/politics/fact-check/2017/04/14/fact-check-thomas-jefferson-constitutional-balanced-budget-amendment/100041088/
2,https://www.everycrsreport.com/reports/R41907.html
3,https://fas.org/sgp/crs/misc/R41907.pdf
4,https://core.ac.uk/download/pdf/56359597.pdf
5,https://thehill.com/opinion/op-ed/237634-balancing-the-federal-budget-a-not-so-new-approach
6,https://oll.libertyfund.org/titles/jefferson-the-works-vol-8-correspondence-1793-1798
7,https://mcclintock.house.gov/newsroom/press-releases/balanced-budget-amendment-introduced
8,https://www.theacru.org/2011/10/26/a_balanced_budget_amendment_should_make_tax_debt_increases_difficult/
9,https://latimesblogs.latimes.com/washington/2011/09/-obama-bob-goodlatte-urges-balanced-budget-amendment-.html
