,searched_url
0,https://www.heller.senate.gov/public/index.cfm/2018/4/new-report-heller-5th-most-bipartisan-u-s-senator
1,https://mccourt.georgetown.edu/bipartisan-index
2,https://mccourt.georgetown.edu/news/bipartisan-index/December2017
3,https://www.sinema.senate.gov/sinema-ranked-among-most-bipartisan-members-congress
4,https://en.wikipedia.org/wiki/List_of_members_of_the_United_States_Senate
5,https://en.wikipedia.org/wiki/United_States_Senate
6,https://www.washingtonexaminer.com/news/9-of-the-10-most-bipartisan-senators-in-2017-were-republicans-study
7,http://www.thelugarcenter.org/ourwork-Bipartisan-Index.html
8,https://www.govtrack.us/congress/members/report-cards/2017/senate/ideology
9,https://www.politifact.com/new-hampshire/statements/2014/mar/27/scott-brown/scott-brown-says-he-was-most-bipartisan-senator/
