,searched_url
0,https://www.bloomberg.com/opinion/articles/2019-01-24/u-s-economy-higher-minimum-wages-haven-t-increased-unemployment
1,https://tcf.org/content/commentary/making-economic-case-15-minimum-wage/
2,https://www.nelp.org/publication/america-needs-15-minimum-wage-2/
3,https://www.businessforafairminimumwage.org/news/00135/research-shows-minimum-wage-increases-do-not-cause-job-loss
4,https://fox59.com/2018/10/23/heres-what-happened-when-seattle-raised-the-minimum-wage-to-15/
5,https://www.washingtonpost.com/outlook/2018/09/27/one-reliable-way-raise-wages-is-you-know-raise-wages/
6,https://www.washingtonpost.com/news/wonk/wp/2017/06/26/new-study-casts-doubt-on-whether-a-15-minimum-wage-really-helps-workers/
7,https://fairygodboss.com/articles/federal-minimum-wage
8,https://www.npr.org/sections/thetwo-way/2014/07/19/332879409/states-that-raised-minimum-wage-see-faster-job-growth-report-says
9,https://www.anderson.ucla.edu/faculty-and-research/anderson-review/minimum-wage-primer-leamer
