,searched_url
0,https://www.politifact.com/new-jersey/statements/2012/mar/19/john-mckeon/chris-christie-cut-1-billion-rebates-leading-20-pe/
1,https://www.oregonlive.com/politics/2018/12/oregon-lawmakers-get-a-taste-of-possible-tax-hikes-in-2019.html
2,https://www.politifact.com/new-jersey/rulings/half-true/?page=3
3,https://www.nysenate.gov/newsroom/press-releases/senate-majority-continues-efforts-make-new-york-more-affordable-cutting-0
4,https://www.nysenate.gov/newsroom/press-releases/senate-majority-continues-efforts-make-new-york-more-affordable-cutting
5,http://www.njspotlight.com/stories/12/0130/0238/
6,https://www.democratandchronicle.com/story/news/politics/albany/2018/09/04/rebate-checks-ahead-primary-money-arriving-mailboxes/1190222002/
7,https://www.democratandchronicle.com/story/news/politics/albany/2018/11/13/new-york-amazon-incentives-billion/1986979002/
8,https://www.atr.org/out-touch-oregon-governor-kate-brown-proposes-bevy-tax-hikes-her-first-budget
9,https://www.nytimes.com/2016/09/18/nyregion/donald-trump-tax-breaks-real-estate.html
