,searched_url
0,https://www.politifact.com/truth-o-meter/article/2011/jun/17/how-close-todays-economy-great-depression/
1,https://www.politifact.com/truth-o-meter/statements/2011/jun/13/reince-priebus/rnc-chair-reince-priebus-says-todays-long-term-une/
2,https://www.jstor.org/stable/24338903
3,https://www.epi.org/publication/ib299/
4,https://academic.oup.com/oxrep/article/26/3/285/374047
5,https://www.reuters.com/article/us-usa-economy-depression/great-depression-jobs-parallel-may-not-be-far-flung-idUSTRE5077TM20090109
6,https://en.wikipedia.org/wiki/Great_Depression
7,https://eh.net/encyclopedia/the-depression-of-1893/
8,https://www.theguardian.com/society/2017/mar/04/crash-1929-wall-street-what-the-great-depression-reveals-about-our-future
9,https://www.forbes.com/sites/johnmauldin/2016/12/01/if-trump-doesnt-do-this-we-will-have-the-great-depression-2-0/
