,searched_url
0,https://www.politifact.com/truth-o-meter/statements/2007/jun/21/barack-obama/technically-correct-but-uses-unrealistic-numbers/
1,https://www.politifact.com/truth-o-meter/rulings/half-true/?page=154
2,https://www.nytimes.com/interactive/2018/04/03/climate/us-fuel-economy.html
3,https://www.newsbusters.org/blogs/nb/matthew-sheffield/2007/05/11/another-obama-error-will-media-report-it
4,https://www.theicct.org/sites/default/files/publications/2017-Global-LDV-Standards-Update_ICCT-Report_23062017_vF.pdf
5,https://www.pewtrusts.org/en/research-and-analysis/fact-sheets/2011/04/20/driving-to-545-mpg-the-history-of-fuel-economy
6,http://www.ipsnews.net/2008/11/economy-us-congress-deaf-to-pleas-of-panicky-auto-execs/
7,https://en.wikipedia.org/wiki/Corporate_average_fuel_economy
8,https://wtop.com/consumer-news/2016/01/the-15-most-fuel-efficient-car-brands/
9,https://japantoday.com/category/have-your-say/last-year-japan-exported-1-5-million-vehicles-to-the-united-states-while-u-s-automakers-exported-just-8000-why-arent-u-s-makers-selling-more-in-japan
