,searched_url
0,https://www.politifact.com/truth-o-meter/statements/2014/apr/15/virginia-foxx/it-takes-americans-61-billion-hours-prepare-their-/
1,https://money.cnn.com/2011/01/05/pf/taxes/IRS_tax_study/index.htm
2,https://www.forbes.com/sites/janetnovack/2011/01/05/tax-waste-6-1-billion-hours-spent-complying-with-federal-tax-code/
3,https://www.ntu.org/foundation/detail/study-2338-billion-61-billion-hours-lost-to-rising-tax-complexity
4,https://taxfoundation.org/press-release/americans-will-spend-89-billion-hours-409-billion-complying-us-tax-code-2016/
5,https://personalfinancenews.com/americans-spend-6-1-billion-hours-to-do-their-taxes-each-year/
6,http://checkyourfact.com/2017/09/28/fact-check-does-the-tax-code-cost-many-hours-and-billions-and-billions-of-dollars/
7,http://www.facethefactsusa.org/facts/billions-and-billions-hours-burned-taxes
8,http://www.freeby50.com/2011/01/americans-do-not-spend-6-billion-hours.html
9,http://www.crfinancialservices.com/tax_forms.cfm
