,searched_url
0,https://www.politico.com/interactives/2018/is-this-true/obama-surrender-rights-hoax/
1,https://www.lincolninstitute.org/article.php?id=8530
2,https://apnews.com/afs:Content:2450250491?fbclid=IwAR0bqII1o6VZla3Jem1Ib1DvCJclIVL0MNZWNimOmqnvUynaar8f6TuE1RU
3,https://www.politifact.com/truth-o-meter/statements/2014/jun/23/chain-email/video-barack-obama-speech-circulating-internet-was/
4,https://www.politifact.com/personalities/chain-email/statements/byruling/pants-fire/
5,https://www.washingtonpost.com/world/transcript-president-obama-gives-speech-addressing-europe-russia-on-march-26/2014/03/26/07ae80ae-b503-11e3-b899-20667de76985_story.html
6,https://www.facebook.com/politifact/posts/seen-the-viral-video-where-president-obama-purportedly-says-individuals-should-s/10152499759513433/
7,https://deadspin.com/yes-that-video-of-obama-that-mike-leach-tweeted-is-ver-1826914331
8,https://www.snopes.com/fact-check/obama-surrender-world-order/
9,https://www.factcheck.org/2014/11/no-new-world-order/
