,searched_url
0,https://www.politico.com/story/2017/12/28/trump-college-tuition-306230
1,https://www.buzzfeednews.com/article/annehelenpetersen/student-debt-college-public-service-loan-forgiveness
2,https://www.scmp.com/lifestyle/family-education/article/1736000/macau-becoming-higher-education-destination-mainland
3,https://slate.com/human-interest/2016/09/what-is-donald-trumps-plan-on-college-affordability.html
4,https://www.vox.com/2019/3/28/18271083/trump-higher-education-act-student-loans
5,https://www.theatlantic.com/education/archive/2018/09/where-did-americas-dream-of-free-college-go/569770/
6,https://www.theatlantic.com/magazine/archive/2014/09/the-future-of-college/375071/
7,https://www.huffpost.com/entry/higher-ed-republicans_n_578cf04ce4b0a0ae97c2b287
8,http://nymag.com/daily/intelligencer/2018/08/cfpbs-student-loan-watchdog-resigns-in-protest-of-trump.html
9,https://www.politifact.com/nevada/rulings/mostly-true/
