,searched_url
0,https://www.scmp.com/news/hong-kong/community/article/2120366/poverty-hong-kong-hits-7-year-high-one-five-people
1,https://ourworldindata.org/extreme-poverty
2,https://ourworldindata.org/extreme-poverty#the-demographics-of-extreme-poverty
3,https://ourworldindata.org/extreme-poverty#poverty-traps
4,https://ourworldindata.org/extreme-poverty#evidence-on-specific-strategies-to-reduce-poverty
5,https://www.worldbank.org/en/topic/poverty/overview
6,https://www.worldbank.org/en/news/press-release/2018/09/19/decline-of-global-extreme-poverty-continues-but-has-slowed-world-bank
7,https://www.politifact.com/truth-o-meter/statements/2013/jan/23/bernie-s/bernie-sanders-says-poverty-us-all-time-high/
8,https://www.census.gov/data/tables/time-series/demo/income-poverty/historical-poverty-people.html
9,https://www.usatoday.com/story/money/economy/2018/09/19/poverty-rates-america-cities-highest-levels/37799947/
