,searched_url
0,https://www.cnbc.com/2018/04/10/marine-one-upgrade-next-presidential-helicopter-fleet-getting-closer-to-debut.html
1,https://www.washingtonpost.com/politics/new-air-force-one-will-be-painted-red-white-and-blue-trump-says/2018/07/17/43dc1482-8a16-11e8-85ae-511bc1146b0b_story.html
2,https://www.independent.co.uk/life-style/donald-trump-air-force-one-cost-a7606356.html
3,http://time.com/4885934/white-house-helicopter-cost/
4,https://www.businessinsider.com/air-force-one-travel-costs-president-trump-2017-2
5,https://www.bloomberg.com/news/features/2017-03-14/trump-force-one-is-ready-for-takeoff
6,https://robbreport.com/motors/aviation/air-force-one-101-a-few-things-you-probably-didnt-know-about-the-presidents-planes-2779273/
7,https://abcnews.go.com/Politics/president-obama-expressed-concern-marine-costs/story?id=44015491
8,https://qz.com/1520302/trumps-border-visit-will-benefit-fox-news-and-cost-taxpayers/
9,https://www.mycentraloregon.com/2016/12/06/president-obama-once-expressed-concern-about-marine-one-costs/
