,searched_url
0,https://www.politifact.com/florida/statements/2011/nov/04/alan-hays/sen-alan-hays-says-proof-citizenship-isnt-necessar/
1,https://dos.myflorida.com/elections/contacts/frequently-asked-questions/faq-voting/
2,https://dos.myflorida.com/media/28990/ProjectIntegrityQA.pdf
3,https://ballotpedia.org/Fact_check/Have_non-citizens_voted_in_recent_Florida_elections%3F
4,https://www.floridaimmigrationlawyerblog.com/i_am_not_a_us_citizen_and_i_re_1/
5,https://www.demos.org/research/how-do-proof-citizenship-laws-block-legitimate-voters
6,https://www.pascovotes.com/Voters/Frequently-Asked-Questions
7,https://www.rockthevote.org/voting-information/voting-faqs/
8,https://www.elections.virginia.gov/registration/how-to-register/
9,https://www.huffingtonpost.com/thought-catalog/millennial-guide-to-voting_b_1897607.html
