,searched_url
0,https://www.politifact.com/florida/statements/2011/dec/05/karen-harrington/gop-challenger-says-debbie-wasserman-schultz-blame/
1,https://miamiherald.typepad.com/nakedpolitics/2011/12/harrington-says-wasserman-schultz-blamed-the-republicans-for-the-creation-of-hamas.html
2,http://www.timesofisrael.com/democrats-say-trump-to-blame-for-growing-anti-semitism-in-republican-party-2/?fb_comment_id=1272220586121683_1272261632784245
3,https://www.haaretz.com/opinion/.premium-wasserman-schultz-s-expulsion-is-a-move-to-anti-zionism-1.5415458
4,https://www.haaretz.com/jewish/u-s-synagogue-disinvites-democratic-leader-wasserman-schultz-1.5163718
5,https://www.nytimes.com/2011/09/14/nyregion/ny-democrats-try-to-avoid-upset-in-special-election.html
6,http://www.nbcnews.com/id/50889195/ns/msnbc-the_ed_show/
7,https://www.tabletmag.com/scroll/68512/will-israel-based-gop-attacks-get-through
8,https://gohmert.house.gov/news/documentsingle.aspx?DocumentID=243774
9,https://www.sayfiereview.com/blog_ticker?filter_id=source_76&page=46
