,searched_url
0,https://www.huffpost.com/entry/the-tennessee-story_b_1695467
1,https://www.politifact.com/tennessee/statements/2012/aug/16/arne-duncan/secretary-education-says-tennessee-proof-education/
2,https://www.washingtonpost.com/local/education/common-core-foes-spreading-misinformation-duncan-says/2013/06/25/332e9574-ddc8-11e2-948c-d644453cf169_story.html
3,https://www.mlive.com/education/2012/07/arne_duncan_evaluations_allow.html
4,https://www.biography.com/musician/aretha-franklin
5,https://www.biography.com/musician/kelly-clarkson
6,https://www.governing.com/topics/education/gov-memphis-education-reform-part-four.html
7,https://www.eduwonk.com/2012/07
8,https://www.epi.org/publication/race-to-the-top-goals/
9,http://www.guinnessworldrecords.com/news/
