,searched_url
0,https://www.theatlantic.com/politics/archive/2019/01/2020-could-be-test-medicare-alls-popularity/581746/
1,https://www.heritage.org/medicare/commentary/house-democrats-unveil-plan-bring-total-government-control-over-american-health
2,https://www.nytimes.com/2019/02/23/us/politics/medicare-for-all-lobbyists.html
3,https://www.nytimes.com/2019/03/25/us/politics/house-democrats-health-coverage.html
4,https://energycommerce.house.gov/news/blog/the-truth-about-the-democrats-health-care-plan/
5,https://www.politifact.com/personalities/mike-pence/statements/byruling/false/
6,https://en.wikipedia.org/wiki/History_of_health_care_reform_in_the_United_States
7,https://en.wikipedia.org/wiki/Health_care_systems_by_country
8,http://www.sdtranscript.com/
9,https://www.doughroller.net/news-analysis/health-care-reform-bill-facts-figures/
