,searched_url
0,https://www.politifact.com/texas/statements/2015/may/18/sharlene-leurig/water-expert-says-austin-only-city-arid-western-us/
1,https://www.politifact.com/personalities/sharlene-leurig/
2,https://www.politifact.com/personalities/sharlene-leurig/statements/byruling/half-true/
3,https://www.mystatesman.com/news/news/state-regional-govt-politics/politifact-austin-is-one-of-few-with-single-source/nmMkN/
4,https://www.theeagle.com/news/texas/austin-water-supply-long-term-plans-appear-to-have-paid/article_77dd873a-c6e6-11e4-b243-cfb006939735.html
5,https://www.statesman.com/news/20160924/in-shadow-of-1999-deal-austin-is-tied-to-colorado-river-for-decades
6,https://inframanage.com/infrastructure-management-planning-builds-water-infrastructure-resilience/
7,https://muckrack.com/andra-lim/articles
8,https://muckrack.com/andra-lim
9,https://www.mapyourshow.com/MYS_Shared/cultivate16/handouts/Sat%20-%209am%20-%20Alternative%20Water%20Sources%20for%20Urban%20&%20Nursery%20Crops%202.pdf
