,searched_url
0,https://www.politifact.com/ohio/statements/2011/aug/30/jim-petro/chancellor-jim-petro-says-boosting-bachelors-degre/
1,https://www.politifact.com/personalities/jim-petro/
2,https://www.politifact.com/personalities/jim-petro/statements/by/
3,https://montrosedevadvisors.com/wp-content/uploads/2018/10/Montrose-Group-ohio-competitiveness-report-2018.pdf
4,https://www.studocu.com/en/document/qatar-university/fluid-mechanics/book-solutions/ed6f3d1f87b9cd2/2838057/view
5,https://www.academia.edu/25296727/Economics
6,https://www.ohiohighered.org/sites/ohiohighered.org/files/uploads/completion/complete-college-ohio_071912%28Final%29.pdf
7,https://www.ohiohighered.org/completion
8,https://www.fpi.institute/category/state-budget-taxesf1/
9,https://development.ohio.gov/files/research/P7006.pdf
