,searched_url
0,https://www.politifact.com/truth-o-meter/statements/2013/apr/05/facebook-posts/group-says-monsanto-law-skirts-courts-requires-app/
1,https://en.wikipedia.org/wiki/Biocontainment_of_genetically_modified_organisms
2,https://www.usda.gov/topics/biotechnology/biotechnology-frequently-asked-questions-faqs
3,https://www.usda.gov/media/blog/2013/05/17/organic-101-can-gmos-be-used-organic-products
4,https://www.ncbi.nlm.nih.gov/pmc/articles/PMC5033200/
5,https://www.ncbi.nlm.nih.gov/books/NBK424540/
6,https://gmo.geneticliteracyproject.org/FAQ-category/regulation/
7,https://www.corp-research.org/monsanto
8,https://www.pbs.org/wgbh/harvest/interviews/rifkin.html
9,http://sitn.hms.harvard.edu/flash/2015/from-corgis-to-corn-a-brief-look-at-the-long-history-of-gmo-technology/
