,searched_url
0,https://www.politifact.com/texas/statements/2011/sep/28/rick-perry/rick-perry-says-only-four-texas-lawmakers-opposed-/
1,https://www.politifact.com/texas/statements/2015/apr/15/rick-perry/rick-perry-says-immigrant-tuition-law-made-sense-2/
2,https://www.texastribune.org/2017/01/19/lawmakers-likely-see-state-tuition-policy-fight-ag/
3,https://www.heritage.org/immigration/report/providing-state-tuition-illegal-aliens-violation-federal-law
4,https://www.edweek.org/ew/articles/2003/04/16/31tuition.h22.html
5,https://www.nytimes.com/2014/03/18/nyregion/new-york-senate-rejects-measure-to-give-illegal-immigrants-state-tuition-aid.html
6,https://www.nytimes.com/2019/01/23/nyregion/dream-act-bill-passed.html
7,https://www.washingtonpost.com/blogs/govbeat/wp/2013/10/22/in-texas-ted-cruz-has-allies/
8,http://fortune.com/2017/04/08/in-state-tuition-illegal-students/
9,https://americasvoice.org/blog/2018-in-state-tuition-attacks/
