,searched_url
0,https://www.politifact.com/punditfact/statements/2014/oct/08/morgan-brittany/did-washington-tell-responders-prep-ebola-months-a/
1,https://www.politifact.com/personalities/morgan-brittany/
2,https://www.mediamatters.org/blog/2014/10/08/conservative-columnist-is-the-government-orches/201070
3,https://obamawhitehouse.archives.gov/the-press-office/2014/10/22/fact-sheet-us-government-s-response-ebola-home-and-abroad
4,https://www.ncbi.nlm.nih.gov/pmc/articles/PMC5570698/
5,https://successfulsocieties.princeton.edu/sites/successfulsocieties/files/DP_Supplies_Final_April%202017_0.pdf
6,https://www.heritage.org/homeland-security/report/the-ebola-outbreak-2013-2014-assessment-us-actions
7,https://www.phe.gov/preparedness/responders/ebola/ebolaresponsereport/documents/ebola-panel.pdf
8,https://www.wnd.com/2014/10/what-if-the-conspiracy-theories-are-true/
9,https://www.usaid.gov/news-information/press-releases/oct-1-2018-usaid-spokesperson-mccleskey-deployment-dart-drc-ebola
