,searched_url
0,https://www.politifact.com/truth-o-meter/statements/2016/may/19/bernie-sanders/bernie-sanders-links-puerto-ricos-debt-crisis-wall/
1,https://www.politifact.com/personalities/bernie-sanders/statements/byruling/half-true/
2,http://politifact.com/personalities/bernie-s/statements/byruling/half-true/
3,https://www.sanders.senate.gov/newsroom/press-releases/sanders-statement-opposing-puerto-rico-bill-
4,https://www.salon.com/2016/07/01/watch_sanders_blasts_colonial_puerto_rico_bill_and_wall_street_vulture_funds_in_powerful_senate_speech/
5,https://www.financialjustice.ie/campaigns/debtcampaign/vulture-funds-in-puerto-r.html
6,https://www.forbes.com/sites/jakezamansky/2014/01/27/wall-streets-vultures-are-circling-puerto-ricos-bond-market/
7,https://www.ajc.com/news/state--regional-govt--politics/politifact-fact-checkers-look-trump-sanders-and-gingrich/XyO7JVKOpHl81Y7PiMOAgN/
8,https://www.congress.gov/congressional-record/2016/6/29/senate-section/article/S4690-2
9,https://www.dailykos.com/story/2016/6/30/1543905/-BNR-Bernie-Sanders-is-right-Corporate-media-doesn-t-give-a-damn-about-you
