,searched_url
0,https://www.politifact.com/truth-o-meter/statements/2008/jul/30/votevetsorg/no-fresh-evidence-of-what-mccain-would-do/
1,https://www.politifact.com/subjects/iraq/statements/byruling/false/?page=2
2,https://www.politifact.com/personalities/votevetsorg/
3,https://thehill.com/blogs/blog-briefing-room/news/campaigns/43554-votevets-ad-hits-mccain-cites-iraqi-support-for-pullout-timetable
4,https://www.theatlantic.com/daily-dish/archive/2008/07/more-on-maliki/213898/
5,http://www.cnn.com/2008/POLITICS/02/14/mccain.king/
6,http://time.com/3003299/john-mccain-iraq/
7,https://www.dailykos.com/story/2008/7/23/555916/-
8,https://www.peoplesworld.org/article/obama-will-stand-by-us-say-vets/
9,"https://www.foxnews.com/wires/2008Jul24/0,4670,VeteransAd,00.html"
