,searched_url
0,https://www.offshoreenergytoday.com/kosmos-energy-to-acquire-gulf-of-mexico-operator-for-1-2b/
1,https://www.offshoreenergytoday.com/total-makes-oil-discovery-offshore-bulgaria/
2,ftp://ftp.library.noaa.gov/noaa_documents.lib/DWH_IR/reports/HistoryofDrillingStaffPaper22.pdf
3,https://www.houstonchronicle.com/business/energy/article/As-energy-world-focuses-on-Permian-Gulf-makes-13645134.php
4,https://link.springer.com/chapter/10.1007/978-1-4939-3447-8_5
5,https://www.cnbc.com/2018/05/08/bahrain-discovery-of-80-billion-barrels-of-oil.html
6,https://en.wikipedia.org/wiki/Offshore_oil_and_gas_in_the_Gulf_of_Mexico_(United_States)
7,http://www.mtholyoke.edu/~rodri22m/pol116/History.html
8,https://www.energyvoice.com/oilandgas/172493/shell-make-large-latin-deep-water-oil-discovery/
9,https://www.equinor.com/en/news/2019-04-24-oil-discovery-gulf-mexico.html
