,searched_url
0,http://time.com/4465744/donald-trump-undocumented-workers/
1,http://time.com/5039109/donald-trump-undocumented-polish-trump-tower-bonwit-teller/
2,https://www.chicagotribune.com/news/nationworld/ct-undocumented-immigrants-trump-20190208-story.html
3,https://www.nytimes.com/2017/11/27/nyregion/trump-tower-illegal-immigrant-workers-union-settlement.html
4,https://www.washingtonpost.com/opinions/2018/12/06/president-trump-uses-undocumented-immigrant-labor-is-anyone-surprised/
5,https://www.newsweek.com/trump-undocumented-immigrants-tower-demolish-724845
6,https://www.bisnow.com/new-york/news/construction-development/unsealed-documents-trump-tower-illegal-labor-82022
7,https://www.independent.co.uk/news/world/americas/us-politics/donald-trump-undocumented-polish-workers-tower-paid-settlement-millions-bonwit-teller-building-new-a8080336.html
8,https://www.politifact.com/truth-o-meter/statements/2016/feb/25/marco-rubio/marco-rubio-says-donald-trump-had-pay-1-million-hi/
9,https://www.cbsnews.com/news/donald-trump-denies-using-undocumented-workers-to-build-trump-international-hotel/
