,searched_url
0,https://www.politifact.com/truth-o-meter/statements/2009/nov/17/sarah-palin/sarah-palin-claims-campaign-did-not-elaborate-obam/
1,https://www.politifact.com/truth-o-meter/article/2009/nov/17/fact-checking-new-claims-palin-book/
2,https://www.mediamatters.org/research/2009/11/16/rogue-fact-palin-absurdly-claims-mccain-campaig/157044
3,https://www.mediamatters.org/research/2009/11/17/book-review-palin-goes-rogue-on-the-facts/157153
4,https://www.alternet.org/2010/01/factually_challenged_fox_news_channel_hires_factually_challenged_palin/
5,http://theuptake.org/author/admin/page/73/
6,https://bsimmons.wordpress.com/search/author/page/139/?searchString=Melanie+Phillips
7,https://www.commondreams.org/newswire/2009/11/16/going-rogue-facts
8,http://www.punditfact.com/subjects/ethics/statements/byruling/false/?page=3
9,http://archive.hopelesslypartisan.com/2008/09/2008_09_16.html
