,searched_url
0,https://www.devex.com/news/usaid-s-tb-strategy-as-seen-from-kyrgyzstan-94724
1,https://bloomerang.co/blog/3-reasons-why-fundraiser-turnover-is-high-and-what-you-can-do-about-it
2,https://www.facetdev.com/blog/posts/bootstrapping-our-startup-in-the-open/
3,https://mcahalane.com/do-you-want-to-know-why-you-cant-find-a-great-development-director/
4,http://www.thefundraisingauthority.com/fundraising-basics/dark-underbelly-of-non-profit-development/
5,https://childmind.org/guide/developmental-milestones/milestones-at-7-months/
6,https://medium.com/@zdravko/a-5-step-plan-that-landed-me-a-promotion-and-40-raise-c60021b82957
7,https://www.joangarry.com/founder-syndrome/
8,https://www.philanthropy.com/article/Half-of-Fundraisers-in-the-Top/155603
9,https://www.webmd.com/parenting/baby/baby-development-7-month-old
