,searched_url
0,https://www.politifact.com/georgia/statements/2012/may/29/citizens-transportation-mobility/pro-transportation-tax-group-says-projects-will-be/
1,https://www.politifact.com/georgia/article/2012/jul/27/transportation-tax-takes-turn-truth-o-meter/
2,https://www.politifact.com/georgia/article/2012/jul/27/transportation-tax-best-truths-rumors-and-innuendo/
3,https://saportareport.com/its-time-for-the-city-of-atlanta-fulton-and-dekalb-counties-to-retake-control-of-their-own-destiny/
4,http://documents.atlantaregional.com/The-Atlanta-Region-s-Plan/RegionalAssessmentRevised_2015_05_07.pdf
5,https://www2.deloitte.com/insights/us/en/focus/future-of-mobility/government-and-the-future-of-mobility.html
6,https://www.mckinsey.com/~/media/mckinsey/featured%20insights/Future%20of%20Organizations/What%20the%20future%20of%20work%20will%20mean%20for%20jobs%20skills%20and%20wages/MGI-Jobs-Lost-Jobs-Gained-Report-December-6-2017.ashx
7,https://www.americanprogress.org/issues/economy/reports/2016/04/27/135425/can-new-transportation-technologies-improve-equity-and-access-to-opportunity/
8,https://www.brookings.edu/wp-content/uploads/2019/01/Turner_PP_web_20190128.pdf
9,https://www.demos.org/publication/move-thrive-public-transit-and-economic-opportunity-people-color
