,searched_url
0,https://www.politifact.com/virginia/statements/2013/oct/18/ken-cuccinelli/cuccinelli-says-most-new-jobs-have-been-part-time-/
1,https://www.politifact.com/truth-o-meter/statements/2016/jan/12/barack-obama/business-has-created-jobs-every-month-obamacare-be/
2,https://obamawhitehouse.archives.gov/blog/2013/09/06/new-data-most-increase-employment-full-time-positions-affordable-care-act-became-law
3,https://www.cnbc.com/2017/03/23/500000-jobs-added-to-health-sector-under-obamacare-goldman-sachs.html
4,https://www.huffpost.com/entry/obamacare-jobs_n_599488e7e4b0acc593e49bbf
5,https://www.huffpost.com/entry/part-time-job-creation_n_3788365
6,https://www.forbes.com/sites/dandiamond/2014/09/04/part-time-jobs-are-increasing-but-dont-blame-obamacare-yet/
7,https://www.marketwatch.com/story/businesses-eliminated-hundreds-of-thousands-of-full-time-jobs-to-avoid-obamacare-mandate-2017-11-24
8,https://hbr.org/2015/01/robert-reich-on-redefining-full-time-work-obamacare-and-employer-benefits
9,https://www.usatoday.com/story/money/2019/03/18/health-insurance-fewer-workers-go-parttime-as-aca-coverage-worsens/3155470002/
