,searched_url
0,https://www.politifact.com/texas/statements/2011/jan/19/rick-perry/rick-perry-says-aggies-were-kept-out-governors-off/
1,https://www.wacotrib.com/sports/governor-says-he-s-willing-to-work-to-revive-ut/article_d2fc2361-31b5-57d9-a7c9-158425b6b8e5.html
2,https://www.texastribune.org/2019/02/05/texas-gov-greg-abbott-says-he-supports-reviving-ut-m-football-game/
3,https://en.wikipedia.org/wiki/Greg_Abbott
4,https://www.washingtonpost.com/news/morning-mix/wp/2017/03/23/rick-perry-accuses-texas-ams-first-gay-student-body-president-of-stealing-election/
5,https://www.texasmonthly.com/category/topics/rick-perry/
6,https://www.houstonchronicle.com/news/houston-texas/houston/article/Rick-Perry-blasts-election-of-Texas-A-M-s-first-11021503.php
7,https://www.theguardian.com/us-news/2017/mar/23/rick-perry-texas-am-gay-student-president-election
8,https://www.usatoday.com/story/sports/ncaaf/2017/10/26/texas-governor-greg-abbott-wants-revive-texas-texas-a-m-football-game/803047001/
9,http://interactives.dallasnews.com/2015/rick-perry-candidate-2016/
