,searched_url
0,http://workforce.georgia.gov/newsroom/press-releases/deal-georgia-creates-record-jobs-and-investment-in-2012/
1,https://gbpi.org/2012/the-georgia-department-of-economic-development-assisted-with-the-creation-of-28776-jobs-an-increase-of-29-percent-from-last-fiscal-year-and-5-97-billion-in-investments-a-32-percent-increase/
2,https://www.politifact.com/georgia/statements/2012/oct/16/nathan-deal/gov-nathan-deal-touts-jobs-creation-investment/
3,https://www.globalatlanta.com/report-georgia-seeing-more-global-commerce/
4,https://www.georgiatrend.com/2013/01/01/working-smarter/
5,https://businessfacilities.com/2013/02/business-report-ga-notches-record-job-growth-and-investment-in-2012/
6,http://blog.robertpayne.net/wp-content/uploads/2012/12/Year_in_Review_3MB.pdf
7,http://www.areadevelopment.com/newsItems/11-27-2012/georgia-economic-outlook-november-2012-019166.shtml
8,https://gapundit.com/tag/savannah/
9,https://gapundit.com/tag/democratic-party-of-georgia/
