,searched_url
0,https://www.abc15.com/news/state/fact-check-did-arizona-gop-candidate-christine-jones-call-hillary-clinton-effective
1,https://www.politifact.com/arizona/statements/2016/aug/24/club-growth/conservative-group-attacks-arizona-gop-candidate-c/
2,https://www.politifact.com/arizona/rulings/half-true/
3,https://www.brookings.edu/opinions/secretary-clintons-pragmatism-can-the-organization-of-american-states-change/
4,https://www.clubforgrowth.org/club-for-growth-action-launches-new-tv-ad-targeting-christine-jones-in-az-05/
5,https://www.usatoday.com/pages/interactives/clinton-nation/
6,https://www.theatlantic.com/politics/archive/2016/11/where-republicans-stand-on-donald-trump-a-cheat-sheet/481449/
7,https://whatthefuckjusthappenedtoday.com/all/
8,https://en.wikipedia.org/wiki/Foreign_policy_of_the_Barack_Obama_administration
9,https://medium.com/@isitanygood/the-timeline-of-sanders-bull-3d73b743da36
