,searched_url
0,https://www.politifact.com/truth-o-meter/statements/2010/oct/12/pat-quinn/pat-quinn-blasts-bill-brady-sponsoring-bill-pet-eu/
1,https://www.animalsheltering.org/magazine/articles/closing-door-gas-chamber
2,https://www.animalsheltering.org/page/hsus-statement-gas-chambers
3,https://www.huffpost.com/entry/bill-brady-dogs-ad-pat-quinn_n_761135
4,http://www.cnn.com/TRANSCRIPTS/1010/26/acd.01.html
5,https://www.congress.gov/congressional-record/2017/9/6/house-section/article/h6695-1?s=1&r=97
6,https://www.congress.gov/116/crec/2019/01/23/CREC-2019-01-23.pdf
7,https://www.politifact.com/truth-o-meter/article/2010/oct/13/strong-claims-about-euthanizing-dogs-illinois/
8,https://www.utahhumane.org/ban%20gas%20chambers
9,https://www.standard.net/news/government/utah-bill-would-end-gas-chamber-use-in-animal-shelters/article_5b921d71-7544-5a87-ac61-e407d01ee6cc.html
