,searched_url
0,https://www.opensecrets.org/news/2015/01/one-member-of-congress-18-american-households-lawmakers-personal-finances-far-from-average/
1,https://www.politifact.com/georgia/statements/2013/feb/04/rob-woodall/congress-millionaires-club/
2,https://www.rollcall.com/news/hawkings/congress-richer-ever-mostly-top
3,https://fas.org/sgp/crs/misc/R44762.pdf
4,https://abcnews.go.com/blogs/politics/2011/11/47-of-congress-members-millionaires-a-status-shared-by-only-1-of-americans/
5,https://www.nytimes.com/2014/01/10/us/politics/more-than-half-the-members-of-congress-are-millionaires-analysis-finds.html
6,https://en.wikipedia.org/wiki/List_of_current_members_of_the_United_States_Congress_by_wealth
7,https://www.politico.com/story/2009/11/report-237-millionaires-in-congress-029235
8,https://ballotpedia.org/Changes_in_Net_Worth_of_U.S._Senators_and_Representatives_(Personal_Gain_Index)
9,http://nymag.com/intelligencer/2009/11/a_few_people_in_congress_arent.html
