,searched_url
0,https://www.politifact.com/pennsylvania/statements/2016/may/20/tom-marino/pa-gop-congressmans-claim-about-donald-trump-and-h/
1,https://www.fec.gov/data/
2,https://www.fec.gov/updates/october-reporting-reminder-2018/
3,https://www.theatlantic.com/politics/archive/2013/12/another-massive-problem-with-us-democracy-the-fec-is-broken/282404/
4,https://www.vox.com/2015/2/9/18088962/super-pacs-and-dark-money
5,https://www.elections.ca/content.aspx?section=res&dir=rec/tech/comp&document=p6&lang=e
6,https://publicintegrity.org/federal-politics/comeback-for-legalized-money-laundering-in-party-politics/
7,https://en.wikipedia.org/wiki/Federal_Election_Commission
8,http://time.com/4602918/donald-trump-fec-federal-election-commission/
9,https://thehill.com/homenews/campaign/440542-election-agency-limps-into-2020-cycle
