,searched_url
0,https://www.politifact.com/rhode-island/statements/2010/oct/27/americans-commonsense-solutions/cicilline-argued-against-megans-law-and-voted-agai/
1,https://www.politifact.com/personalities/david-cicilline/statements/about/
2,https://www.politifact.com/rhode-island/statements/?page=25
3,https://www.politifact.com/personalities/americans-commonsense-solutions/statements/byruling/barely-true/
4,http://wrnipoliticsblog.wordpress.com/2012/10/11/politico-gop-group-launches-cicilline-secrets-campaign/
5,https://www.congress.gov/congressional-report/104th-congress/house-report/555/1
6,https://openscholarship.wustl.edu/cgi/viewcontent.cgi?article=1638&context=law_globalstudies
7,https://www.c-span.org/video/?c4747888/cicilline-kavanaugh-nomination
8,https://engel.house.gov/latest-news/showallitems/
9,https://www.govinfo.gov/content/pkg/CHRG-114hhrg20743/html/CHRG-114hhrg20743.htm
