,searched_url
0,https://www.politifact.com/new-hampshire/statements/2014/oct/24/scott-brown/debate-scott-brown-says-jeanne-shaheen-voted-pave-/
1,https://www.politifact.com/personalities/jeanne-shaheen/statements/
2,https://www.politifact.com/new-hampshire/statements/2014/jun/18/scott-brown/scott-brown-says-jeanne-shaheen-voted-new-national/
3,https://www.breitbart.com/politics/2014/10/21/scott-brown-hits-jeanne-shaheen-s-energy-tax-agenda/
4,https://www.bostonglobe.com/metro/2014/10/21/scott-brown-jeanne-shaheen-spar-televised-debate/Ixv30eBlcZJ6fI7WrveKJJ/story.html
5,https://www.politico.com/story/2015/03/senate-vote-a-rama-a-charade-with-consequences-116398
6,https://www.apnews.com/JeanneShaheen
7,https://www.c-span.org/video/?322226-1/hampshire-senate-debate
8,https://www.c-span.org/video/?322395-1/hampshire-senate-debate
9,https://www.gmfco.com/news/governor-mitt-romney-rallied-with-scott-brown-at-gilchrist-metal-fabricating/
