,searched_url
0,https://www.politifact.com/texas/statements/2014/feb/05/greg-abbott/idea-schools-serving-many-disadvantaged-background/
1,https://www.gse.harvard.edu/news/ed/15/05/does-it-have-be-so-complicated
2,http://www.aei.org/publication/straight-up-conversation-urban-assembly-ceo-kristin-kearns-jordan/
3,https://publicimpact.com/wp-content/uploads/2019/02/Built_to_Grow_How_IDEA_Public_Schools_is_Expanding_to_Serve_a_Million_Students.pdf
4,https://www.educationdive.com/news/idea-public-schools-reports-success-amid-questions-around-data-reporting/408616/
5,https://www.gregabbott.com/abbott-state-texas-can-learn-idea-public-schools/
6,https://www.elpasotimes.com/story/news/education/2016/05/03/idea-charter-schools-coming-el-paso/83872670/
7,https://broadfoundation.org/idea-success-academy-yes-prep-named-finalists-2016-broad-prize-public-charter-schools/
8,https://valenciacollege.edu/about/our-next-big-idea/documents/9_The_College_Keys_Compact.pdf
9,https://www2.ed.gov/programs/charter-rehqcs/2014/ideapsapp.pdf
