,searched_url
0,https://www.politifact.com/texas/statements/2011/sep/24/ron-paul/ron-paul-says-rick-perry-wrote-letter-supporting-h/
1,https://www.politico.com/story/2011/09/paul-hits-perry-for-fancy-letter-on-hillarycare-062923
2,https://www.theatlantic.com/politics/archive/2011/09/when-rick-perry-praised-hillarycare/244456/
3,https://dailycaller.com/2011/08/30/rick-perrys-camp-defends-1993-hillarycare-praise/
4,http://nymag.com/daily/intel/2011/08/rick_perry_hillary_clinton_health_care.html
5,http://nymag.com/intelligencer/2011/08/rick_perry_hillary_clinton_health_care.html
6,https://www.ibtimes.com/ron-paul-debate-rick-perry-physically-grabs-him-points-his-face-310824
7,https://www.washingtonpost.com/blogs/right-turn/post/the-perry-letters/2011/03/29/gIQARee3rJ_blog.html
8,https://www.washingtonpost.com/blogs/right-turn/post/rick-perry-fails-to-impress-in-gop-debate/2011/03/29/gIQAdZfpAK_blog.html
9,http://www.nbcnews.com/id/44425760/ns/politics-decision_2012/t/two-texans-trade-barbs-gop-debate/
