,searched_url
0,https://www.politifact.com/truth-o-meter/statements/2008/feb/11/barack-obama/thats-not-the-actual-quote/
1,https://www.realclearpolitics.com/video/2018/10/09/hillary_clinton_civility_can_start_again_when_democrats_take_back_the_house_and_or_the_senate.html
2,https://en.wikiquote.org/wiki/Barack_Obama
3,https://en.wikiquote.org/wiki/Hillary_Clinton
4,https://www.newyorker.com/magazine/2016/11/28/obama-reckons-with-a-trump-presidency
5,https://www.theatlantic.com/magazine/archive/2017/01/my-president-was-black/508793/
6,https://www.c-span.org/video/?452493-1/senate-confirms-brett-kavanaugh-supreme-court-justice-50-48
7,https://www.cnbc.com/2018/12/11/trump-meets-with-pelosi-and-schumer-on-border-wall-and-government-shutdown.html
8,https://www.cnbc.com/2018/12/20/ryan-says-trump-will-not-sign-senate-passed-bill-to-avoid-government-shutdown.html
9,https://newrepublic.com/minutes
