,searched_url
0,https://www.politifact.com/rhode-island/statements/2011/dec/14/eugene-mckenna/anti-casino-activist-says-rhode-island-gets-more-r/
1,https://wallethub.com/edu/states-most-addicted-to-gambling/20846/
2,https://rockinst.org/wp-content/uploads/2017/11/2016-04-12-Blinken_Report_Three-min.pdf
3,https://www.americangaming.org/wp-content/uploads/2018/08/AGA-2018-State-of-the-States-Report_FINAL.pdf
4,https://www.reuters.com/article/us-usa-betting-addiction-idUSKCN1N019H
5,http://theconversation.com/economic-benefits-of-casinos-likely-to-outweigh-costs-33443
6,https://www.bna.com/states-cash-sports-n73014481301/
7,https://digitalfuel.marketing/nevada-sportsbooks-report-record-february/
8,https://sportshandle.com/rhode-island-mobile-now-legal/
9,https://www.gambling.com/news/rhode-island-mobile-sports-betting-requires-in-person-sign-up-1842000
