,searched_url
0,https://www.nytimes.com/2019/04/23/opinion/closing-the-racial-wealth-gap.html
1,https://www.politifact.com/punditfact/statements/2014/dec/17/nicholas-kristof/missing-data-sinks-apartheid-wealth-gap-claim/
2,https://en.wikipedia.org/wiki/Inequality_in_post-apartheid_South_Africa
3,https://www.cfr.org/blog/black-and-white-income-inequality-south-africa-and-united-states
4,https://www.citylab.com/equity/2019/03/racial-wealth-gap-income-inequality-black-white-households/585325/
5,http://opensaldru.uct.ac.za/bitstream/handle/11090/901/2018_220_Saldruwp.pdf?sequence=1
6,https://www.vox.com/policy-and-politics/2019/3/11/18246741/reparations-democrats-2020-inequality-warren-harris-castro
7,https://www.thestranger.com/slog/archives/2014/09/02/20486508-the-wealth-inequality-between-white-and-black-households-in-the-us-surpasses-the-one-in-aparthied-era-south-africa
8,https://www.ncbi.nlm.nih.gov/pmc/articles/PMC6153271/
9,https://thebulwark.com/taking-reparations-seriously/
