,searched_url
0,https://www.politifact.com/truth-o-meter/statements/2008/jun/30/ralph-nader/nader-almost-said-gore-bush-but-not-quite/
1,https://www.americanrhetoric.com/speeches/bushvgoreusscoralarguments.htm
2,http://www.debates.org/?page=october-11-2000-debate-transcript
3,http://www.debates.org/index.php?page=october-3-2000-transcript
4,https://www.newyorker.com/books/ask-the-author/ask-the-author-live-jeffrey-toobin-on-bush-v-gore
5,https://prospect.org/article/gored-media-bull
6,http://www.cnn.com/2008/POLITICS/08/28/gore.speech/index.html
7,http://www.cnn.com/TRANSCRIPTS/0010/03/se.01.html
8,https://medium.com/the-mission/the-myth-of-making-a-difference-4f81504343f6
9,https://www.nytimes.com/2000/10/18/us/2000-campaign-exchanges-between-candidates-third-presidential-debate.html
