,searched_url
0,https://www.reuters.com/article/us-campaign-romney-olympics-newspro/mitt-romneys-thrill-of-victory-at-the-olympics-idUSTRE7AL0YQ20111122
1,https://www.citylab.com/life/2018/02/its-time-for-the-pop-up-olympics/552896/
2,https://www.citylab.com/equity/2017/06/how-bostonians-defeated-the-olympics/529155/
3,https://www.theguardian.com/sport/blog/2015/apr/07/when-denver-rejected-the-olympics-in-favour-of-the-environment-and-economics
4,https://www.biography.com/athlete/gabby-douglas
5,https://www.olympic.org/ancient-olympic-games/history
6,http://swampland.time.com/2012/07/18/the-real-story-of-romneys-olympic-turnaround/
7,https://www.cfr.org/backgrounder/economics-hosting-olympic-games
8,http://www.bbc.com/future/story/20181120-the-surprising-source-of-the-tokyo-2020-olympic-medals
9,https://www.britannica.com/list/7-canceled-or-reintroduced-olympic-sports
