,searched_url
0,https://www.politifact.com/truth-o-meter/statements/2014/dec/21/barack-obama/obama-were-spending-millions-each-individual-held-/
1,https://www.miamiherald.com/news/nation-world/world/americas/guantanamo/article168273127.html
2,https://www.miamiherald.com/news/nation-world/world/americas/guantanamo/article207035814.html
3,https://edition.cnn.com/2013/09/09/world/guantanamo-bay-naval-station-fast-facts/index.html
4,https://nationalpost.com/news/world/it-costs-us6-million-per-inmate-to-run-guantanamo-and-as-prisoners-are-transferred-out-that-cost-will-get-higher
5,https://www.humanrightsfirst.org/sites/default/files/gtmo-by-the-numbers.pdf
6,https://newrepublic.com/article/119503/guantanamo-bay-costs-mindboggling-expenses-running-prison
7,https://armedservices.house.gov/2013/6/the-cost-of-detention-at-guantanamo-bay
8,https://www.aclu.org/issues/national-security/detention/guantanamo-numbers
9,https://www.nbcnews.com/news/us-news/why-has-no-one-ever-been-put-trial-9-11-n800351
