,searched_url
0,https://www.politifact.com/new-hampshire/statements/2014/apr/30/senate-majority-pac/senate-majority-pac-says-scott-brown-voted-give-oi/
1,https://www.politifact.com/new-hampshire/statements/2014/may/01/senate-majority-pac/senate-majority-pac-says-scott-brown-got-400k-big-/
2,http://www.msnbc.com/rachel-maddow-show/scott-brown-equates-child-tax-credits-oil-industry-subsidies
3,https://www.masslive.com/politics/2012/03/scott_brown_votes_with_republi.html
4,https://www.bostonglobe.com/metro/2012/03/29/scott-brown-vote-against-repeal-oil-subsidies-becomes-instant-campaign-issue/kHgyjmWHQffJLirvRSC5zN/story.html
5,https://www.bostonglobe.com/metro/2012/08/14/scott-brown-accuses-elizabeth-warren-seeking-largest-tax-hike-since-charge-warren-disputes/E1VggTzPWBbw0fzUpI4oJM/story.html
6,https://www.concordmonitor.com/Ad-claims-Kelly-Ayotte-voted-for-billion-dollar-tax-breaks-for-big-oil-5251045
7,https://nhlabornews.com/2014/09/ma-truth-team-browns-big-oil-wall-street-record-wrong-new-hampshire/
8,http://jeanneshaheen.org/wp-content/uploads/2014/04/Brown%E2%80%99s-Big-Oil-Wall-Street-Benefactors-Trying-To-Buy-Him-A-Senate-Seat-To-Again-Protect-Their-Interests-.pdf
9,http://www.politifactny.com/personalities/senate-majority-pac/statements/?list=speaker
