,searched_url
0,https://www.politifact.com/truth-o-meter/statements/2007/nov/29/mike-huckabee/tuition-bill-wasnt-that-strict/
1,https://www.wnd.com/2007/12/45110/
2,https://www.factcheck.org/2007/11/gop-youtube-debate-flubs/
3,http://www.freerepublic.com/focus/news/1932715/replies?c=1
4,https://www.americanthinker.com/articles/2007/12/huckabee_house_built_on_a_weak.html
5,https://www.c-span.org/video/?202591-1/republican-presidential-candidates-debate
6,http://dreamacttexas.blogspot.com/2007/11/
7,https://truthwillsetyoufree.wordpress.com/category/debates/
8,http://graphics8.nytimes.com/packages/flash/politics/20071128_DEBATE_GRAPHIC/data/transcript.txt
9,http://mypetjawa.mu.nu/archives/2007_11.php
