,searched_url
0,https://www.politifact.com/truth-o-meter/statements/2010/apr/14/newt-gingrich/gingrich-says-only-millionaires-paid-first-us-inco/
1,https://www.huffpost.com/entry/newt-2012_b_1151743
2,https://www.morningsidecenter.org/teachable-moment/lessons/checking-facts-snopes-factcheck-politifact
3,http://occupywallst.org/forum/what-christopher-hitchens-had-to-say/
4,https://4thst8.wordpress.com/2017/07/25/how-washington-math-works/
5,http://swoopsfromsnowyowl.blogspot.com/2010/09/i-of-newt.html
6,http://snowhawkclan.org/forum/index.php?posts/138091/
7,http://fairbyray.blogspot.com/2011/?m=0
8,https://punksterpoohead.blogspot.com/
9,https://247sports.com/college/usc/Board/59419/Contents/Obama-crushes-Newt-50-41-in-new-NBCWSJ-poll-7208907/?Page=3
