,searched_url
0,https://www.politifact.com/texas/statements/2014/mar/12/rick-perry/rick-perry-correct-trucks-cost-half-much-rent-goin/
1,https://www.huffpost.com/entry/rick-perry-2014-cpac_n_4922125
2,https://www.sandiegouniontribune.com/opinion/the-conversation/sd-how-much-cost-to-move-out-of-san-francisco-california-20180306-htmlstory.html
3,https://www.aei.org/publication/the-california-exodus-to-texas-is-reflected-in-market-based-one-way-u-haul-truck-rental-prices/
4,https://www.sfgate.com/expensive-san-francisco/article/U-Haul-San-Francisco-Bay-Area-prices-shortage-12617855.php
5,https://www.businessinsider.com/san-francisco-bay-area-residents-moving-away-increase-u-haul-rental-prices-2018-3
6,http://time.com/15806/rick-perry-cpac-2014/
7,https://realinvestmentadvice.com/oil-prices-rig-count-and-the-economic-impact/
8,https://www.usnews.com/news/articles/2014/03/06/from-cruz-to-christie-grading-the-speeches-at-cpac
9,https://en.yelp.com.hk/biz/budget-truck-rental-san-francisco-3
