,searched_url
0,https://www.politifact.com/oregon/statements/2012/jan/10/rob-cornilles/rob-cornilles-claims-suzanne-bonamici-has-voted-60/
1,https://www.cbsnews.com/news/tax-returns-2019-salt-deduction-cap-middle-class-homeowners-hit-by-the-new-tax-law/
2,https://www.atr.org/alexandria-ocasio-cortez-calls-70-percent-income-tax-fund-green-new-deal
3,https://www.washingtonpost.com/news/fact-checker/wp/2018/01/12/is-the-trump-tax-cut-good-or-bad-for-the-middle-class/
4,https://www.theatlantic.com/politics/archive/2017/11/republicans-slap-an-expiration-date-on-middle-class-tax-cuts/545996/
5,https://www.insideelections.com/news/article/cornilles-goes-on-offense-in-oregon-1-special
6,https://www.bloomberg.com/graphics/2018-tax-plan-consequences/
7,https://www.financialsamurai.com/ways-to-counteract-donald-trumps-middle-class-tax-hike/
8,https://www.dailynews.com/2018/10/08/clashing-claims-in-campaign-ads-for-steve-knight-katie-hill-what-are-they-about/
9,https://www.nytimes.com/2019/02/12/your-money/tax-refund-decrease.html
