,searched_url
0,https://www.latimes.com/projects/la-na-pol-obama-at-war/
1,https://thecaucus.blogs.nytimes.com/2008/03/06/obama-aide-neither-candidate-ready-for-3-am-call/
2,https://edition.cnn.com/2017/09/03/politics/obama-trump-letter-inauguration-day/index.html
3,https://www.wbur.org/cognoscenti/2018/06/07/the-world-as-it-is-ben-rhodes-rich-barlow
4,https://www.reuters.com/article/us-usa-politics-obama/tough-talk-on-pakistan-from-obama-idUSN0132206420070801
5,https://www.politifact.com/truth-o-meter/statements/2008/oct/02/sarah-palin/bidens-words-haunt-him/
6,https://www.buzzfeednews.com/article/evanmcsan/obama-i-have-decided-to-bomb-syria-but-i-want-congress-to-we
7,https://www.huffpost.com/entry/obama-if-im-not-ready-why_n_90765
8,https://www.newyorker.com/magazine/2016/11/28/obama-reckons-with-a-trump-presidency
9,https://en.wikiquote.org/wiki/Barack_Obama
