,searched_url
0,https://www.nbcnews.com/politics/politics-news/two-ohio-cities-illustrate-growing-divide-between-old-new-economy-n904766
1,https://www.persee.fr/doc/espos_0755-7809_1985_num_3_2_1046
2,https://api.parliament.uk/historic-hansard/commons/1984/mar/19/tyne-and-wear-unemployment
3,https://reason.com/2018/07/17/alexandria-ocasio-cortez-unemployment/
4,https://ec.europa.eu/regional_policy/sources/docgener/evaluation/pdf/expost2006/wp4_cs_north_east_england.pdf
5,https://race.bitc.org.uk/system/files/north_east.pdf
6,http://rdahunter.org.au/_literature_327/The_Hunter_Economy_Post_BHP
7,https://www.usatoday.com/list/news/50-states/50-States-042319/a9a88f21-1a9b-4888-b381-74e9f16d6154/
8,https://www.usatoday.com/story/money/economy/2018/01/22/u-s-economy-rundown-poorest-county-every-state/1045715001/
9,https://www.doleta.gov/performance/results/AnnualReports/docs/2017_State_Plans/Economic_Reports/Delaware/Delaware%20Annual%20Economic%20Report%202015.pdf
