,searched_url
0,https://www.politifact.com/georgia/statements/2014/oct/13/michelle-nunn/nunn-right-about-perdues-opposition-farm-bill/
1,https://www.ajc.com/blog/politics/david-perdue-reportedly-pledges-team-player-for-mitch-mcconnell/EILgjW0lp7AmNobQmdrgpO/
2,https://www.ajc.com/news/state--regional-govt--politics/politifact-georgia-political-races-dominate-fact-checker-efforts/WSR3VdJ9ItJ2uPzhHvjQ7H/
3,https://www.ajc.com/news/state--regional/perdue-visits-washington-try-heal-primary-season-wounds/Nw0kS4JWWeRWKWd5RP4pHK/
4,https://en.wikipedia.org/wiki/David_Perdue
5,https://www.perdue.senate.gov/news/op-eds?month=03&type=press_release
6,https://www.perdue.senate.gov/news/press-releases/georgia-leaders-farmers-urge-congress-to-pass-disaster-relief-package
7,http://insideradvantage.com/2014/08/21/perdue-feels-good-about-mcconnell-schooled-on-farm-bill/
8,https://www.apnews.com/DavidPerdue
9,https://ballotpedia.org/David_Perdue
