,searched_url
0,https://www.politifact.com/punditfact/statements/2014/jan/15/rana-foroohar/times-rana-foroohar-says-median-male-worker-hasnt-/
1,https://www.khanacademy.org/economics-finance-domain/macroeconomics/macro-economic-indicators-and-the-business-cycle/macro-price-indices-and-inflation/a/the-confusion-over-inflation-cnx
2,http://www.punditfact.com/truth-o-meter/statements/2011/oct/05/david-axelrod/david-axelrod-says-typical-white-male-worker-earns/
3,https://www.pewresearch.org/fact-tank/2018/08/07/for-most-us-workers-real-wages-have-barely-budged-for-decades/
4,https://www.bbc.com/news/business-35709058
5,https://www.forbes.com/sites/scottwinship/2015/11/04/the-myth-of-the-vanishing-pay-raise/
6,https://www.pbs.org/newshour/economy/making-sense/stock-market-boom-has-given-ceos-a-raise-what-about-average-workers
7,https://www.theatlantic.com/business/archive/2013/12/should-we-raise-the-minimum-wage-11-questions-and-answers/282326/
8,https://www.brookings.edu/research/thirteen-facts-about-wage-growth/
9,https://slatestarcodex.com/2019/02/25/wage-stagnation-much-more-than-you-wanted-to-know/
