,searched_url
0,https://www.politifact.com/new-jersey/statements/2012/dec/30/chris-christie/chris-christie-claims-shore-businesses-provide-38-/
1,https://www.politifact.com/new-jersey/statements/2012/dec/09/frank-lautenberg/frank-lautenberg-says-new-jersey-tourism-generates/
2,https://www.nj.com/news/2012/12/politifact_nj_chris_christie_s_8.html
3,https://www.bloomberg.com/news/articles/2012-11-23/christie-puts-new-jersey-sandy-damages-at-29-4-billion
4,http://www.msnbc.com/hardball/obama-finds-friendly-territory-jersey-shor
5,https://pallone.house.gov/media/press-releases/pallone-reintroduces-coast-anti-drilling-act-response-trump-s-reckless-0
6,https://www.njtvonline.org/news/economy-2/despite-sandy-jersey-shore-sets-tourism-record-with-40-billion-in-revenue/
7,http://asburyparksun.com/offshore-drilling-opposition-trumpeted-on-ap-boardwalk/
8,https://www.cnbc.com/id/100770355
9,https://www.latimes.com/archives/la-xpm-2012-nov-04-la-na-jersey-shore-20121104-story.html
