,searched_url
0,https://www.jsonline.com/story/news/politics/2019/01/04/scott-walkers-eight-years-wisconsin-governor-were-consequential/2473616002/
1,https://www.theverge.com/2018/10/29/18027032/foxconn-wisconsin-plant-jobs-deal-subsidy-governor-scott-walker
2,https://onewisconsinnow.org/scott-walker/budgets/
3,https://www.politifact.com/wisconsin/statements/2011/jan/18/scott-walker/wisconsin-gov-scott-walker-says-his-tax-cut-plan-w/
4,https://www.newyorker.com/news/dispatch/did-scott-walker-and-donald-trump-deal-away-the-governors-race-to-foxconn
5,https://www.washingtonpost.com/news/wonk/wp/2018/05/03/wisconsin-gov-scott-walker-is-sending-every-family-an-election-year-check-democrats-call-it-bribery/
6,https://www.atr.org/tags/scott-walker
7,https://en.wikipedia.org/wiki/Scott_Walker_(politician)
8,http://legis.wisconsin.gov/assembly/71/shankland/newsroom/news/wisconsin-state-journal-budget-committee-rejects-scott-walkers-income-tax-cut-credit-for-working-poor-passes-cuts-for-rich-business-owners/
9,https://madison.com/wsj/news/local/govt-and-politics/what-would-the-next-four-years-bring-under-scott-walker/article_b6acf419-5647-5914-95c8-f8543b0c8bfe.html
