,searched_url
0,https://www.politifact.com/truth-o-meter/statements/2010/jul/13/george-will/will-obama-said-stimulus-would-cap-unemployment-8-/
1,https://www.politifact.com/virginia/statements/2011/feb/28/george-allen/george-allen-says-barack-obama-promised-stimulus-w/
2,https://www.vox.com/future-perfect/2019/3/29/18279205/recession-unemployment-inverted-yield-curve-stimulus-policy
3,https://www.wsj.com/articles/obama8217s-stimulus-five-years-later-1392640078
4,https://www.nytimes.com/2012/02/12/opinion/sunday/how-the-stimulus-fell-short.html
5,https://en.wikipedia.org/wiki/American_Recovery_and_Reinvestment_Act_of_2009
6,https://www.usnews.com/opinion/articles/2012/02/17/the-five-biggest-failures-from-president-obamas-stimulus-law
7,https://budget.house.gov/press-release/257993/
8,https://www.realclearpolitics.com/topic/in_the_news/obama_stimulus_plan_details/
9,http://thesource1370.com/politifact-obama-and-8-percent-unemployment/
