,searched_url
0,http://tegac.org/wp-content/uploads/2016/06/Full-Report-Doing-More-With-Less-Public-Education-in-a-New-Fiscal-Reality.pdf
1,https://www.politifact.com/personalities/donna-howard/statements/byruling/true/
2,https://okpolicy.org/oklahoma-continues-lead-u-s-deepest-cuts-education/
3,https://www.npr.org/2011/12/22/144079041/texas-schools-grapple-with-big-budget-cuts
4,https://www.txsc.org/texas-ranks-49th-in-per-student-spending/
5,https://www.texaspolicy.com/texans-deserve-a-better-deal-on-education/
6,https://www.idra.org/resource-center/perspectives-on-the-texas-legislatures-latest-school-funding-plan/
7,https://www.cbpp.org/research/state-budget-cuts-in-the-new-fiscal-year-are-unnecessarily-harmful
8,https://www.texasmonthly.com/burka-blog/school-property-taxes-high-next-two-years-thank-abbott-patrick/
9,https://www.atr.org/fourteen-ways-reduce-government-spending-a5332
