,searched_url
0,https://www.nytimes.com/2018/10/02/opinion/donald-trump-tax-fraud-fred.html
1,https://www.nytimes.com/2019/04/10/business/trump-tax-returns.html
2,https://www.politifact.com/personalities/rudy-giuliani/statements/by/
3,https://www.politifact.com/personalities/rudy-giuliani/statements/byruling/false/
4,https://www.politifact.com/personalities/rudy-giuliani/
5,https://www.bloomberg.com/graphics/trump-administration-conflicts/
6,https://www.mcsweeneys.net/articles/the-complete-listing-so-far-atrocities-1-546
7,http://nymag.com/intelligencer/2017/06/every-terrifying-thing-that-donald-trump-has-done.html
8,http://nymag.com/intelligencer/2018/12/commentary-roundup-on-the-cohen-and-manafort-filings.html
9,https://www.thedailybeast.com/rudy-giuliani-gets-it-wrong-on-hillary-clintons-feminism-new-york-times-coverage
