,searched_url
0,https://www.politifact.com/florida/statements/2015/mar/24/seaworld/seaworld-says-their-whales-live-long-wild-whales-d/
1,https://www.thedodo.com/why-seaworlds-ads-claiming-our-whales-live-as-long-as-in-the-wild-are--1091030101.html
2,https://www.latimes.com/business/la-fi-seaworld-orcas-live-as-long-as-whales-in-the-wild-study-says-20150722-story.html
3,https://www.seaworldofhurt.com/features/8-reasons-orcas-dont-belong-seaworld/
4,https://www.hakaimagazine.com/news/tanked-killer-whales-captivity/
5,http://savedolphins.eii.org/news/entry/does-seaworld-really-care-about-killer-whales
6,https://www.nationalgeographic.com/animals/2019/03/orcas-captivity-welfare/
7,https://www.businessinsider.com/seaworld-killer-whales-continue-performing-2018-1
8,https://nordic.businessinsider.com/seaworld-killer-whales-continue-performing-2018-1/
9,http://s1.q4cdn.com/392447382/files/doc_news/SeaWorlds-Killer-Whales-Live-As-Long-As-Their-Wild-Counterparts.pdf
