,searched_url
0,https://www.politifact.com/truth-o-meter/statements/2007/sep/15/hillary-clinton/studies-confirm-premiums-are-up-98-percent/
1,https://www.politifact.com/personalities/hillary-clinton/statements/byruling/true/?page=4
2,https://www.nation.co.ke/health/Caesarean-sections-have-doubled-since-2000/3476990-4839000-mj591vz/index.html
3,https://www.chicagotribune.com/news/ct-xpm-2007-05-25-0705240774-story.html
4,http://www.punditfact.com/personalities/hillary-clinton/statements/byruling/true/?page=4
5,https://www.latimes.com/archives/la-xpm-2007-may-25-na-hillary25-story.html
6,https://www.popmatters.com/clinton-outlines-proposals-for-health-care-reform-2496240300.html
7,https://www.wsj.com/articles/SB118951816890323784
8,https://www.nutrifitonline.com/blog/news/the-politics-of-health/
9,https://www.asiaone.com/health/separate-insurance-long-term-care-and-health-care-bills
