,searched_url
0,https://www.politifact.com/wisconsin/statements/2011/feb/18/scott-walker/wisconsin-gov-scott-walker-says-his-budget-repair-/
1,https://www.newyorker.com/magazine/2012/03/05/storm-william-finnegan
2,http://politicalcorrection.org/print/factcheck/201102230010
3,https://thepoliticalenvironment.blogspot.com/2012/04/heres-my-proposed-ad-about-scott-walker.html
4,http://archive.jsonline.com/news/milwaukee/117380038.html/
5,https://thinkprogress.org/gov-walker-misleadingly-claims-his-union-busting-bill-doesnt-end-collective-bargaining-b5255c59e0/
6,https://www.motherjones.com/politics/2012/03/scott-walker-negotiate-wisconsin-union-recall/
7,https://onewisconsinnow.org/scott-walker/walkers-world/
8,https://www.wisbar.org/NewsPublications/Pages/General-Article.aspx?ArticleID=11727
9,http://buzzflash.com/commentary/scott-walkers-pants-are-on-fire-for-lying-about-union-busting-and-collective-bargaining
