,searched_url
0,https://www.politifact.com/wisconsin/statements/2010/sep/08/daniel-mielke/congressional-candidate-daniel-mielke-says-almost-/
1,https://www.nytimes.com/2019/01/12/us/politics/trump-illegal-immigration-statistics.html
2,https://bipartisanpolicy.org/blog/data-on-foreign-born-in-federal-prisons-says-little-about-overall-immigrant-criminality/
3,https://thehill.com/opinion/immigration/407312-one-in-five-us-prison-inmates-is-a-criminal-alien
4,https://www.cato.org/publications/immigration-research-policy-brief/their-numbers-demographics-countries-origin
5,https://www.urban.org/sites/default/files/publication/62771/410366-Illegal-Aliens-in-Federal-State-and-Local-Criminal-Justice-Systems.PDF
6,https://www.dhs.gov/news/2018/06/07/departments-justice-and-homeland-security-release-quarterly-alien-incarceration
7,https://cis.org/Huennekens/DOJ-26-Federal-Prisoners-Are-Aliens
8,https://www.justice.gov/opa/pr/departments-justice-and-homeland-security-release-data-incarcerated-aliens-94-percent-all
9,https://www.washingtonpost.com/news/fact-checker/wp/2018/07/06/trump-falsely-claims-the-human-toll-of-illegal-immigration/
