,searched_url
0,http://swampland.time.com/2011/06/27/the-cracks-in-rick-perrys-job-growth-record/
1,https://www.cnbc.com/id/44155708
2,https://www.npr.org/2011/08/17/139688463/texas-economy-growing-long-before-gov-rick-perry
3,https://www.aei.org/publication/texas-great-american-job-machine-solely-responsible-1m-net-us-job-increase-since-2007/
4,https://www.aol.com/2011/07/08/is-texas-responsible-for-half-the-countrys-job-growth/
5,https://www.washingtonpost.com/blogs/fact-checker/post/fact-checker-biography-rick-perrys-record-on-texas-job-creation/2011/11/11/gIQAKk4iCN_blog.html
6,https://www.vanityfair.com/news/politics/2012/01/rick-perry-201201
7,https://www.nytimes.com/2011/08/16/business/in-texas-perry-rides-an-energy-boom.html
8,https://www.nytimes.com/2009/12/06/magazine/06texas-t.html
9,https://www.newsmax.com/us/perry-jobs/2011/07/26/id/404943/
