,searched_url
0,https://www.politifact.com/wisconsin/statements/2012/mar/26/tommy-thompson/tommy-thompson-says-wisconsins-unemployment-rate-w/
1,https://www.npr.org/2018/10/05/654417887/u-s-unemployment-rate-drops-to-3-7-percent-lowest-in-nearly-50-years
2,https://www.whitehouse.gov/articles/americas-unemployment-rate-falls-lowest-level-almost-50-years/
3,https://www.nytimes.com/2018/10/05/business/economy/jobs-report.html
4,https://www.bls.gov/news.release/laus.nr0.htm
5,https://www.bls.gov/opub/ted/2018/eight-states-at-historically-low-unemployment-rates-in-march-2018.htm?view_full
6,https://www.epi.org/publication/as-wisconsins-and-minnesotas-lawmakers-took-divergent-paths-so-did-their-economies-since-2010-minnesotas-economy-has-performed-far-better-for-working-families-than-wisconsin/
7,https://www.epi.org/publication/bold-increases-in-the-minimum-wage-should-be-evaluated-for-the-benefits-of-raising-low-wage-workers-total-earnings-critics-who-cite-claims-of-job-loss-are-using-a-distorted-frame/
8,https://walker.wi.gov/press-releases/29-percent-unemployment-rate-reaches-all-time-low-under-governor-walker
9,https://en.wikipedia.org/wiki/Unemployment_in_the_United_States
