,searched_url
0,https://www.politifact.com/subjects/redistricting/statements/byruling/false/
1,https://www.politifact.com/florida/statements/2011/jun/28/will-weatherford/weatherford-denies-30-million-pot-exists-redistric/
2,https://www.politifact.com/personalities/will-weatherford/statements/by/
3,https://www.brennancenter.org/page/-/CGR%20Reprint%20Single%20Page.pdf
4,https://wallacehouse.umich.edu/wp-content-uploads/2012/06/hidden-hands-in-redistricting-corporations-special-interestspdf.htm
5,https://nymag.com/intelligencer/2018/11/democrats-made-gains-on-redistricting-but-the-game-goes-on.html
6,https://library.cqpress.com/cqresearcher/document.php?id=cqresrre2017082500
7,http://archive.fairvote.org/redistricting/reports/remanual/flnews4.htm
8,http://archive.fairvote.org/redistricting/reports/remanual/ganews.htm
9,https://shepherdexpress.com/news/features/political-redistricting-map-50-years/
