,searched_url
0,https://www.politifact.com/florida/statements/2010/apr/05/alexander-snitker/libertarian-senate-candidate-claims-he-ignored-mai/
1,http://news.usf.edu/article/templates/?a=2903&z=127
2,https://www.politifact.com/personalities/alexander-snitker/
3,https://independentpoliticalreport.com/2010/03/florida-libertarian-snitker-a-nightly-news-nobody-and-an-internet-sensation/
4,https://ivn.us/2010/06/23/sham-democracy-how-media-and-two-party-system-stymie-competition-independent-and/
5,https://americanlibertyriders.ning.com/group/floridalibertyriders?groupUrl=floridalibertyriders&id=3899508%3AGroup%3A22&page=132
6,https://www.foxsports.com/mlb/story/snitker-gets-2-year-extension-managed-braves-to-playoffs-101518
7,https://www.youtube.com/watch?v=pAT7oE4oHLY
8,https://www.youtube.com/watch?v=MtcnsXWwzsQ
9,https://www.apnews.com/31ac10a01fa84f32b2ee7da550aa84c3
