,searched_url
0,https://www.npr.org/2015/12/17/460013213/fact-check-cruzs-misleading-charge-about-rubio-and-refugees
1,https://www.politifact.com/truth-o-meter/statements/2015/dec/18/ted-cruz/cruz-muddles-accusation-against-rubios-immigration/
2,https://www.politifact.com/personalities/marco-rubio/statements/about/
3,https://www.washingtonpost.com/news/fact-checker/wp/2015/12/16/fact-checking-the-fifth-round-of-gop-debates/
4,http://www.msnbc.com/msnbc/debate-trumps-controversial-muslim-idea-virtually-forgotten
5,https://fee.org/articles/the-five-biggest-immigration-myths-from-the-gop-debate/
6,https://www.newsweek.com/five-bare-faced-lies-about-immigration-and-terrorism-407797
7,https://www.factcheck.org/2015/12/cruz-attacks-rubio-on-refugees/
8,https://www.latinorebels.com/2015/12/16/immigrants-of-america-rubio-and-cruz-dont-feel-your-pain/
9,https://www.politico.com/story/2015/12/gop-debate-las-vegas-terrorism-216799
