,searched_url
0,https://khn.org/news/overlooked-by-aca-many-people-paying-full-price-for-insurance-getting-slammed/
1,https://www.politifact.com/truth-o-meter/statements/2015/dec/20/paul-ryan/paul-ryans-shaky-claim-obamacare-making-families-p/
2,https://www.washingtonpost.com/national/health-science/californias-aca-rates-to-rise-87percent-next-year/2018/07/19/fa5bb53a-8b85-11e8-9d59-dccc2c0cabcf_story.html
3,https://www.washingtonpost.com/news/wonk/wp/2013/01/06/five-facts-about-obamacare-and-health-premiums/
4,https://abcnews.go.com/Health/health-care-premiums-rising-obamacare/story?id=43047190
5,https://www.protectourcare.org/why-rhode-islanders-insurance-is-getting-even-more-expensive-the-trump-administration-and-washington-republicans-keep-sabotaging-health-care/
6,https://www.protectourcare.org/why-montanans-insurance-is-getting-even-more-expensive-the-trump-administration-and-washington-republicans-keep-sabotaging-health-care/
7,https://www.nytimes.com/2018/10/11/us/politics/affordable-care-act-premium-decrease.html
8,http://money.com/money/4826591/aca-premiums-cost-2018/
9,https://www.vox.com/policy-and-politics/2018/6/15/17468478/voxcare-obamacare-premiums-rising-2019
