,searched_url
0,https://www.politifact.com/wisconsin/article/2018/dec/28/he-prepares-leave-office-scott-walkers-record-trut/
1,https://onewisconsinnow.org/scott-walker/politics/
2,https://www.politico.com/playbook
3,https://www.theatlantic.com/politics/archive/2015/09/scott-walker-presidential-campaign/406618/
4,https://www.sourcewatch.org/index.php/Scott_Walker
5,https://newrepublic.com/article/118145/scott-walkers-toxic-racial-politics
6,https://urbanmilwaukee.com/people/scott-walker/
7,http://www.cnn.com/TRANSCRIPTS/sn.html
8,https://www.congress.gov/bill/116th-congress/house-bill/1/text
9,http://nymag.com/intelligencer/2016/10/8-years-in-obamas-america.html
