,searched_url
0,https://www.forbes.com/sites/leemathews/2018/08/31/now-hackers-can-spy-on-you-by-listening-to-your-screen/
1,https://www.wsj.com/articles/what-i-learned-from-the-hacker-who-spied-on-me-11549559728
2,https://www.ifsecglobal.com/cyber-security/how-to-hack-a-security-camera/
3,https://abcnews.go.com/Business/household-products-spying/story?id=19974898
4,http://theconversation.com/your-devices-latest-feature-they-can-spy-on-your-every-move-55998
5,https://www.expressvpn.com/blog/8-ways-the-nsa-spies-on-you/
6,https://www.nationalgeographic.com/magazine/2018/02/surveillance-watching-you/
7,http://ca.norton.com/yoursecurityresource/detail.jsp?aid=webcam_hacking
8,https://en.wikipedia.org/wiki/Spyware
9,https://www.komando.com/tips/452528/7-signs-youve-been-hacked-that-you-need-to-know-now
