,searched_url
0,https://lifepowered.org/us-supply-of-fossil-fuels-is-still-plentiful/
1,https://oilprice.com/Energy/Crude-Oil/Does-Saudi-Arabia-Really-Have-As-Much-Oil-As-Analysts-Think.html
2,https://en.wikipedia.org/wiki/Energy_in_Saudi_Arabia
3,https://en.wikipedia.org/wiki/Oil_reserves_in_the_United_States
4,https://www.eia.gov/energyexplained/index.php?page=oil_where
5,https://www.eia.gov/beta/international/analysis.php?iso=SAU
6,https://www.visualcapitalist.com/map-countries-most-oil-reserves/
7,https://ourworldindata.org/fossil-fuels
8,https://www.villacliviabeb.it/2018/36014/countries-with-the-biggest-coal-reserves/
9,https://www.investopedia.com/articles/markets-economy/090516/10-countries-most-natural-resources.asp
