,searched_url
0,https://www.nationalhomeless.org/factsheets/veterans.pdf
1,http://nchv.org/index.php/news/media/background_and_statistics/
2,https://www.va.gov/homeless/
3,https://www.militarytimes.com/veterans/2017/12/06/number-of-homeless-veterans-nationwide-rises-for-first-time-in-seven-years/
4,https://www.cbsnews.com/news/study-veterans-make-up-1-in-4-homeless/
5,https://www.ncbi.nlm.nih.gov/pmc/articles/PMC4521393/
6,https://www.wsj.com/articles/a-city-solves-veteran-homelessness-1543919401
7,https://www.citygatenetwork.org/agrm/The_Battle_is_Just_Beginning.asp
8,https://en.wikipedia.org/wiki/Homelessness_in_the_United_States
9,http://time.com/5019720/veterans-homeless/
