,searched_url
0,https://www.statesman.com/news/20160904/politifact-confederate-flag-debate-among-reasons-federal-budget-is-held-up
1,https://www.politifact.com/texas/statements/2015/sep/11/lloyd-doggett/lloyd-doggett-says-opposition-confederate-flag-lim/
2,https://www.c-span.org/video/?c4543264/rep-jared-huffman-confederate-flag-ban-cemeteries
3,https://www.expressnews.com/business/local/article/Doggett-Budget-bill-might-rescue-Ex-Im-Bank-6483935.php
4,https://www.sdtranscript.com/
5,https://www.treasury.gov/resource-center/faqs/sanctions/pages/faq_general.aspx
6,https://www.everycrsreport.com/topics/crs-insights.html
7,https://www.politico.com/playbook
8,http://www.parkpartners.org/Fed-Parks-and-Rec-July-24-2015.pdf
9,https://www.washingtonpost.com/news/powerpost/paloma/daily-202/2019/02/13/daily-202-everyone-gets-a-win-huge-public-lands-bill-shows-how-congress-is-supposed-to-work/5c6306ee1b326b71858c6b60/
