,searched_url
0,https://www.politifact.com/arizona/statements/2016/sep/09/donald-trump/donald-trumps-pants-fire-claim-hillary-clinton-has/
1,https://www.vox.com/a/hillary-clinton-interview
2,https://www.nytimes.com/video/us/politics/1194817098972/hillary-clinton-on-immigration.html
3,https://en.wikiquote.org/wiki/Hillary_Clinton
4,https://www.buzzfeednews.com/article/adriancarrasquillo/a-year-ago-clinton-planted-a-flag-on-immigration-in-nevada-t
5,https://www.politico.com/magazine/story/2018/10/19/hillary-clinton-democrats-go-away-2018-2020-221608
6,https://qz.com/813971/final-presidential-debate-2016-all-of-the-questions-asked-of-hillary-clinton-and-donald-trump-by-fox-news-anchor-chris-wallace/
7,https://www.theguardian.com/world/2018/nov/22/hillary-clinton-europe-must-curb-immigration-stop-populists-trump-brexit
8,https://www.washingtonpost.com/news/the-fix/wp/2016/10/19/the-final-trump-clinton-debate-transcript-annotated/
9,http://www.msnbc.com/msnbc/hillary-clinton-immigration-we-cant-wait-any-longer
