,searched_url
0,https://www.politifact.com/truth-o-meter/article/2010/mar/17/deem-and-pass-explained/
1,https://www.politifact.com/personalities/cliff-stearns/
2,https://www.everycrsreport.com/reports/RL30862.html
3,http://nymag.com/intelligencer/2014/11/did-the-author-of-obamacare-admit-its-evil.html
4,https://reason.com/2018/09/09/why-settled-law-isnt-really-settled-and/
5,https://yoho.house.gov/votes
6,https://whatthefuckjusthappenedtoday.com/all/
7,https://www.healthmarkets.com/resources/health-insurance/trumpcare-news-updates/
8,https://www.americanprogress.org/issues/economy/reports/2018/10/26/459894/reflections-congressional-budget-act/
9,https://www.vox.com/policy-and-politics/2017/7/21/16007934/trump-president-pardon-himself-limits-power-constitution
