,searched_url
0,https://www.who.int/news-room/fact-sheets/detail/hiv-aids
1,https://www.who.int/features/qa/71/en/
2,https://www.ncbi.nlm.nih.gov/pmc/articles/PMC3115214/
3,https://www.ncbi.nlm.nih.gov/books/NBK11782/
4,https://www.hiv.gov/federal-response/pepfar-global-aids/global-hiv-aids-overview
5,https://www.cdc.gov/hiv/group/age/olderamericans/index.html
6,https://www.medicalnewstoday.com/articles/323946.php
7,https://ourworldindata.org/hiv-aids
8,http://www.unaids.org/en/file/110927/download?token=hfImcvDw
9,https://en.wikipedia.org/wiki/HIV/AIDS_in_Africa
