,searched_url
0,https://www.politifact.com/truth-o-meter/statements/2010/jul/29/mark-dayton/mark-dayton-says-gov-tim-pawlenty-cut-education-sp/
1,https://www.politifact.com/personalities/mark-dayton/statements/byruling/half-true/
2,https://progressive.org/public-school-shakedown/minnesota-governor-mark-dayton-more-school-funding-money-180515/
3,https://www.leg.state.mn.us/docs/2009/other/091169/budgetforum.senate.mn/index5791.html?p=157
4,https://www.minnpost.com/community-voices/2009/06/budgets-were-tight-pawlentys-education-funding-shift/
5,https://www.minnpost.com/politics-policy/2010/07/viewing-dfl-ads-tim-pawlenty-running-third-term/
6,https://www.politifact.com/truth-o-meter/article/2010/jul/29/fact-checking-tim-pawlenty/
7,https://www.c-span.org/video/?296235-1/minnesota-gubernatorial-debate
8,http://theuptake.org/live-video-post/governors-debate-at-pantages-theater/
9,https://finance-commerce.com/2010/09/rx-for-dayton-focus-on-education/
