,searched_url
0,https://www.politifact.com/florida/statements/2010/jul/26/rick-scott/rick-scott-touts-7-7-7-plan-create-700000-jobs-sev/
1,https://www.politifact.com/florida/promises/scott-o-meter/promise/588/create-over-700000-jobs/
2,https://www.flgov.com/statement-from-governor-rick-scott-700000-jobs-in-seven-years-setting-the-record-straight-2/
3,https://www.tampabay.com/news/politics/PolitiFact-Florida-Gov-Rick-Scott-mostly-fulfills-promise-to-create-700-000-jobs-in-7-years_167278860
4,https://votesmart.org/candidate/political-courage-test/124204/rick-scott/
5,http://www.floridajobs.org/docs/business-resources/state_of_florida_job_creation_plan.pdf
6,http://www.sunshinestatenews.com/story/sen-rick-scott-washington-seems-have-given-reforming-healthcare-i-dont-accept
7,https://www.finsavvypanda.com/went-93000-debt-700000-equity-7-years/
8,http://www3.weforum.org/docs/WEF_Future_of_Jobs.pdf
9,https://www.scmp.com/news/hong-kong/community/article/2120366/poverty-hong-kong-hits-7-year-high-one-five-people
