,searched_url
0,https://www.politifact.com/wisconsin/statements/2015/may/20/tammy-baldwin/are-there-more-us-senators-wisconsin-residents-who/
1,https://americansfortaxfairness.org/issues/estate-tax/fact-checking-conservatives-claims-about-the-estate-tax/
2,https://www.cnbc.com/2017/12/01/heres-how-trump-stands-to-benefit-from-the-republican-tax-bill.html
3,https://www.brookings.edu/blog/social-mobility-memos/2017/11/02/american-workers-need-a-pay-raise-the-estate-tax-could-help/
4,https://www.washingtonpost.com/news/wonk/wp/2017/11/30/what-is-in-the-senates-massive-tax-bill-and-what-could-change/
5,https://www.nbcnews.com/politics/congress/republican-tax-bill-house-senate-trump-n831161
6,https://itep.org/trumpgopplan/
7,http://www.wisconsinbudgetproject.org/what-the-trump-tax-plan-means-for-wisconsin-taxpayers-in-six-charts
8,https://buffalonews.com/2017/12/16/gop-tax-bill-penalizes-married-couples-and-larger-families/
9,https://www.vox.com/2017/12/20/16790040/gop-tax-bill-winners
