,searched_url
0,https://www.politifact.com/wisconsin/statements/2013/aug/11/ron-johnson/average-college-degree-takes-six-years-us-sen-ron-/
1,https://www.npr.org/2019/03/13/681621047/college-completion-rates-are-up-but-the-numbers-will-still-surprise-you
2,https://www.nytimes.com/2014/12/02/education/most-college-students-dont-earn-degree-in-4-years-study-finds.html
3,https://nces.ed.gov/fastfacts/display.asp?id=569
4,http://college.usatoday.com/2015/12/16/breaking-the-4-year-myth-why-students-are-taking-longer-to-graduate/
5,https://studentclearinghouse.org/blog/the-new-reality-for-college-students-earning-a-bachelors-degree-takes-5-to-6-years-and-students-attend-multiple-institutions/
6,https://study.com/articles/How_Many_Years_Does_it_Take_to_Finish_a_Bachelors_Degree.html
7,https://www.washingtonpost.com/news/wonk/wp/2014/12/02/why-so-many-students-are-spending-six-years-getting-a-college-degree/
8,http://business.time.com/2013/01/10/the-myth-of-the-4-year-college-degree/
9,https://hechingerreport.org/more-high-school-grads-than-ever-are-going-to-college-but-1-in-5-will-quit/
