,searched_url
0,https://www.politifact.com/wisconsin/statements/2014/jul/24/jon-richards/assistant-district-attorneys-didnt-get-raises-over/
1,https://www.doj.gov.hk/eng/public/pubsoppapcon.html
2,https://theintercept.com/2019/04/24/wrongful-convictions-prosecutors-innocence-organizations/
3,https://www.nytimes.com/2018/10/30/magazine/larry-krasner-philadelphia-district-attorney-progressive.html
4,https://www.propublica.org/article/who-polices-prosecutors-who-abuse-their-authority-usually-nobody
5,https://www.latimes.com/local/california/la-me-prosecutor-campaign-20180523-story.html
6,https://www.vox.com/future-perfect/2019/1/23/18184192/kamala-harris-president-campaign-criminal-justice-record
7,https://www.theatlantic.com/magazine/archive/2017/09/innocence-is-irrelevant/534171/
8,https://www.policyaddress.gov.hk/2017/eng/policy_ch05.html
9,https://www.jacobinmag.com/2017/08/kamala-harris-trump-obama-california-attorney-general
