,searched_url
0,https://www.politifact.com/texas/statements/2011/may/30/jay-carney/white-house-press-secretary-jay-carney-says-obama-/
1,https://www.politifact.com/texas/article/2011/sep/06/checking-texas-wildfire-claims/
2,https://www.politifact.com/truth-o-meter/rulings/mostly-true/?page=113
3,https://www.federalregister.gov/documents/2001/08/01/01-19011/disaster-assistance-fire-management-assistance-grant-program
4,https://crsreports.congress.gov/product/pdf/R/R43738
5,https://www.downsizinggovernment.org/dhs/fema
6,https://news.nationalgeographic.com/2017/03/how-trump-is-changing-science-environment/
7,https://www.washingtonpost.com/news/powerpost/paloma/daily-202/2019/03/29/daily-202-what-trump-s-reversal-on-the-special-olympics-reveals-about-his-presidency/5c9cecaf1b326b0f7f38f29b/
8,https://whatthefuckjusthappenedtoday.com/all/
9,https://www.texastribune.org/2017/12/14/border-land-grab-government-abused-power-seize-property-fence/
