,searched_url
0,https://www.washingtonpost.com/news/powerpost/paloma/the-health-202/2019/02/21/the-health-202-states-scramble-to-head-off-future-medicaid-shortfalls/5c6db0641b326b71858c6bec/
1,http://www.advisory.com/daily-briefing/resources/primers/medicaidmap
2,https://www.politifact.com/florida/statements/2013/jan/08/rick-scott/rick-scott-ignores-flaws-state-study-says-medicaid/
3,https://www.politifact.com/florida/promises/scott-o-meter/promise/602/reform-medicaid-with-a-federal-waiver/
4,https://www.nytimes.com/2017/11/13/upshot/what-red-states-are-passing-up-as-blue-states-get-billions.html
5,https://ballotpedia.org/Medicaid_spending_in_Florida
6,https://www.heritage.org/health-care-reform/report/why-the-obamacare-medicaid-expansion-bad-taxpayers-and-patients
7,https://www.ncbi.nlm.nih.gov/pmc/articles/PMC4193513/
8,https://www.ncbi.nlm.nih.gov/pmc/articles/PMC5069435/
9,https://thefga.org/wp-content/uploads/2016/12/ObamaCare-Enrollment-is-Shattering-Projections-1.pdf
