,searched_url
0,https://en.wikipedia.org/wiki/Reaganomics
1,https://www.politifact.com/virginia/statements/2012/jun/25/gerry-connolly/rep-gerry-connolly-says-reagan-raised-taxes-during/
2,https://www.bloomberg.com/opinion/articles/2017-12-15/the-mostly-forgotten-tax-increases-of-1982-1993
3,https://en.wikipedia.org/wiki/Reaganomics#Historical_context
4,https://en.wikipedia.org/wiki/Reaganomics#Justifications
5,https://en.wikipedia.org/wiki/Reaganomics#Policies
6,https://en.wikipedia.org/wiki/Reaganomics#Results
7,https://en.wikipedia.org/wiki/Presidency_of_Ronald_Reagan
8,https://www.jstor.org/stable/1344620
9,https://www.cbpp.org/archives/2-6-01tax2.htm
