,searched_url
0,https://www.politifact.com/pennsylvania/statements/2016/apr/18/lauren-hitt/right-city-employee-jim-kenney-cant-fault-drop/
1,https://www.philly.com/philly/news/politics/20160414_City_employees_take_DROP_money_and_return.html
2,https://www.charlottefive.com/arming-teachers/
3,https://www.theatlantic.com/politics/archive/2017/11/the-nationalists-delusion/546356/
4,https://www.latimes.com/projects/la-na-pol-poverty-poll/
5,https://ctb.ku.edu/en/table-of-contents/leadership/leadership-ideas/leadership-styles/main
6,https://whatthefuckjusthappenedtoday.com/all/
7,https://blog.ssa.gov/2017-brings-new-changes-to-full-retirement-age/
8,http://conal.net/quotes.htm
9,https://www.idealmedicalcare.org/patient-profiling-are-you-a-victim/
