,searched_url
0,https://www.realcleardefense.com/articles/2018/04/18/a_norm_in_crisis_implications_of_persistent_chemical_weapons_use_113336.html
1,https://www.un.org/press/en/2016/gadis3556.doc.htm
2,https://phys.org/news/2018-05-chemical-weapons-taboo.html
3,https://www.politifact.com/truth-o-meter/statements/2013/sep/10/ted-yoho/rep-ted-yoho-says-chemical-weapons-have-been-used-/
4,https://www.politico.eu/article/why-the-world-banned-chemical-weapons/
5,https://www.telegraph.co.uk/news/rise-of-biological-chemical-weapons/
6,https://www.bbc.com/news/world-europe-24008768
7,https://www.rferl.org/a/un-council-vote-rival-us-russia-proposals-syrian-chemical-weapons-attacks/28856893.html
8,https://www.washingtonpost.com/news/wonk/wp/2013/09/05/everything-you-need-to-know-about-syrias-chemical-weapons/
9,https://www.theguardian.com/world/2018/apr/14/syria-air-strikes-us-uk-and-france-launch-attack-on-assad-regime
