,searched_url
0,https://www.latimes.com/politics/la-xpm-2012-aug-12-la-pn-would-paul-ryans-budget-give-mitt-romney-zero-taxes-20120812-story.html
1,https://www.nytimes.com/2012/09/22/us/politics/under-pressure-romney-offers-more-tax-data.html
2,https://campaignstops.blogs.nytimes.com/2012/08/12/paul-ryans-liberal-fan-club/
3,https://en.wikipedia.org/wiki/Paul_Ryan
4,https://thesouthern.com/news/local/govt-and-politics/ryan-takes-center-stage-at-rnc/article_21f81b8c-f254-11e1-a08f-001a4bcf887a.html
5,https://www.c-span.org/video/?454486-3/washington-journal-craig-gilbert-charlie-sykes-discuss-paul-ryans-career-legacy
6,https://www.sciencemag.org/news/2012/08/paul-ryans-record-science-and-government
7,https://www.economist.com/comment/1578506
8,https://www.dailyrepublic.com/all-dr-news/opinion/local-opinion-columnists/does-income-tax-punish-the-rich/
9,https://www.washingtonpost.com/news/powerpost/paloma/daily-202/2016/05/12/daily-202-jack-kemp-s-ghost-haunts-paul-ryan-as-he-agonizes-over-donald-trump/57334087981b92a22d744615/
