,searched_url
0,https://www.politifact.com/florida/statements/2012/oct/17/bill-nelson/mack-gets-one-florida/
1,https://www.politifact.com/personalities/connie-mack/statements/about/
2,https://www.politifact.com/personalities/bill-nelson/statements/by/
3,https://www.politifact.com/personalities/connie-mack/statements/
4,https://miamiherald.typepad.com/nakedpolitics/2012/10/facts-get-pummeled-in-nelson-v-mack-debate.html
5,https://www.sayfiereview.com/blog_ticker?filter_id=sqfszxxqwytki&page=4480
6,https://www.floridadems.org/news/breaking-homestead-exemption-could-be-a-problem-for-mack
7,http://archive.naplesnews.com/news/state/lee-property-appraiser-connie-mack-wife-allowed-separate-homestead-exemptions-ep-389908495-342629662.html/
8,"https://ballotpedia.org/Florida_Amendment_12,_Lobbying_Restrictions_Amendment_(2018)"
9,http://www.progressivesarasota.org/uploads/4/4/9/5/44952979/florida_ballot_amendments.docx
