,searched_url
0,https://tradingeconomics.com/hong-kong/unemployment-rate
1,http://www.ncsl.org/research/labor-and-employment/national-employment-monthly-update.aspx
2,https://www.prisonpolicy.org/reports/outofwork.html
3,https://fred.stlouisfed.org/series/UNRATE/
4,https://www.cnbc.com/2018/10/08/the-last-time-unemployment-was-this-low-something-bad-happened.html
5,https://www.bls.gov/news.release/laus.nr0.htm
6,https://www.ons.gov.uk/employmentandlabourmarket/peopleinwork/employmentandemployeetypes/bulletins/uklabourmarket/april2019
7,https://en.wikipedia.org/wiki/Unemployment_in_the_United_Kingdom
8,https://www.factcheck.org/2018/01/trumps-numbers/
9,https://www.factcheck.org/2016/07/obamas-numbers-july-2016-update/
