,searched_url
0,https://www.politifact.com/personalities/jim-zehringer/
1,https://www.politifact.com/subjects/agriculture/statements/byruling/true/
2,https://americansfortaxfairness.org/tax-fairness-briefing-booklet/fact-sheet-the-estate-inheritance-tax/
3,https://www.cbpp.org/blog/the-myth-that-the-estate-tax-threatens-small-farms
4,https://www.sanders.senate.gov/newsroom/press-releases/release-sanders-bill-restores-estate-tax-on-billionaires
5,https://www.realclearpolitics.com/video/2019/02/05/watch_live_president_trump_delivers_2019_state_of_the_union_address.html
6,https://www.irs.gov/pub/irs-pdf/p225.pdf
7,http://peer2travel.com/noerk24jt/gltoitk7jrf.php?tyjkfthftj=ez-pass-tax-statement
8,http://ises.com.pl/sc7hcbi/puujyps.php?xxx=5&potwkiltd=accident-on-105-montgomery-county
9,https://en.wikipedia.org/wiki/George_Washington
