,searched_url
0,https://www.politifact.com/wisconsin/statements/2014/aug/25/mary-burke/mary-burke-says-spotted-cow-beer-available-only-wi/
1,https://newglarusbrewing.com/beers/faq
2,https://newglarusbrewing.com/beers/ourbeers/beer/spotted-cow
3,https://en.wikipedia.org/wiki/New_Glarus_Brewing_Company
4,https://en.wikipedia.org/wiki/New_Glarus_Brewing_Company#History
5,https://en.wikipedia.org/wiki/New_Glarus_Brewing_Company#Spotted_Cow
6,https://en.wikipedia.org/wiki/New_Glarus_Brewing_Company#Other_beers
7,https://en.wikipedia.org/wiki/New_Glarus_Brewing_Company#Distribution
8,https://www.greenbaypressgazette.com/story/entertainment/nightlife/beer/2019/04/22/spotted-cow-beer-wisconsins-new-glarus-brewing-sold-case/3508709002/
9,https://www.minnpost.com/business/2016/02/wait-why-cant-you-sell-spotted-cow-beer-minnesota/
