,searched_url
0,https://politics.myajc.com/news/state--regional-govt--politics/new-toilets-save-millions-gallons-water-metro-atlanta/904wJdIyWKOaM3C4ojOanK/
1,https://northgeorgiawater.org/toilet-rebate-program-reaches-milestone-100000-toilets-replaced-with-water-saving-models/
2,http://northgeorgiawater.org/toilet-rebate-program-reaches-milestone-100000-toilets-replaced-with-water-saving-models/water-use-graph/
3,https://www.politifact.com/georgia/statements/2015/jul/07/metropolitan-north-georgia-water-planning-district/agency-says-low-flow-toilets-saving-millions-gallo/
4,http://www.edanaro.com/edanaro-news/toilet-rebate-program-reaches-milestone-100000-toilets-replaced-with-water-saving-models/
5,https://atlantaregionsplan.org/world-class-infrastructure/protect-water-supply-and-quality/
6,https://www.ajc.com/news/state--regional-govt--politics/ajc-fact-checkers-look-greece-economy-metro-atlanta-toilets/IYfTDmdeDgxv86vJt60BRM/
7,https://www.npr.org/2018/09/22/650137845/as-west-grows-water-use-declines-thanks-to-better-toilets
8,http://www.spokaneriver.net/wp-content/uploads/2008/08/smart-savings-water-conservation.pdf
9,https://www.conserveh2o.org/toilet-water-use
