,searched_url
0,https://www.politifact.com/texas/statements/2012/oct/19/rob-moshein/austin-resident-says-university-texas-has-7-billio/
1,https://www.politifact.com/personalities/rob-moshein/
2,https://www.studocu.com/en/document/qatar-university/fluid-mechanics/book-solutions/ed6f3d1f87b9cd2/2838057/view
3,https://www.houstonchronicle.com/news/investigations/article/Broken-Trust-Texas-huge-school-endowment-pays-13631937.php
4,https://www.reuters.com/article/uk-africa-endowments-insight-idUKBRE9660BH20130707
5,https://www.texasmonthly.com/articles/till-death-do-us-part/
6,http://www.slate.com/articles/life/the_slate60/2010/02/slate_60_donor_bios.html
7,https://giving.duke.edu/news/detail/von-der-heydens-give-duke-8.36m-to-support-arts-global-health
8,https://www.financialsamurai.com/scraping-by-on-500000-a-year-high-income-earners-struggling/
9,https://issuu.com/mccombsschoolofbusiness/docs/mc_fall2016_10.14.16_issuu
