,searched_url
0,https://www.nrcc.org/2013/01/09/spendingistheproblem-do-the-math-all-the-platinum-in-the-world-still-couldnt-pay-off-the-debt/
1,https://www.politifact.com/truth-o-meter/staff/jake-berry/
2,https://www.politifact.com/new-hampshire/statements/2013/jan/14/national-republican-congressional-committee/nrcc-compares-nations-debt-all-words-platinum-take/
3,https://www.politifact.com/subjects/debt/statements/byruling/true/
4,https://www.milesfranklin.com/page/88/?p=galhsjvxzgpknfjr
5,https://www.milesfranklin.com/page/293/?p=galhsjvxzgpknfjr
6,https://www.milesfranklin.com/2014/08/
7,http://agorafinancial.com/OSTOST_SilverWOSTKB00.html
8,https://edsteergoldsilver.com/author/ed-steer/
9,https://goldandenergyadvisor.com/page/gez/realwealth/2008.html
