,searched_url
0,https://www.politifact.com/texas/statements/2014/may/15/ken-paxton/dan-branch-registered-lobby-ohio-union-not-afl-cio/
1,https://texasscorecard.com/features/branch-hides-work-as-labor-union-lobbyist/
2,https://www.jacobinmag.com/2017/02/trump-labor-movement-unions-trades-climate-change-racism-afl-cio
3,https://www.breitbart.com/border/2014/05/11/former-afl-cio-union-group-lobbyist-dan-branch-under-fire/
4,https://aflcio.org/reports/report-impacts-tpp
5,https://www.dallasnews.com/news/local-politics/2014/05/11/paxton-branch-gear-up-for-ad-onslaught-in-texas-attorney-general-race
6,http://www.ragingelephantsradio.com/former-afl-cio-union-group-lobbyist-dan-branch-under-fire/
7,https://yankeeinstitute.org/2018/09/17/afl-cio-calls-in-outside-help-to-mobilize-for-connecticut-election/
8,https://www.versobooks.com/blogs/2983-stumbling-in-the-dark-american-labor-s-failed-response
9,https://www.jstor.org/stable/40930956
