,searched_url
0,https://www.politifact.com/punditfact/statements/2016/apr/22/unbreakable-kimmy-schmidt/dolphins-rapists-unbreakable-kimmy-schmidt/
1,https://quotecatalog.com/quote/meredith-scardino-dolphins-are-ra-X7q59m7/
2,https://me.me/i/you-know-who-else-you-know-who-doesnt-sleep-a-5955756
3,https://www.thewrap.com/kimmy-schmidt-reality-check-dolphins-rapists-tina-fey/
4,https://getyarn.io/yarn-clip/d52aebff-571f-4042-ace2-aaf09a08d7d4
5,https://me.me/i/so-i-read-recently-that-dolphins-are-actually-rapists-makes-1012685
6,http://www.sundaytimes.lk/120401/Timestwo/int012.html
7,https://www.ranker.com/list/do-dolphins-sexually-assault-people/lee-emjay
8,https://www.vox.com/2015/2/23/8089019/horrible-animals
9,https://www.theatlantic.com/science/archive/2019/03/animals-rape-murder-morality-humans/585049/
