,searched_url
0,https://www.politifact.com/oregon/statements/2012/may/08/john-ludlow/john-ludlow-only-candidate-race-refuse-join-pers-a/
1,https://www.politifact.com/personalities/oregon-public-employees-retirement-system/
2,https://www.oregonlive.com/portland/2012/05/is_john_ludlow_the_only_candid.html
3,https://www.oregonlive.com/clackamascounty/2013/02/commissioner_john_ludlow_keeps.html
4,https://www.oregonlive.com/clackamascounty/2013/02/john_ludlow_declines_to_join_p.html
5,https://www.portlandmercury.com/feature/2018/10/25/23935691/a-mercury-voter-guide-for-the-november-2018-election
6,https://dochub.clackamas.us/documents/drupal/d1d463f2-180e-4097-9551-82b9d94f604c
7,https://www.opb.org/news/series/election-2016/measure-97-pers-divide-candidates-for-oregon-treasurer-secretary-of-state/
8,http://www.basicrights.org/2018equalitypac/
9,https://sos.oregon.gov/elections/Documents/pamphlet/2018/primary-book14.pdf
