,searched_url
0,https://www.politifact.com/georgia/statements/2010/nov/30/democratic-party-georgia-georgia/state-republicans-blame-unemployment-benefit-gap/
1,https://www.politifact.com/personalities/republican-party-georgia/
2,https://www.politifact.com/personalities/democratic-party-georgia-georgia/
3,http://www.georgiaunfiltered.com/2010/11/
4,https://www.cnn.com/2014/02/06/politics/unemployment-insurance/index.html
5,https://www.usatoday.com/story/money/2017/12/07/best-and-worst-run-states-america-which-one-top-rated/926586001/
6,https://www.ajc.com/news/state--regional-govt--politics/senate-votes-reduce-unemployment-payments/PlGfjE7aKWOCuKto8SDlMJ/
7,https://dol.georgia.gov/individuals-faqs-disaster-related-benefits
8,https://www.wctv.tv/content/news/Republican-Kemp-to-be-sworn-in-as-Georgias-83rd-governor-504313571.html
9,https://www.axios.com/stacey-abrams-to-file-suit-challenging-georgia-election-839cd735-0356-480c-9bc3-986776e139ca.html
