,searched_url
0,https://www.politifact.com/new-york/statements/2016/sep/30/basil-seggos/fracking-waste-being-dumped-new-york/
1,http://www.eany.org/our-work/press-release/despite-ban-600000-tons-fracking-waste-entered-nys
2,https://www.riverkeeper.org/campaigns/safeguard/fracking-waste-in-new-york/
3,https://www.riverkeeper.org/news-events/news/riverkeeper/new-ny-rules-allow-continued-use-fracking-waste-roads-landfill-dumping/
4,https://www.nysenate.gov/newsroom/press-releases/liz-krueger/20-senators-urge-closure-fracking-waste-loophole
5,https://thinkprogress.org/new-york-banned-fracking-but-460-000-tons-of-fracking-waste-have-been-dumped-there-1621d1c232aa/
6,https://www.rt.com/usa/356318-nyc-set-ban-fracking-waste/
7,https://www.timesunion.com/opinion/article/Dumping-fracking-waste-on-roads-hazardous-to-12165056.php
8,http://www.nofrackingway.us/2017/02/16/new-york-where-frackers-go-to-dump-their-frack-waste/
9,http://gothamist.com/2016/02/22/fracking_waste_ban.php
