,searched_url
0,https://www.nytimes.com/2010/03/31/science/earth/31energy.html
1,https://www.nytimes.com/2008/06/19/washington/19drill.html
2,https://www.speaker.gov/general/what-they%C3%A2%E2%82%AC%E2%84%A2re-saying-about-president-obama%C3%A2%E2%82%AC%E2%84%A2s-decision-lock-vast-majority-america%C3%A2%E2%82%AC%E2%84%A2s-offshore
3,https://www.politifact.com/truth-o-meter/statements/2010/apr/23/house-natural-resources-committee-republicans/obama-didnt-expand-offshore-drilling-boehner-says/
4,https://naturalresources.house.gov/uploadedfiles/04.01.10-factsmapsonocs.pdf
5,https://www.congress.gov/congressional-report/112th-congress/house-report/69/1
6,https://www.masterresource.org/obama-energy-policy/obamas-offshore-drilling-misdirection-say-what-daniel-yergin/
7,https://en.wikipedia.org/wiki/Barack_Obama
8,https://www.c-span.org/video/?205569-3/us-offshore-drilling-plan&playEvent
9,http://moratorium.offshoremarine.org/omsa/category/scuttlebutt/
