,searched_url
0,https://www.politifact.com/virginia/statements/2014/mar/04/dwight-jones/mayor-jones-says-redskins-training-camp-deal-gener/
1,https://www.politifact.com/virginia/statements/2016/oct/24/joe-morrissey/joe-morrissey-hits-and-misses-claim-about-redskin-/
2,https://www.richmond.com/news/local/city-of-richmond/after-fanfare-of-redskins-deal-city-struggles-with-details/article_9982bd91-2a96-537f-90d4-fa2ad8b66788.html
3,https://www.richmond.com/redskins-xtra/richmond-redskins-talking-about-renegotiating-training-camp-deal/article_bb1e8192-a578-5fb3-b5d7-094d3f5b54fb.html
4,https://rvanews.com/sports/mayor-vows-investigation-after-trees-razed-on-redskins-site/61457
5,https://www.roanoke.com/sports/redskins/richmond-demands-redskins-pay-up-to-maintain-camp-deal/article_26f905bd-bf43-53f9-afd8-10c3aadbb697.html
6,https://richmondbizsense.com/2012/11/09/redskins-deal-offers-peek-at-citys-playbook/
7,http://richmondfirstclub.org/SpeakerSummaries.html
8,https://www.styleweekly.com/richmond/hogwash/Content?oid=1782336
9,https://www.parksatchehaw.org/training-camp-will-be-built-for-washington-redskins-a-40-million-project-in-richmond/
