,searched_url
0,https://thebulwark.com/the-primary-system-is-broken-heres-how-to-fix-it/
1,https://en.wikipedia.org/wiki/2019_Speaker_of_the_United_States_House_of_Representatives_election
2,https://en.wikipedia.org/wiki/Speaker_of_the_United_States_House_of_Representatives
3,https://www.speaker.gov/about/
4,https://www.nytimes.com/2019/01/03/us/politics/new-congress.html
5,https://www.realclearpolitics.com/video/2019/04/25/biden_launches_2020_campaign_america_is_at_stake.html
6,https://www.vox.com/2018/7/23/17517980/nancy-pelosi-house-democrats-2018-midterms-leadership-race-house-speaker
7,https://www.vox.com/2019/1/3/18166742/nancy-pelosi-speaker-house-democrats-congress
8,https://www.usatoday.com/story/news/politics/2018/04/11/whos-who-race-become-next-house-speaker/507306002/
9,https://www.cbsnews.com/live-news/new-congress-sworn-in-nancy-pelosi-house-speaker-today-2019-01-03-live-updates/
