,searched_url
0,http://www.cgpgrey.com/blog/the-trouble-with-the-electoral-college.html
1,https://www.nytimes.com/2019/03/21/opinion/electoral-college-warren-trump.html
2,https://en.wikipedia.org/wiki/2000_United_States_presidential_election
3,https://en.wikipedia.org/wiki/1984_United_States_presidential_election
4,https://news.gallup.com/poll/107539/hillary-clintons-swingstate-advantage.aspx
5,https://www.cpr.org/news/story/national-vote-compact-wouldve-changed-colorados-votes-twice-in-the-last-10-elections
6,https://www.bloomberg.com/news/articles/2013-01-03/final-tally-shows-obama-first-since-56-to-win-51-twice
7,https://history.house.gov/Institution/Electoral-College/Electoral-College/
8,https://thebulwark.com/what-if-we-did-have-a-popular-vote-for-president/
9,https://www.pewresearch.org/fact-tank/2016/12/20/why-electoral-college-landslides-are-easier-to-win-than-popular-vote-ones/
