,searched_url
0,https://www.newsmax.com/newsfront/obama-driver-illegal/2009/12/12/id/341671/
1,https://www.sfgate.com/politics/article/Obama-takes-big-risk-on-driver-s-license-issue-3296561.php
2,https://www.factcheck.org/2008/10/a-license-to-kill/
3,https://www.facebook.com/barackobama/posts/immigration-can-be-a-controversial-topic-we-all-want-safe-secure-borders-and-a-d/10155227588436749/
4,https://www.npr.org/sections/thetwo-way/2014/12/03/368216062/under-executive-action-immigrants-are-entitled-to-social-security-benefits
5,https://townhall.com/tipsheet/conncarroll/2014/11/21/everything-you-need-to-know-about-obamas-executive-amnesty-n1922199
6,https://www.c-span.org/video/?c4710466/obama-immigration-2006
7,https://www.snopes.com/fact-check/obama-agree-trump-administration-immigration-policies/
8,https://www.nytimes.com/2012/06/16/us/transcript-of-obamas-speech-on-immigration-policy.html
9,https://www.cato.org/publications/commentary/top-10-ways-obama-violated-constitution-during-presidency
