,searched_url
0,https://www.politifact.com/truth-o-meter/statements/2008/jan/16/hillary-clinton/no-it-was-a-boon-to-renewable-fuel-industry/
1,https://www.vox.com/2015/8/4/9096903/clean-power-plan-explained
2,https://obamawhitehouse.archives.gov/the-press-office/2015/08/03/fact-sheet-president-obama-announce-historic-carbon-pollution-standards
3,https://coloradosun.com/2019/04/25/colorado-climate-goals-carbon/
4,https://news.nationalgeographic.com/2017/03/how-trump-is-changing-science-environment/
5,https://ballotpedia.org/Clean_Power_Plan_political_timeline
6,https://ny.curbed.com/2019/4/18/18484996/nyc-council-passes-climate-mobilization-act-green-new-deal
7,https://en.wikipedia.org/wiki/Climate_change_policy_of_the_United_States
8,https://en.wikipedia.org/wiki/American_Clean_Energy_and_Security_Act
9,https://alternativeenergy.procon.org/view.timeline.php?timelineID=000015
