,searched_url
0,https://www.politifact.com/virginia/statements/2012/dec/26/jimmy-barrett/barrett-says-virginia-most-populous-state-without-/
1,https://pilotonline.com/inside-business/news/banking-and-finance/article_320b655f-4724-537b-a19b-08e33a87b963.html
2,https://www.quora.com/Why-doesnt-Virginia-have-any-major-professional-sports-teams
3,https://www.quora.com/Will-states-like-Montana-Idaho-and-Wyoming-ever-get-pro-sports-teams-like-in-MLB-NFL-NBA-and-NHL
4,https://www.quora.com/Why-doesnt-Mississippi-have-any-major-sports-teams
5,https://www.quora.com/Which-states-have-no-pro-sports-teams
6,https://en.wikipedia.org/wiki/Sports_teams_in_Virginia
7,https://en.wikipedia.org/wiki/Sports_in_the_United_States_by_state
8,https://en.wikipedia.org/wiki/List_of_American_and_Canadian_cities_by_number_of_major_professional_sports_franchises
9,http://www.slate.com/articles/sports/slate_labs/2013/10/united_sports_of_america_map_if_each_state_could_have_only_one_sport_what.html
