,searched_url
0,https://www.politifact.com/truth-o-meter/statements/2007/oct/08/hillary-clinton/standing-up-but-not-alone-/
1,https://www.politifact.com/personalities/hillary-clinton/statements/byruling/half-true/?page=4
2,https://www.politifact.com/truth-o-meter/article/2007/oct/11/Clinton-health-claims-a-stretch/
3,https://www.politico.com/interactives/2019/04/25/2020-democratic-presidential-candidates-take-stands-issues/
4,http://politicalticker.blogs.cnn.com/2007/12/27/new-clinton-ad-in-south-carolina/
5,http://politicalticker.blogs.cnn.com/2007/12/27/new-clinton-ad-in-south-carolina/comment-page-2/
6,https://newsok.com/article/3141664
7,https://www.chicagotribune.com/news/ct-xpm-2007-10-05-0710040921-story.html
8,https://www.theguardian.com/commentisfree/2018/sep/16/medicare-for-all-universal-healthcare-democrats
9,https://www.healthinsurance.org/blog/2016/02/07/how-close-can-we-get-to-zero-percent-uninsured/
