,searched_url
0,https://www.treasury.gov/resource-center/data-chart-center/interest-rates/Pages/TextView.aspx?data=yield
1,https://www.politifact.com/rhode-island/statements/2012/dec/
2,https://www.newyorkfed.org/research/capital_markets/ycfaq.html
3,https://www.politifact.com/rhode-island/rulings/true/?page=3
4,https://www.clevelandfed.org/our-research/indicators-and-data/yield-curve-and-gdp-growth.aspx
5,https://www.politifact.com/personalities/lincoln-chafee/statements/?list=speaker
6,https://en.wikipedia.org/wiki/Economy_of_Australia
7,https://treasury.gov.au/speech/australias-response-to-the-global-financial-crisis
8,https://www.bls.gov/opub/mlr/2016/article/current-employment-statistics-survey-100-years-of-employment-hours-and-earnings.htm
9,http://repositorio.cepal.org/bitstream/handle/11362/5050/1/S0700130_en.pdf
