,searched_url
0,https://www.cjr.org/campaign_desk/mrap_in_paper.php
1,https://www.wired.com/2007/08/mrap-v-superb-1/
2,https://www.upi.com/New-defense-bill-boosts-MRAP-funding/82111191343338/
3,https://www.politifact.com/truth-o-meter/statements/2007/aug/20/joe-biden/new-trucks-are-safer-but-how-much/
4,https://www.hsdl.org/?view&did=35510
5,http://www.4president.us/websites/2008/biden052707website.htm
6,https://www.jstor.org/stable/40865427
7,https://votesmart.org/public-statement/263227/biden-calls-on-president-to-make-mine-resistant-vehicles-a-national-priority
8,https://votesmart.org/public-statement/288527/letter-to-the-honorable-robert-m-gates-secretary-of-defense
9,https://ploughshares.ca/pl_armedconflict/iraq-2003-first-combat-deaths/
