,searched_url
0,https://www.ncpssm.org/documents/social-security-policy-papers/social-security-is-not-a-ponzi-scheme/
1,https://www.commdiginews.com/business-2/social-security-medicare-ponzi-schemes-103110/
2,https://www.forbes.com/sites/baldwin/2017/07/13/news-from-the-social-security-ponzi-scheme/
3,https://billmoyers.com/story/resurrecting-another-big-lie-myth-social-security-ponzi-scheme/
4,https://www.aei.org/publication/is-medicare-a-ponzi-scheme/
5,https://www.quora.com/Why-might-someone-argue-Medicare-is-a-Ponzi-scheme
6,https://www.quora.com/Why-isn-t-social-security-and-insurance-considered-a-Ponzi-scheme
7,https://www.quora.com/Aren-t-insurance-social-security-and-medicare-examples-of-socialism-and-or-a-Ponzi-scheme
8,https://mises.org/library/social-security-most-successful-ponzi-scheme-history
9,https://www.newburyportnews.com/opinion/social-security-medicaid-are-ponzi-schemes/article_97b6f6b3-87de-51b4-9d03-42f24acfab59.html
