,searched_url
0,https://www.politifact.com/wisconsin/statements/2011/sep/10/chain-email/email-claims-physical-fitness-tests-will-be-requir/
1,https://www.correctionalofficeredu.org/wisconsin/
2,https://doc.wi.gov/Documents/AboutDOC/Reentry/2018BeckyYoungReport.pdf
3,https://doc.wi.gov/Documents/AboutDOC/Reentry/2016BeckyYoungReport.pdf
4,https://wisc.jobs/public/job_view.asp?annoid=97915&jobid=97429&org=410&class=38302&index=true
5,https://www.washingtoncountysheriffwi.org/AnnualReports/2016JailJuvenileInspection.pdf
6,https://www.correctionalofficer.org/faq/correctional-officer-application-process
7,https://nicic.gov/technology-corrections
8,https://www.ncjrs.gov/policing/corr177.htm
9,https://wisconsindot.gov/Documents/about-wisdot/careers/patrol/fitness.pdf
