,searched_url
0,https://obamawhitehouse.archives.gov/economy/jobs/news
1,https://www.npr.org/sections/thetwo-way/2012/09/07/160732356/high-unemployment-slow-job-growth-likely-news-from-todays-report
2,https://www.npr.org/2016/04/03/472745523/fact-check-the-white-houses-private-sector-job-streak
3,https://www.whitehouse.gov/briefings-statements/trump-economy-booming-coast-coast/
4,https://www.theatlantic.com/business/archive/2017/01/december-jobs-report/512366/
5,https://www.politifact.com/personalities/julian-castro/statements/by/
6,https://money.cnn.com/2018/04/05/news/economy/us-job-market-90-months/index.html
7,https://www.factcheck.org/2018/01/trumps-numbers/
8,https://www.bls.gov/news.release/pdf/empsit.pdf
9,https://www.reuters.com/article/us-usa-obama-economy-idUSBRE85716I20120611
