,searched_url
0,http://www.abc.net.au/radionational/programs/religionandethicsreport/the-last-christians-flee-mosul-in-iraq/5620674
1,https://www.theguardian.com/commentisfree/2015/apr/15/middle-east-christians-islamic-persecution-iraq-war
2,https://en.wikipedia.org/wiki/Christianity_in_Iraq
3,https://en.wikipedia.org/wiki/Christianity_in_Iraq#Christian_communities
4,https://en.wikipedia.org/wiki/Christianity_in_Iraq#History
5,https://en.wikipedia.org/wiki/Christianity_in_Iraq#Christianity_in_Iraq
6,https://en.wikipedia.org/wiki/Christianity_in_Iraq#Iraq
7,https://www.npr.org/sections/parallels/2014/06/18/323166067/christian-village-takes-in-iraqis-displaced-by-sectarian-violence
8,https://www.independent.co.uk/news/world/middle-east/christianity-iraq-finished-says-vicar-baghdad-a7643191.html
9,https://www.worldwatchmonitor.org/2014/09/iraq-last-christians-to-leave-bartella/
