,searched_url
0,https://www.politifact.com/texas/statements/2014/mar/20/jim-moore/sen-ted-cruz-has-been-iowa-four-times-his-tenure-r/
1,https://www.statesman.com/news/politifact-cruz-has-been-iowa-times-rio-grande-valley-once-his-tenure/wvVmsikpG0iRJic9BVFRVO/
2,https://www.texastribune.org/2018/11/01/final-days-re-election-bid-ted-cruz-haunted-alliance-steve-king/
3,https://news.yahoo.com/beto-orourke-suicide-mission-ted-cruz-time-life-might-even-come-alive-090027508.html
4,https://www.nytimes.com/2018/04/03/us/texas-ted-cruz-orourke-senate.html
5,https://www.nytimes.com/2016/01/11/us/politics/ted-cruz-rises-in-iowa-on-tide-of-evangelical-support.html
6,https://www.texastribune.org/2016/01/10/cruzs-iowa-bus-tour-five-takeways/
7,http://politifactny.com/personalities/ted-cruz/statements/?page=7&list=speaker
8,https://comrivilrie.tk/block-story-where-is-ted-cruz.php
9,https://www.politico.com/magazine/story/2019/02/22/beto-orourke-campaign-strategy-2020-225193
