,searched_url
0,https://www.reaganfoundation.org/ronald-reagan/the-presidency/reagan-the-man/
1,https://soapboxie.com/us-politics/21reasonsReaganwasaterriblepresident
2,https://www.vanityfair.com/news/2015/01/ronald-reagan-policy-political-failure
3,https://www.quora.com/Was-Ronald-Reagan-smart
4,https://www.quora.com/Why-do-conservatives-treat-Ronald-Reagan-like-a-god
5,https://en.wikipedia.org/wiki/Domestic_policy_of_the_Ronald_Reagan_administration
6,https://nowthisnews.com/videos/politics/even-ronald-reagan-didnt-support-letting-civilians-buy-assault-rifles
7,https://slate.com/news-and-politics/2018/10/ronald-reagan-american-journey-biography.html
8,https://whowhatwhy.org/2016/08/16/bush-angle-reagan-shooting-still-unresolved-hinckley-walks/
9,https://www.thedailybeast.com/when-george-hw-bush-made-up-his-mind-to-be-the-most-loyal-vice-president-ever
