,searched_url
0,https://www.politifact.com/florida/statements/2013/feb/08/will-weatherford/will-weatherford-says-floridas-campaign-contributi/
1,https://www.fec.gov/help-candidates-and-committees/candidate-taking-receipts/who-can-and-cant-contribute/
2,https://www.fec.gov/data/
3,https://dos.myflorida.com/elections/candidates-committees/campaign-finance/
4,https://ballotpedia.org/Campaign_finance_requirements_in_Florida
5,https://www.followthemoney.org/research/institute-reports/independent-spending-in-florida-2006-2010
6,https://www.vox.com/policy-and-politics/2018/10/17/17978502/florida-amendment-4-felons-vote-disenfranchisement
7,https://www.opensecrets.org/overview/topraces.php
8,https://redtoblue.dccc.org/
9,https://www.nytimes.com/2018/02/24/us/politics/nra-gun-control-florida.html
