,searched_url
0,http://www.ontheissues.org/Social/Tammy_Baldwin_Health_Care.htm
1,https://www.tammybaldwin.com/news/2012/tammy-baldwin-releases-new-tv-ad-boss/
2,https://medium.com/2018-wisconsin-senate-race-marquette-university/baldwin-nicholson-vukmir-on-immigration-where-do-they-stand-91c4fd2fae4a
3,https://medium.com/2018-wisconsin-senate-race-marquette-university/healthcare-policy-perspectives-of-each-candidate-de9dd001e35d
4,https://www.baldwin.senate.gov/press-releases/baldwin-part-of-bipartisan-effort-to-improve-planning-options-for-patients-with-advanced-illness
5,https://www.politifact.com/wisconsin/statements/2012/aug/26/tommy-thompson/tommy-thompson-says-us-senate-rival-tammy-baldwin-/
6,https://www.wisn.com/article/watch-u-s-senate-debate-between-tammy-baldwin-leah-vukmir/23952795
7,https://federalnewsnetwork.com/veterans-affairs/2018/03/under-new-accountability-act-va-employees-fear-one-mistake-will-cost-them-their-jobs/
8,https://www.ncbi.nlm.nih.gov/pmc/articles/PMC6281149/
9,https://www.c-span.org/video/?c4648451/fraken
