,searched_url
0,https://www.politifact.com/texas/statements/2016/dec/07/sid-miller/sid-miller-posts-manipulated-photo-the-rock-facebo/
1,https://www.thewrap.com/dwayne-johnson-the-rock-would-have-knelt-raised-fist-solidarity-nfl-anthem-protests/
2,https://nordic.businessinsider.com/the-rock-slams-under-armour-ceo-2017-2/
3,https://www.rollingstone.com/movies/movie-features/dwayne-johnson-the-pain-and-the-passion-that-fuel-the-rock-630076/
4,https://www.statesman.com/news/20161209/politifact-miller-falls-for-photoshopped-pic-of-the-rock
5,http://www.punditfact.com/subjects/pop-culture/statements/
6,https://www.pinterest.com/pin/91197961183738578/
7,https://www.vanityfair.com/style/2019/01/dwayne-johnson-snowflake-quote-fabricated
8,https://www.vanityfair.com/style/2017/05/dwayne-the-rock-johnson-gq-trump-president
9,https://www.scmp.com/magazines/style/news-trends/article/2153939/dwayne-rock-johnson-and-skyscraper-cast-hong-kong
