,searched_url
0,https://www.politifact.com/truth-o-meter/statements/2016/jul/28/hillary-clinton/clinton-deaths-dallas-police-drew-nearly-500-job-a/
1,https://www.keranews.org/post/after-deadly-shootings-dallas-police-recruits-say-theyre-more-committed-ever
2,https://www.wsj.com/articles/dallas-police-department-receives-surge-in-applicants-1469833715
3,https://www.texastribune.org/2016/08/04/shooting-dallas-police-recruits-committed/
4,http://time.com/4420576/dallas-police-department-application-surge/
5,https://news.yahoo.com/dallas-police-applications-surge-after-ambush-attack-152352002.html
6,https://en.wikipedia.org/wiki/2016_shooting_of_Dallas_police_officers
7,https://www.nytimes.com/2016/07/09/us/black-gun-owners-police-shootings.html
8,https://theundefeated.com/features/ex-police-chief-dave-brown-recalls-shootings-of-dallas-police-officers-following-black-live-matters-event-in-his-new-book-called-to-rise/
9,https://www.thedailybeast.com/dnc-2016-truth-o-metering-hillary-clintons-acceptance-speech
