,searched_url
0,https://www.buzzfeednews.com/article/richardhjames/new-zealand-christchurch-mosque-shooting-terror-attack
1,https://www.scmp.com/news/china/policies-politics/article/2145939/how-china-trying-impose-islam-chinese-characteristics
2,https://qz.com/1574282/trumps-new-zealand-shooting-response-doesnt-use-the-word-muslim/
3,http://time.com/5556490/new-zealand-muslim-call-to-prayer/
4,https://www.bbc.com/news/world-asia-47662450
5,https://www.bbc.com/news/uk-47583215
6,https://www.theguardian.com/world/live/2019/mar/15/christchurch-shooting-injuries-reported-as-police-respond-to-critical-incident-live
7,https://www.nytimes.com/2019/02/03/nyregion/muslim-community-patrol-brooklyn.html
8,https://www.nytimes.com/2019/03/15/opinion/new-zealand-mosque-shooting.html
9,https://www.apnews.com/9999bf8e19bb454eb1e7b29cfaf448a3
