,searched_url
0,https://en.wikipedia.org/wiki/Plyler_v._Doe
1,https://www.politifact.com/texas/statements/2013/sep/25/david-watts/1982-supreme-court-decision-texas-case-said-public/
2,https://www.americanbar.org/groups/child_law/resources/child_law_practiceonline/child_law_practice/vol-36/mar-apr-2017/protecting-immigrant-childrens-right-to-education-/
3,https://www.americanimmigrationcouncil.org/research/plyler-v-doe-public-education-immigrant-students
4,http://www.k12.wa.us/MigrantBilingual/ImmigrantRights.aspx
5,https://www.apmreports.org/story/2017/05/30/all-they-wanted-to-do-was-get-an-education
6,https://www.law.cornell.edu/supremecourt/text/457/202
7,http://www.crf-usa.org/bill-of-rights-in-action/bria-7-4-c-education-and-the-14th-amendment
8,https://www.migrationpolicy.org/article/plyler-v-doe-still-guaranteeing-unauthorized-immigrant-childrens-right-attend-us-public
9,https://www.countable.us/articles/1022-rights-do-undocumented-immigrants
