,searched_url
0,https://www.politifact.com/rhode-island/statements/2012/oct/30/david-cicilline/us-rep-david-cicilline-says-he-voted-tougher-laws-/
1,https://www.politifact.com/personalities/david-cicilline/statements/byruling/true/
2,https://www.politifact.com/personalities/david-cicilline/statements/
3,https://www.politifact.com/rhode-island/elections/2012/us-house-district-1/
4,https://www.politifact.com/rhode-island/rulings/true/?page=4
5,https://www.congress.gov/congressional-report/115th-congress/senate-report/9/1
6,https://www.c-span.org/video/?c4778354/rep-david-cicilline-parliamentary-inquiry
7,http://nymag.com/intelligencer/2018/08/cleansing-the-catholic-church-of-its-sins.html
8,http://nymag.com/intelligencer/2018/12/even-old-folks-trended-democratic-in-2018.html
9,http://www.cnn.com/TRANSCRIPTS/sitroom.html
