,searched_url
0,https://www.politifact.com/burger-king/
1,https://www.politifact.com/truth-o-meter/statements/2014/jun/05/chain-email/burger-king-quitting-its-military-base-outlets-bec/
2,https://www.politifact.com/personalities/chain-email/statements/byruling/false/
3,https://obamawhitehouse.archives.gov/the-press-office/2012/04/11/fact-sheet-obama-administration-announces-additional-steps-increase-ener
4,http://www.veteransview.com/?page=4
5,http://sandropiancone.com/blogs/
6,http://justcommonsense-lostinamerica.blogspot.com/2014/05/burger-king-fleeing-military-bases.html
7,https://www.truthorfiction.com/military-base-burger-king/
8,https://www.dailykos.com/story/2014/5/16/1298537/-Fast-Food-locations-closing-on-military-bases
9,https://github.com/ramp-kits/fake_news/blob/master/data/test.csv
