,searched_url
0,https://www.politifact.com/personalities/kathie-glass/
1,https://www.brookings.edu/research/welfare-benefits-for-non-citizens/
2,https://www.cbo.gov/sites/default/files/110th-congress-2007-2008/reports/12-6-immigration.pdf
3,https://www.cbpp.org/research/state-budget-and-tax/policy-basics-where-do-our-state-tax-dollars-go
4,https://www.texmed.org/uninsured/
5,https://qz.com/1316098/what-is-ice-supposed-to-do-the-strange-history-of-us-immigration-and-customs-enforcement/
6,https://money.cnn.com/2014/11/20/news/economy/immigration-myths/index.html
7,https://www.taxpolicycenter.org/briefing-book/how-do-us-taxes-compare-internationally
8,https://www.americanprogress.org/issues/immigration/reports/2014/10/23/59040/the-facts-on-immigration-today-3/
9,https://www.americanprogress.org/issues/immigration/reports/2017/04/20/430736/facts-immigration-today-2017-edition/
