,searched_url
0,https://www.politifact.com/truth-o-meter/statements/2016/sep/06/donald-trump/trump-says-secure-communities-287g-immigration-pro/
1,https://www.americanimmigrationcouncil.org/research/287g-program-immigration
2,https://www.americanimmigrationcouncil.org/research/secure-communities-fact-sheet
3,https://www.washingtonpost.com/news/the-fix/wp/2016/08/31/heres-what-donald-trump-said-in-his-big-immigration-speech-annotated/
4,https://www.ajc.com/news/state--regional-govt--politics/politifact-fact-checkers-take-look-trump-hannity-giuliani/jTnLEVvKZ7TIavlpt4Ia8O/
5,http://www.punditfact.com/subjects/immigration/statements/byruling/half-true/?page=3
6,https://www.jacobinmag.com/2016/11/immigration-reform-homeland-security-border-trump-obama-clinton/
7,http://www.ndn.org/blog/2016/09/key-passages-trump-immigration-speech
8,https://www.telesurenglish.net/news/Trump-Will-Strip-Sanctuary-Cities-of-Funding-20170125-0023.html
9,https://www.realclearpolitics.com/video/2016/08/31/watch_live_donald_trump_delivers_address_on_immigration_policy.html
