,searched_url
0,https://en.wikipedia.org/wiki/DREAM_Act
1,https://www.votervoice.net/mobile/CAPS/Campaigns/64252/Respond
2,https://www.history.com/topics/immigration/immigration-united-states-timeline
3,https://www.washingtonpost.com/politics/once-in-the-shadows-dreamers-now-assuming-central-role-in-immigration-debate--and-2020-election/2019/03/12/5da596b2-44e3-11e9-90f0-0ccfeec87a61_story.html
4,https://www.washingtonpost.com/national/house-democrats-to-make-broad-immigration-proposal-offering-2-million-to-apply-for-us-citizenship/2019/03/12/f92f6c7e-442b-11e9-90f0-0ccfeec87a61_story.html
5,https://immigration.procon.org/
6,https://www.procon.org/headline.php?headlineID=005384
7,https://www.politifact.com/truth-o-meter/statements/2010/dec/06/rightmarchcom/rightmarchcom-claims-dream-act-would-provide-amnes/
8,https://www.numbersusa.com/news/sens-graham-durbin-introduce-dream-act
9,https://www.numbersusa.com/solutions/stop-amnesty
