,searched_url
0,https://www.elegislation.gov.hk/hk/cap115
1,https://www.brookings.edu/wp-content/uploads/2016/07/braingain_chapter.pdf
2,https://www.ncbi.nlm.nih.gov/pmc/articles/PMC4552341/
3,https://www.politifact.com/personalities/jeb-bush/statements/by/?page=4
4,https://www.epi.org/publication/immigration-facts/
5,https://www.miamiherald.com/news/politics-government/election/jeb-bush/article24141439.html
6,https://www.pewhispanic.org/2017/06/29/mexican-lawful-immigrants-among-least-likely-to-become-u-s-citizens/
7,https://www.justfacts.com/immigration.asp
8,https://en.wikipedia.org/wiki/Citizenship_of_the_United_States
9,https://en.wikipedia.org/wiki/Birthright_citizenship_in_the_United_States
