,searched_url
0,https://www2.texasattorneygeneral.gov/news/releases/nationwide-bipartisan-support-for-hb-2
1,https://www.ourbodiesourselves.org/book-excerpts/health-article/symptoms-to-watch-for/
2,https://www.aclutx.org/en/know-you-rights/abortion-in-texas
3,https://www.ncbi.nlm.nih.gov/pmc/articles/PMC6000974/
4,https://www.politifact.com/subjects/abortion/statements/byruling/false/
5,https://americanpregnancy.org/unplanned-pregnancy/abortion-pill/
6,https://www.kff.org/womens-health-policy/fact-sheet/medication-abortion/
7,https://www.theatlantic.com/health/archive/2018/10/how-many-women-die-illegal-abortions/572638/
8,https://www.webmd.com/women/abortion-procedures
9,https://www.bmj.com/content/357/bmj.j2011
