,searched_url
0,https://journalistsresource.org/studies/economics/taxes/close-tax-breaks-loopholes-deductions-explainer/
1,https://www.cbpp.org/research/state-and-local-governments-should-close-online-hotel-tax-loophole-and-collect-taxes-owed
2,https://www.epi.org/publication/competitive-distractions-cutting-corporate-tax-rates-will-not-create-jobs-or-boost-incomes-for-the-vast-majority-of-american-families/
3,https://www.epi.org/publication/tax-faqs/
4,http://fortune.com/2019/03/01/amazon-federal-corporate-income-tax/
5,https://americansfortaxfairness.org/files/Corporate-Tax-Dodgers-Report-Final.pdf
6,https://itep.org/the-35-percent-corporate-tax-myth/
7,https://itep.org/whopays/
8,https://www.vox.com/policy-and-politics/2017/10/30/16557554/the-state-and-local-tax-deduction-explained
9,http://projects.thestar.com/canadas-corporations-pay-less-tax-than-you-think/
