,searched_url
0,https://www.politifact.com/truth-o-meter/statements/2016/may/09/joe-biden/joe-biden-misstates-daily-deaths-united-states-can/
1,https://medium.com/cancer-moonshot/my-remarks-at-the-vatican-about-the-worlds-efforts-to-fight-cancer-757a611ee550
2,https://www.gene.com/breakthrough/?topic=oncology
3,https://www.ncbi.nlm.nih.gov/pmc/articles/PMC3085237/
4,https://www.ncbi.nlm.nih.gov/pmc/articles/PMC2515569/
5,https://www.cancer.org/content/dam/cancer-org/research/cancer-facts-and-statistics/annual-cancer-facts-and-figures/2018/cancer-facts-and-figures-2018.pdf
6,https://www.timesofisrael.com/biden-takes-moonshot-cancer-campaign-to-vatican/
7,https://www.nytimes.com/interactive/2018/11/29/upshot/fentanyl-drug-overdose-deaths.html
8,http://www.growingairfoundation.org/facts/
9,http://www.whatthehealthfilm.com/facts
