,searched_url
0,https://www.politifact.com/truth-o-meter/statements/2016/oct/20/hillary-clinton/what-hillary-clintons-plans-mean-us-debt/
1,https://www.washingtonpost.com/news/wonk/wp/2016/10/17/clinton-says-she-wont-add-a-penny-to-the-national-debt-thats-highly-unlikely/
2,http://time.com/4535247/presidential-debate-final-transcript/
3,https://www.nytimes.com/2016/10/31/opinion/campaign-stops/hillary-clintons-bad-promise-on-debt.html
4,http://www.crfb.org/papers/promises-and-price-tags-preliminary-update
5,https://www.debt.org/advice/budget/
6,https://www.youtube.com/watch?v=LGL3wK27tmE
7,https://www.moneyunder30.com/no-more-budgets
8,https://www.compoundingpennies.com/how-to-beat-debt/
9,https://www.compoundingpennies.com/ultimate-guide-the-50-30-20-budget/
