,searched_url
0,https://www.politifact.com/nevada/statements/2016/aug/25/ruben-kihuen/daca-funding-ruben-kihuen-oversimplifies-votes-tak/
1,https://thenevadaindependent.com/article/on-the-record-the-policy-positions-of-republican-house-candidate-cresent-hardy
2,http://news3lv.com/news/local/four-years-of-daca-democrats-hit-gop-over-immigration
3,https://www.washingtonpost.com/news/post-politics/wp/2015/01/14/house-votes-to-block-obamas-immigration-actions-but-exposes-new-gop-divisions/
4,https://www.reviewjournal.com/local/local-nevada/nevada-republicans-vote-against-obama-broadened-immigration-program/
5,https://www.numbersusa.com/content/my/congress/10370/votingrecord
6,https://en.wikipedia.org/wiki/Cresent_Hardy
7,https://dccc.org/memo-case-republican-cresent-hardy/
8,https://www.rollcall.com/news/immigration-dhs-funding-vote
9,https://2vmhfw1isbe32j3tgn3epw3x-wpengine.netdna-ssl.com/wp-content/uploads/2018/10/181008-CRESENT-HARDY-BOOK-UPDATE-ONLINE.pdf
