,searched_url
0,https://www.politifact.com/truth-o-meter/statements/2009/oct/19/lou-dobbs/Dobbs-claims-stimulus-jobs-cost-big-bucks/
1,https://www.politifact.com/subjects/stimulus/statements/?page=10
2,https://www.pbs.org/newshour/nation/stimulus-bill-turns-5-years-old-still
3,https://en.wikipedia.org/wiki/American_Recovery_and_Reinvestment_Act_of_2009
4,http://www.cnn.com/SPECIALS/2009/44.president/first.100.days/progress.report/issues.interactive.3.swf?reportIndex=2
5,https://www.brookings.edu/opinions/counting-the-jobs-produced-by-the-stimulus/
6,http://www.punditfact.com/subjects/pundits/statements/byruling/mostly-true/?page=3
7,https://www.aei.org/publication/cbo-obama-stimulus-may-have-cost-as-much-as-4-1-million-a-job/
8,http://www.michaeltbarrett.com/tag/stimulus/
9,https://www.npr.org/2017/04/05/522629542/fact-check-trumps-claim-2009-stimulus-measure-built-nothing
