,searched_url
0,https://www.politifact.com/texas/statements/2014/mar/28/gilberto-hinojosa/kesha-rogers-democrat-favoring-obama-impeachment/
1,https://www.politifact.com/texas/article/2014/mar/28/texas-truth-o-meter-kesha-rogers-democrat/
2,http://www.burntorangereport.com/diary/15044/kesha-rogers-is-still-not-a-democrat
3,https://en.wikipedia.org/wiki/Kesha_Rogers
4,https://www.dallasobserver.com/news/us-senate-candidate-kesha-rogers-now-says-her-opponent-looks-like-dracula-7144338
5,https://www.texasobserver.org/kesha-rogers-democrat-tinfoil-hat-likely-senate-nominee/
6,https://www.nytimes.com/2012/03/25/us/democrats-shun-kesha-rogers-in-texas-congressional-race.html
7,https://twitter.com/KeshaRogersTX/status/1056944718637088774
8,https://www.huffpost.com/entry/kesha-rogers-texas-democrat-obama_n_1873476
9,https://www.houstonchronicle.com/news/houston-texas/houston/article/U-S-Senate-race-puts-Texas-Democrats-in-a-bind-5452796.php
