,searched_url
0,https://www.politifact.com/truth-o-meter/statements/2012/jul/25/chain-email/3-8-percent-tax-real-estate-transactions-health-ca/
1,https://www.nar.realtor/health-care-reform/the-38-tax-and-health-care-reform
2,https://www.factcheck.org/2010/04/a-38-percent-sales-tax-on-your-home/
3,http://mediamattersaction.org/emailchecker/201009230008
4,https://www.healthinsurance.org/faqs/ive-heard-that-obamacare-included-a-tax-on-real-estate-transactions-when-i-sell-my-house-will-i-get-stuck-with-a-big-tax-bill-to-pay-for-everyone-elses-healthcare/
5,https://www.wsj.com/articles/SB10000872396390444813104578016670323951186
6,https://www.snopes.com/fact-check/home-sales-tax/
7,https://www.journalofaccountancy.com/news/2012/jul/20126130.html
8,http://www.oneilrealty.com/obamacaretax2/
9,https://www.forbes.com/sites/beltway/2012/04/02/there-is-no-obamacare-tax-on-most-home-sales-really/
