,searched_url
0,https://projects.fivethirtyeight.com/jobs-report-growth-unemployment/
1,https://fred.stlouisfed.org/series/UNRATE/
2,https://www.ilo.org/ilostat-files/Documents/description_UR_EN.pdf
3,https://www.investopedia.com/terms/u/unemploymentrate.asp
4,https://www.forbes.com/sites/eriksherman/2018/05/05/sure-unemployment-went-down-because-the-number-of-people-working-did/
5,https://www.politifact.com/personalities/rush-limbaugh/statements/byruling/false/
6,https://www.bostonglobe.com/news/politics/2014/04/24/things-you-need-know-about-unemployment-insurance/HussoaG9Lp9RrV2cBODVSP/story.html
7,http://prosocial.pt/3p8hant/frd9mrp.php?xxx=5&kcxjmfyvs=fun-facts-with-numbers-less-than-1
8,https://en.wikipedia.org/wiki/United_States_labor_law
9,https://www.dailymail.co.uk/news/article-6959305/Benefits-cheat-claimed-barely-walk-filmed-playing-CRICKET.html
