,searched_url
0,https://www.politifact.com/virginia/statements/2015/oct/05/gerry-connolly/connolly-says-irs-lacks-resources-collet-350-billi/
1,https://www.politifact.com/personalities/gerry-connolly/statements/byruling/half-true/
2,https://www.politifact.com/subjects/government-efficiency/statements/byruling/half-true/
3,https://www.politifact.com/truth-o-meter/rulings/half-true/?page=44
4,http://www.hayes-cpa.com/go/News/do/Latest-News/
5,https://dorotbensimon.com/blog/page/23/
6,https://www.nagelpadilla.com/interesting-articles.php
7,https://www.financialsamurai.com/how-much-money-do-the-top-income-earners-make-percent/
8,https://www.govinfo.gov/content/pkg/CHRG-114hhrg22591/html/CHRG-114hhrg22591.htm
9,https://www.cnbc.com/2019/03/14/the-irs-has-1point4-billion-in-tax-refunds-waiting-for-people-to-claim.html
