,searched_url
0,https://www.wltx.com/article/news/nation/lieberman-president-bush-make-case-for-mccain/101-380976528
1,https://www.politifact.com/truth-o-meter/statements/2008/sep/02/joe-lieberman/we-found-a-few-things/
2,https://www.politifact.com/personalities/joe-lieberman/
3,https://www.theguardian.com/world/2008/sep/03/uselections2008.republicans20084
4,http://www.cnn.com/2008/POLITICS/09/03/rnc.democrat.reaction/index.html
5,https://www.realclearpolitics.com/articles/2008/09/sen_liebermans_speech_to_the_r.html
6,https://thehill.com/homenews/news/16140--lieberman-obama-record-insignificant
7,https://welcometosherwood.wordpress.com/2008/11/18/oh-that-joe-lieberman/
8,"https://www.foxnews.com/wires/2008Sep03/0,4670,CVNConventionAnalysis,00.html"
9,https://www.ft.com/content/9470ad24-796c-11dd-9d0c-000077b07658
