,searched_url
0,https://www.politifact.com/florida/statements/2015/dec/16/marco-rubio/marco-rubio-says-ted-cruz-supports-legalizing-peop/
1,https://www.politifact.com/personalities/ted-cruz/statements/about/
2,http://www.ontheissues.org/International/Ted_Cruz_Immigration.htm
3,https://www.washingtonpost.com/news/fact-checker/wp/2015/12/18/ted-cruzs-claim-that-he-has-never-supported-legalization-of-undocumented-immigrants/
4,http://time.com/4123317/ted-cruz-immigration-reform-amnesty/
5,https://www.factcheck.org/2015/12/did-cruz-support-legalization/
6,https://www.texastribune.org/2018/05/02/war-drugs-begins-flare-issue-us-senate-race/
7,https://www.nytimes.com/2018/09/21/us/politics/beto-cruz-debate.html
8,https://www.bloomberg.com/news/articles/2015-11-13/did-ted-cruz-actually-support-legal-status-for-undocumented-immigrants-
9,https://www.theatlantic.com/politics/archive/2015/12/a-telling-confrontation-between-ted-cruz-and-marco-rubio/420762/
