,searched_url
0,https://www.politifact.com/truth-o-meter/statements/2008/aug/28/joe-biden/biden-digs-back-on-afghanistan-to-dig-mccain/
1,https://www.politifact.com/personalities/joe-biden/statements/byruling/true/
2,https://www.denverpost.com/2008/08/28/mccain-failed-to-qualify-statement-about-success-in-afghanistan/
3,https://www.nytimes.com/elections/2008/president/conventions/videos/transcripts/20080827_BIDEN_SPEECH.html
4,https://wasteofmyoxygen.wordpress.com/tag/democratic-national-convention/
5,https://bonniekaryn.wordpress.com/tag/milton-c-sernett/
6,https://www.meegs1982.com/2008/09/ugh.html
7,https://www.moonofalabama.org/2008/08/billmon-really.html
8,http://afghanistaninfo.blogspot.com/2008/08/transcript-joseph-r-bidens-convention.html
9,http://powerofnarrative.blogspot.com/2008/08/
