,searched_url
0,https://www.politifact.com/ohio/statements/2011/apr/08/tim-ryan/series-errors-thwarts-rep-tim-ryans-accuracy-milit/
1,https://www.politifact.com/ohio/statements/2011/apr/08/tim-ryan/rep-tim-ryan-cites-rising-numbers-service-personne/
2,https://academic.oup.com/milmed/article/172/10/1024/4578026
3,https://news.usni.org/2018/12/11/navy-suicide-rate-rising-faster-than-dod
4,http://www.cleveland.com/open/2011/04/rep_ryan_spanned_the_spectrum.html
5,https://www.usatoday.com/story/news/nation/2012/11/18/navy-suicides-army/1702403/
6,https://health.mil/Reference-Center/Reports/2018/06/21/2015-HRBS-Final-Report
7,https://www.navy.mil/docs/taskforceresilientfinalreport.pdf
8,https://en.wikipedia.org/wiki/People%27s_Liberation_Army
9,http://www.studentprivacy.org/what-is-it-you-all-have-against-the-military.html
