,searched_url
0,https://www.politifact.com/truth-o-meter/statements/2012/sep/26/government-not-god-pac/government-not-god-pac-says-obama-wants-allow-occu/
1,https://www.politifact.com/truth-o-meter/rulings/pants-fire/?page=59
2,https://www.politifact.com/subjects/occupy-wall-street/
3,https://www.politifact.com/truth-o-meter/rulings/pants-fire/?page=54
4,https://en.wikipedia.org/wiki/Reactions_to_Occupy_Wall_Street
5,https://en.wikipedia.org/wiki/Occupy_Wall_Street
6,https://www.motherjones.com/politics/2013/06/nsa-spying-occupy-homeland-security/
7,https://www.tampabay.com/news/politics/stateroundup/politifact-pacs-newspaper-ad-filled-with-falsehoods/1253586
8,https://slate.com/news-and-politics/2012/03/the-anti-protest-bill-signed-by-barack-obama-is-a-quiet-attack-on-free-speech.html
9,https://obamawhitehouse.archives.gov/blog/2009/01/21/president-barack-obamas-inaugural-address
