,searched_url
0,https://www.politifact.com/virginia/statements/2011/mar/05/ward-armstrong/ward-armstrong-says-telecom-bill/
1,https://www.whsv.com/content/news/Virginia-electric-utilities-wiring-rural-areas-for-broadband-507319211.html
2,http://www.kslegislature.org/li/b2019_20/measures/documents/sb69_00_0000.pdf
3,http://www.kslegislature.org/li/b2019_20/committees/ctte_h_energy_utilities_and_telecommunications_1/
4,http://lis.virginia.gov/cgi-bin/legp604.exe?111+ful+SB1368ER
5,https://www.azcc.gov/divisions/utilities/telecom/faqs.asp
6,https://www.atr.org/thanks-tax-reform-utilities-are-lowering-rates
7,https://www.occeweb.com/rules/proprules/CH35PROPRULES012919.pdf
8,http://www.psc.alabama.gov/Administrative/GenRules_01_10_05.pdf
9,https://www.puc.nh.gov/consumer/winterdisconnectionrules.htm
