,searched_url
0,https://www.politifact.com/truth-o-meter/statements/2015/aug/19/bill-clinton/bill-clinton-glass-steagall-had-nothing-do-financi/
1,https://www.demos.org/blog/owning-consequences-clinton-and-repeal-glass-steagall
2,https://markmartinezshow.blogspot.com/2016/02/bill-clinton-theres-no-example.html
3,https://en.wikipedia.org/wiki/Aftermath_of_the_repeal_of_the_Glass%E2%80%93Steagall_Act
4,https://en.wikipedia.org/wiki/Aftermath_of_the_repeal_of_the_Glass%E2%80%93Steagall_Act#Commentator_response_to_Section_20_and_32_repeal
5,https://en.wikipedia.org/wiki/Aftermath_of_the_repeal_of_the_Glass%E2%80%93Steagall_Act#Financial_industry_developments_after_repeal_of_Sections_20_and_32
6,https://en.wikipedia.org/wiki/Aftermath_of_the_repeal_of_the_Glass%E2%80%93Steagall_Act#Competition_between_commercial_banking_and_investment_banking_firms
7,https://en.wikipedia.org/wiki/Glass%E2%80%93Steagall_legislation
8,https://en.wikipedia.org/wiki/Glass%E2%80%93Steagall_legislation#Sponsors
9,https://en.wikipedia.org/wiki/Glass%E2%80%93Steagall_legislation#Separating_commercial_and_investment_banking
