,searched_url
0,https://www.forbes.com/sites/sallypipes/2018/10/15/government-policies-are-driving-doctors-to-quit-health-care/
1,https://www.wsj.com/articles/SB10001424127887323971204578626151017241898
2,https://www.cmadocs.org/newsroom/news
3,https://www.kff.org/report-section/medicare-advantage-how-robust-are-plans-physician-networks-report/
4,https://www.kff.org/medicare/issue-brief/medicare-patients-access-to-physicians-a-synthesis-of-the-evidence/
5,https://www.aarp.org/health/medicare-insurance/info-03-2013/how-to-beat-doctor-shortage.html
6,https://www.ncbi.nlm.nih.gov/pmc/articles/PMC2869428/
7,https://www.ncbi.nlm.nih.gov/pmc/articles/PMC4195036/
8,https://www.usatoday.com/story/news/nation/2014/04/20/doctor-visits-time-crunch-health-care/7822161/
9,https://www.nejm.org/doi/full/10.1056/nejmsa063979
