,searched_url
0,https://www.politifact.com/florida/statements/2012/mar/22/marco-rubio/marco-rubio-oil-spill-fine-money-great-lakes/
1,https://www.politifact.com/subjects/oil-spill/statements/byruling/half-true/
2,http://www.nola.com/politics/2012/03/compromise_brought_needed_vote.html
3,https://www.audubon.org/news/good-news-gulf-why-largest-environmental-settlement-us-history-wont-get-wasted
4,https://www.restorealabama.org/
5,http://deltacouncil.ca.gov/sites/default/files/2017/03/SEW_Complete%20Proceedings%20Day%201%20&%202.pdf
6,https://www.boem.gov/ESPIS/5/5384.pdf
7,https://www.boem.gov/ESPIS/5/5385.pdf
8,https://www.sintef.no/globalassets/project/hfc/documents/gpo-oilcommission.pdf
9,https://news.nationalgeographic.com/2017/03/how-trump-is-changing-science-environment/
