,searched_url
0,https://www.politifact.com/truth-o-meter/statements/2010/jul/13/george-will/will-obama-said-stimulus-would-cap-unemployment-8-/
1,https://www.politifact.com/truth-o-meter/statements/2012/oct/11/paul-ryan/ryan-obama-promised-unemployment-would-not-exceed-/
2,https://www.politifact.com/virginia/statements/2012/mar/02/eric-cantor/cantor-says-obama-promised-stimulus-would-keep-une/
3,https://www.vox.com/2019/2/5/18210757/state-of-union-2019-economy-fact-check
4,https://www.whitehouse.gov/wp-content/uploads/2019/03/budget-fy2020.pdf
5,https://www.whitehouse.gov/briefings-statements/press-briefing-press-secretary-sarah-sanders-cea-chairman-kevin-hassett-091018/
6,https://www.whitehouse.gov/briefings-statements/remarks-president-trump-economy/
7,https://www.whitehouse.gov/briefings-statements/press-briefing-press-secretary-sarah-sanders-omb-acting-director-russell-vought-031119/
8,https://www.washingtonpost.com/news/wonk/wp/2018/06/05/trump-says-u-s-economy-may-be-the-greatest-in-history-lets-check-the-record/
9,https://www.cnbc.com/id/33281292
