,searched_url
0,https://www.politifact.com/florida/statements/2016/jun/08/stacy-white/florida-black-bears-arent-apex-predators-hillsboro/
1,http://www.savetheglades.org/the-florida-bear/
2,https://news.nationalgeographic.com/2016/06/florida-suspends-black-bear-hunts/
3,https://news.nationalgeographic.com/2015/10/151023-black-bear-hunt-florida-animals-conservation/
4,http://www.tampabay.com/news/environment/hillsborough-county-city-of-st-petersburg-tell-tallahassee-to-end-black/2280093
5,https://www.mnn.com/earth-matters/wilderness-resources/blogs/why-did-florida-end-its-bear-hunt-early
6,https://www.pbs.org/wgbh/nova/video/wild-predator-invasion/
7,https://www.popsci.com/science/gallery/2013-06/bear-species-order-quality
8,https://en.wikipedia.org/wiki/Apex_predator
9,https://bearbiology.org/wp-content/uploads/2017/10/IBN_Summer_2016_Med.pdf
