,searched_url
0,https://www.politifact.com/texas/statements/2010/may/27/empower-texans/pac-says-texas-public-schools-employ-one-non-teach/
1,https://www.politifact.com/personalities/empower-texans/
2,https://www.politifact.com/personalities/empower-texans/statements/
3,https://www.edb.gov.hk/am_e/
4,http://time.com/longform/teacher-pay-salary-stories/
5,https://teach.com/become/where-can-i-teach/shortage-areas/
6,https://kipptexas.org/about-kipp-texas-public-schools/what-is-kipp-texas/
7,https://www.k12.com/texas-online-schools.html
8,http://time.com/5499164/la-teacher-strike-charter-schools/
9,https://www.edweek.org/ew/issues/teacher-pay/index.html
