,searched_url
0,https://www.politifact.com/georgia/statements/2015/nov/02/don-francis/electric-car-sales-hit-brakes-tax-credit-axed-and-/
1,https://www.ajc.com/news/state--regional-govt--politics/fiorina-georgia-electric-cars-take-ride-the-ajc-truth-meter/kaH2JFUz66R390n44Gi4bK/
2,https://insideevs.com/georgia-kill-5000-electric-car-credit-will-impose-200-annual-road-use-fee-evs/
3,https://www.pressreader.com/usa/the-atlanta-journal-constitution/20160102/281767038200338
4,http://www.politifactny.com/subjects/taxes/statements/byruling/true/?page=3
5,https://www.manhattan-institute.org/html/short-circuit-high-cost-electric-vehicle-subsidies-11241.html
6,https://www.clippercreek.com/ev-incentives/
7,https://www.pacificresearch.org/wp-content/uploads/2018/02/CarSubsidies_final_web.pdf
8,https://cslf.gsu.edu/files/2015/05/Electric-Cars-Georgia_April2015.pdf
9,https://www.nytimes.com/2017/03/11/business/energy-environment/electric-cars-hybrid-tax-credits.html
