,searched_url
0,https://www.politifact.com/florida/statements/2010/aug/17/john-stemberger/ag-candidate-pam-bondis-stance-gay-adoption-under-/
1,https://www.miamiherald.com/latest-news/article1936512.html
2,https://www.sun-sentinel.com/opinion/editorials/fl-editorial-pam-bondi-gay-marriage-attorney-fees-20150827-story.html
3,https://miamiherald.typepad.com/nakedpolitics/2010/08/john-stemberger-raises-questions-about-pam-bondis-sex-life.html
4,https://www.orlandosentinel.com/opinion/os-xpm-2010-08-13-os-scott-maxwell-attorney-general-08120100812-story.html
5,https://edition.cnn.com/2016/06/14/politics/pam-bondi-anderson-cooper-gay-rights-orlando/index.html
6,https://www.eqfl.org/node/1037
7,https://www.eqfl.org/endsnow
8,https://www.advocate.com/politicians/2016/9/13/8-lowest-points-pam-bondis-sad-career?pg=1&fb_comment_id=1362683090426756_1363076053720793
9,https://en.wikipedia.org/wiki/In_re_Gill
