,searched_url
0,https://www.politifact.com/wisconsin/statements/2013/dec/04/robin-vos/vos-says-nine-day-deer-hunt-has-13-billion-impact/
1,https://www.politifact.com/personalities/robin-vos/statements/by/
2,https://www.politifact.com/personalities/robin-vos/statements/byruling/mostly-true/
3,https://www.npr.org/2018/03/20/593001800/decline-in-hunters-threatens-how-u-s-pays-for-conservation
4,https://walker.wi.gov/press-releases/governor-scott-walker-participate-nine-day-deer-hunt
5,https://dnr.wi.gov/files/PDF/pubs/ss/SS1079J.pdf
6,http://www.deerfriendly.com/deer/wisconsin/herd-population-and-management/-2018/wisconsin-s-annual-nine-day-gun-deer-hunt-sees-increase-in-statewide-harvest-november-27-2018
7,http://www.deerfriendly.com/deer/wisconsin
8,https://apnews.com/Deer
9,https://www.wpr.org/drop-deer-hunting-licenses-sold-wisconsin-raises-conservation-funding-concerns
