,searched_url
0,https://www.politifact.com/personalities/kevin-mccarthy/statements/byruling/false/
1,https://www.politifact.com/personalities/kevin-mccarthy/statements/by/
2,https://en.wikipedia.org/wiki/111th_United_States_Congress
3,https://www.bloomberg.com/news/articles/2010-12-22/no-congress-since-1960s-makes-most-laws-for-americans-as-111th
4,https://www.brookings.edu/wp-content/uploads/2012/04/0108_111th_congress.pdf
5,https://www.democracyfund.org/media/uploaded/Culture_Congress_Report.pdf
6,https://www.everycrsreport.com/reports/RL33814.html
7,https://www.pewresearch.org/fact-tank/2019/01/25/a-productivity-scorecard-for-115th-congress/
8,https://www.uh.edu/hobby/_docs/events/aldrich-rohde-chapter-final.pdf
9,https://www.govinfo.gov/content/pkg/CPRT-113SPRT89394/html/CPRT-113SPRT89394.htm
