,searched_url
0,https://www.thebalance.com/do-republican-economic-policies-work-4129139
1,https://www.nytimes.com/2019/04/14/business/economy/income-tax-cut.html
2,https://www.brookings.edu/blog/fixgov/2017/12/06/does-science-prove-that-the-modern-gop-favors-the-rich/
3,https://www.washingtonpost.com/news/wonk/wp/2017/10/06/why-some-middle-class-families-could-face-a-tax-increase-under-the-gop-plan/
4,https://budget.house.gov/publications/report/cbo-confirms-gop-tax-law-contributes-darkening-fiscal-future
5,https://www.vox.com/policy-and-politics/2018/12/18/18146253/tax-cuts-and-jobs-act-stock-market-economy
6,https://www.vox.com/policy-and-politics/2017/8/8/16112368/piketty-saez-zucman-income-growth-inequality-stagnation-chart
7,https://www.npr.org/2019/02/14/693976808/anger-confusion-over-dwindling-refunds-is-trumps-tax-plan-to-blame
8,https://www.bloomberg.com/graphics/2018-tax-plan-consequences/
9,https://www.demos.org/research/parent-trap-economic-insecurity-families-young-children
