,searched_url
0,https://www.politifact.com/truth-o-meter/statements/2015/jul/13/bernie-s/bernie-sanders-says-real-unemployment-rate-african/
1,https://www.politifact.com/truth-o-meter/statements/2016/mar/10/bernie-sanders/bernie-sanders-statistic-black-hispanic-unemployme/
2,https://fivethirtyeight.com/features/what-is-the-real-unemployment-rate/
3,https://www.bls.gov/news.release/youth.nr0.htm
4,https://data.worldbank.org/indicator/sl.uem.1524.zs
5,https://www.childtrends.org/indicators/youth-employment
6,https://www.brookings.edu/research/employment-and-disconnection-among-teens-and-young-adults-the-role-of-place-race-and-education/
7,https://www.chicagotribune.com/ct-youth-unemployment-urban-league-0126-biz-20160124-story.html
8,https://www.bloomberg.com/opinion/articles/2018-05-04/black-unemployment-is-at-an-all-time-low-but-there-s-a-catch
9,https://www.zerohedge.com/news/2016-09-25/politifact-apparently-even-facts-are-subjective-and-based-party-affiliation
