,searched_url
0,https://www.greenbaypressgazette.com/story/news/politics/politifactwisconsin/2016/09/30/politifact-another-social-security-attack-ad/91194486/
1,https://www.politifact.com/wisconsin/statements/2016/sep/30/mike-gallagher/house-race-mike-gallaghers-false-claim-about-tom-n/
2,https://www.politifact.com/subjects/retirement/statements/byruling/false/
3,https://www.jsonline.com/story/news/politics/politifactwisconsin/2016/09/30/politifact-another-social-security-attack-ad/91194486/
4,https://wpt.org/Here_and_Now/here-and-now-1514-%E2%80%94-full-episode
5,http://www.politifactny.com/subjects/taxes/statements/?page=10
6,https://www.washingtonexaminer.com/massie-wants-to-eliminate-taxes-on-social-security-income
7,https://onewisconsinnow.org/scott-walker/budgets/
8,http://wvmetronews.com/2019/03/09/legislature-passes-income-tax-cut-on-social-security-with-three-year-rollout/
9,https://smartasset.com/retirement/kentucky-retirement-taxes
