,searched_url
0,https://www.politifact.com/texas/statements/2013/jan/04/lois-kolkhorst/committee-chief-says-texas-government-spent-more-t/
1,https://www.kut.org/post/does-texas-medicaid-spend-too-much-braces
2,https://www.texastribune.org/2014/05/01/company-okd-medicaid-billing-keeps-its-contract/
3,https://www.texastribune.org/2012/10/15/joint-task-force-tackles-medicaid-dental-fraud/
4,https://www.jdsupra.com/legalnews/texas-a-cautionary-tale-for-medicaid-86200/
5,https://www.expressnews.com/news/local/article/Medicaid-abuse-by-Texas-dental-providers-costs-5786720.php
6,https://www.prweb.com/releases/texas-medicaid/orthodontia/prweb10305035.htm
7,https://hhs.texas.gov/sites/default/files/documents/laws-regulations/reports-presentations/2018/medicaid-chip-perspective-12th-edition/12th-edition-complete.pdf
8,https://hhs.texas.gov/sites/default/files/documents/laws-regulations/reports-presentations/2018/sb1-rider61-evaluation-medicaid-chip-august-2018.pdf
9,https://www.macpac.gov/wp-content/uploads/2015/06/Medicaid-Coverage-of-Dental-Benefits-for-Adults.pdf
