,searched_url
0,https://www.politifact.com/florida/statements/2010/feb/26/charlie-crist/charlie-crist-correct-rubio-supported-gun-restrict/
1,https://www.politifact.com/florida/rulings/true/?page=10
2,https://www.nytimes.com/2019/01/08/us/politics/house-democrats-gun-control.html
3,http://www.catrinluethi-k.ch/02yidso/7gotzbc.php?xxx=5&kcxjmfyvs=97-support-universal-background-checks
4,https://www.sun-sentinel.com/news/politics/fl-ne-gun-buyer-background-checks-20190108-story.html
5,https://www.nraila.org/get-the-facts/waiting-periods/
6,https://www.reuters.com/article/us-florida-shooting-anniversary-guns/armed-with-new-power-democrats-push-for-stricter-gun-laws-idUSKCN1PZ0A8
7,https://lawcenter.giffords.org/gun-laws/policy-areas/background-checks/background-check-procedures/
8,https://www.vox.com/2016/1/4/10708324/obama-gun-control-executive-order
9,https://www.usatoday.com/story/news/2018/12/26/parkland-school-shooting-10-months-gun-control-united-states/2310683002/
