,searched_url
0,https://www.wsj.com/articles/u-s-treasury-unveils-new-steps-to-limit-tax-inversions-1459803636
1,https://www.wsj.com/articles/dogs-bite-men-and-trumps-duck-taxes-1538780049
2,https://www.wsj.com/articles/a-february-revenue-surprise-11552256555
3,https://www.politifact.com/punditfact/statements/2014/aug/29/chris-matthews/does-wall-street-journal-really-oppose-burger-king/
4,https://www.politifact.com/personalities/chris-matthews/statements/by/
5,https://www.politifact.com/personalities/chris-matthews/
6,https://www.politifact.com/personalities/chris-matthews/statements/byruling/false/
7,https://www.brookings.edu/wp-content/uploads/2015/01/shay_taxnotes_report.pdf
8,https://thecorrespondent.com/6942/bermuda-guess-again-turns-out-holland-is-the-tax-haven-of-choice-for-us-companies/417639737658-b85252de
9,https://en.wikipedia.org/wiki/Tax_haven
