,searched_url
0,https://en.wikipedia.org/wiki/2012_United_States_presidential_election
1,https://www.nytimes.com/interactive/2016/11/03/us/elections/how-states-moved-toward-stricter-voter-id-laws.html
2,https://www.politifact.com/truth-o-meter/article/2013/dec/19/fact-checking-voter-suppression-year-end-report/
3,https://www.politifact.com/north-carolina/statements/2018/jun/20/tim-moore/states-voter-id-laws-have-seen-zero-decrease-turno/
4,https://www.reuters.com/article/us-usa-election-northcarolina-insight-idUSKBN12Y0ZY
5,http://mattbarreto.com/papers/Walker_et_al_chapter.pdf
6,https://www.washingtonpost.com/politics/republicans-rewriting-state-election-laws-in-ways-that-could-hurt-democrat/2011/09/15/gIQApcuhVK_story.html
7,https://www.nbcnews.com/politics/elections/states-push-new-voter-requirements-fueled-trump-n780611
8,https://www.newyorker.com/magazine/2012/10/29/the-voter-fraud-myth
9,https://www.americanprogress.org/issues/democracy/reports/2012/04/04/11380/voter-suppression-101/
