,searched_url
0,https://www.politifact.com/iowa/statements/2015/nov/23/jeb-bush/jeb-bush-claims-obama-didnt-host-republican-senato/
1,https://www.politifact.com/truth-o-meter/rulings/false/?page=38
2,http://nymag.com/intelligencer/2016/10/8-years-in-obamas-america.html
3,https://www.cnbc.com/2018/12/01/former-president-george-hw-bush-dead-at-age-94.html
4,https://www.theatlantic.com/magazine/archive/2018/05/a-broken-office/556883/
5,https://www.theatlantic.com/magazine/archive/2017/01/my-president-was-black/508793/
6,https://www.latimes.com/projects/grade-the-president/
7,https://en.wikiquote.org/wiki/Barack_Obama
8,https://en.wikipedia.org/wiki/President_of_the_United_States
9,https://www.nytimes.com/2018/11/30/us/politics/george-hw-bush-dies.html
