,searched_url
0,https://tampaedc.com/news/gov-scott-tampa-area-leads-the-state-in-job-creation/
1,https://www.politifact.com/florida/statements/2015/jan/15/bob-buckhorn/tampa-bay-area-leads-florida-job-creation-buckhorn/
2,https://www.tampabay.com/news/business/economicdevelopment/florida-unemployment-drops-again-to-hit-43-percent/2327502
3,https://www.flgov.com/2016/07/22/gov-scott-orlando-leads-the-state-in-job-creation-2/
4,https://www.tbnweekly.com/pinellas_county/article_14aa1f56-1a32-5932-9090-6494911df2fa.html
5,https://www.bizjournals.com/tampabay/news/2013/03/26/buckhorn-not-playing-second-fiddle-to.html
6,http://www.floridajobs.org/news-center/DEO-Press/2018/09/14/setting-the-record-straight-tampa-bay-times-paints-inaccurate-picture-of-florida-s-economy
7,http://www.tampabay.com/news/localgovernment/Tampa-Bay-jobs-centers-say-they-put-thousands-to-work-Did-they-_164635209
8,https://business.frontier.com/fl/tampa
9,http://www.tampabay.com/news/localgovernment/FBI-takes-over-investigation-of-Tampa-Bay-s-CareerSource-jobs-centers-as-state-audit-launches_172393073
