,searched_url
0,https://www.politifact.com/truth-o-meter/statements/2016/mar/09/bernie-sanders/sanders-said-clinton-backed-return-undocumented-ki/
1,https://www.politifact.com/georgia/article/2016/mar/10/fact-checking-democratic-debate-miami-ga/
2,https://www.nytimes.com/2016/02/13/opinion/mrs-clintons-mixed-immigration-message.html
3,https://www.huffpost.com/entry/clinton-plan-migrant-children_n_56be15b5e4b0c3c5505109cd
4,https://www.washingtonpost.com/blogs/post-partisan/wp/2016/03/10/hillary-clinton-needs-to-answer-for-her-actions-in-honduras-and-haiti/
5,https://www.vox.com/2014/6/19/5819076/hillary-clinton-deport-send-back-message-asylum-unaccompanied-expedited-border
6,https://www.vox.com/2018/6/18/17475292/family-separation-border-immigration-policy-trump
7,http://time.com/4218850/democratic-debate-bernie-sanders-hillary-clinton-central-america-unaccompanied-minors/
8,https://www.newyorker.com/magazine/2018/01/15/when-deportation-is-a-death-sentence
9,https://qz.com/1447718/a-honduran-american-familys-decision-not-to-join-the-migrant-caravan/
