,searched_url
0,https://www.politifact.com/texas/statements/2012/mar/23/rick-perry/rick-perry-says-2010-nearly-80-women-served-womens/
1,https://www.houstonchronicle.com/news/politics/texas/article/Texas-gave-anti-abortion-group-millions-for-13638235.php
2,https://www.texasobserver.org/without-planned-parenthood-almost-half-the-providers-in-texas-womens-health-program-saw-no-patients/
3,https://www.politico.com/story/2017/08/21/texas-planned-parenthood-replace-241869
4,https://www.plannedparenthood.org/about-us/newsroom/press-releases/planned-parenthood-supporters-across-the-country-protest-worst-womens-health-legislation-in-a-generation
5,https://apps.texastribune.org/politics-of-prevention/new-limits-more-money
6,https://www.ncbi.nlm.nih.gov/pmc/articles/PMC4386528/
7,https://www.ncbi.nlm.nih.gov/pmc/articles/PMC4478214/
8,http://texaswhc.org/wp-content/uploads/2016/04/Texas-Womens-Healthcare-in-Crisis-1.pdf
9,https://forabettertexas.org/images/HC_2013_08_PP_Budget_FamilyPlanning.pdf
