,searched_url
0,https://www.politifact.com/pennsylvania/statements/2016/apr/08/bill-clinton/fact-checking-bill-clintons-philly-defense-his-con/
1,https://www.factcheck.org/2016/04/bill-clinton-and-the-1994-crime-bill/
2,https://www.npr.org/2016/04/07/473428472/bill-clinton-gets-into-heated-exchange-with-black-lives-matter-protester
3,https://www.ncbi.nlm.nih.gov/pmc/articles/PMC5699026/
4,https://www.rand.org/research/gun-policy/analysis/background-checks/violent-crime.html
5,https://nypost.com/2016/04/08/bill-spars-with-black-lives-matter-protesters-at-hillary-rally/
6,https://everytownresearch.org/reports/strategies-for-reducing-gun-violence-in-american-cities/
7,https://www.justfacts.com/guncontrol.asp
8,https://www.c-span.org/video/?457546-1/student-leaders-advocates-testify-gun-violence-prevention-hearing
9,https://www.creators.com/read/r-emmett-tyrrell/04/16/bill-clintons-1994-crime-bill-is-history
