,searched_url
0,https://www.politifact.com/texas/statements/2014/apr/25/young-conservatives-texas/company-led-ryan-sitton-applied-government-constru/
1,https://www.politifact.com/subjects/stimulus/statements/byruling/false/
2,https://www.statesman.com/article/20140601/NEWS/306019777
3,https://www.yct.org/sitton-slings-mud-while-hiding-from-his-own-tainted-record/
4,https://www.yct.org/yct-joins-sen-ted-cruz-and-sen-rand-paul-in-politifact-distinction/
5,https://www.wsj.com/articles/obama8217s-stimulus-five-years-later-1392640078
6,https://www.nytimes.com/2018/02/06/us/politics/republican-fiscal-stimulus-deficits-inflation.html
7,https://www.ydn4m.com/personalities/ryan-sitton/
8,https://www.texastribune.org/2014/02/13/stimulus-fund-allegations-spice-ag-race/
9,http://time.com/8362/economic-stimulus-recovery-act-anniversary-obama/
