,searched_url
0,https://www.politifact.com/personalities/jack-kingston/statements/
1,https://www.healthreformvotes.org/congress/400221
2,http://www.msnbc.com/rachel-maddow-show/the-jack-kingston-case-study
3,https://www.ajc.com/news/national-govt--politics/politifact-much-was-said-and-checked-about-obamacare/6sth8VTpzswbmo35xtzwUJ/
4,https://www.atr.org/representative-vote-obamacare-repeal-a7128
5,https://www.politico.com/story/2013/07/obamacare-funding-spending-bills-094757
6,https://en.wikipedia.org/wiki/Jack_Kingston
7,https://gohmert.house.gov/news/documentquery.aspx?IssueID=15385
8,http://www.thenewamerican.com/freedomindex/profile.php?id=K000220
9,https://www.huffpost.com/entry/jack-kingston-obamacare_n_4343330
