,searched_url
0,https://www.forbes.com/sites/realspin/2013/01/22/why-all-u-s-states-should-eliminate-the-income-tax/
1,https://www.gfoa.org/impact-eliminating-state-and-local-tax-deduction-report
2,https://www.bankrate.com/finance/taxes/state-with-no-income-tax-better-or-worse-1.aspx
3,https://www.heritage.org/taxes/report/why-tax-reform-should-eliminate-state-and-local-tax-deductions
4,https://www.courant.com/politics/hc-pol-eliminating-ct-income-tax-20180626-story.html
5,https://www.nbcdfw.com/news/national-international/Eliminating-State-and-Local-Tax-Deductions-Could-Stall-GOP-Tax-Plan-454759973.html
6,https://www.vox.com/policy-and-politics/2017/10/30/16557554/the-state-and-local-tax-deduction-explained
7,https://www.cbpp.org/research/state-budget-and-tax/eliminating-state-and-local-tax-deduction-to-pay-for-tax-cuts-for
8,https://taxfoundation.org/federal-tax-reform-the-impact-on-states/
9,https://www.pewtrusts.org/en/research-and-analysis/blogs/stateline/2011/11/07/abolishing-a-state-income-tax-is-easier-said-than-done
