,searched_url
0,https://www.washingtonpost.com/blogs/fact-checker/post/mitch-danielss-unfounded-claim-president-obama-wanted-higher-gas-prices/2012/02/29/gIQAPJJliR_blog.html
1,https://www.factcheck.org/2012/03/obama-wanted-higher-gasoline-prices/
2,https://www.politico.com/story/2018/05/28/gas-prices-trump-democrats-563219
3,https://www.nytimes.com/2012/04/03/us/politics/romney-faults-obama-for-rising-gas-prices.html
4,https://newrepublic.com/article/101946/mitt-romney-massachusetts-governor-gas-prices-renewable-energy
5,https://www.wbur.org/npr/149080346/republicans-charge-high-gas-prices-part-of-a-plan-to-decrease-consumption
6,http://www.cleveland.com/open/2012/03/while_president_obama_is_in_oh.html
7,https://www.newyorker.com/magazine/2012/04/02/a-lot-of-gas
8,https://grist.org/fossil-fuels/etch-a-sketchy-romney-used-to-favor-high-gas-prices/
9,https://www.marketwatch.com/story/higher-gas-prices-doesnt-hurt-the-us-economy-as-much-anymore-the-fed-says-2018-07-13
