,searched_url
0,https://www.politifact.com/punditfact/statements/2014/aug/20/heineken/neil-patrick-harris-heineken-ad-we-cant-drink-tv/
1,https://www.quora.com/Why-are-TV-beer-commercials-not-allowed-to-show-people-drinking-the-beer
2,https://www.quora.com/Why-dont-you-ever-see-actors-in-beer-alcohol-commercials-drink
3,https://en.wikipedia.org/wiki/Alcohol_advertising
4,https://en.wikipedia.org/wiki/Alcohol_advertising#Target_marketing
5,https://en.wikipedia.org/wiki/Alcohol_advertising#Advertising_around_the_world
6,https://en.wikipedia.org/wiki/Alcohol_advertising#Sponsorship_in_sport
7,https://en.wikipedia.org/wiki/Alcohol_advertising#Campaigns
8,https://www.alcohol.org/laws/marketing-to-the-public/
9,https://en.wikipedia.org/wiki/Alcohol_law
