,searched_url
0,https://www.youtube.com/watch?v=5__flIDVVwM
1,https://www.youtube.com/watch?v=r6WaU_vSwB4
2,https://www.politico.com/blogs/ben-smith/2008/09/obama-lipstick-on-a-pig-011693
3,http://www.cnn.com/2008/POLITICS/09/10/campaign.lipstick/
4,https://www.politifact.com/truth-o-meter/statements/2008/sep/10/john-mccain/if-theres-lipstick-on-a-pig-its-this-mccain-ad/
5,http://www.nbcnews.com/id/26724457/ns/politics-decision_08/t/mccain-says-obama-didnt-call-palin-pig/
6,https://www.telegraph.co.uk/news/worldnews/barackobama/2779438/Barack-Obamas-lipstick-on-a-pig-remark-prompted-by-Sarah-Palin.html
7,https://www.outsidethebeltway.com/obama_called_palin_a_pig_/
8,https://www.abc.net.au/news/2008-09-11/obama-on-defensive-over-lipstick-on-pig-jibe/506850
9,https://www.glamour.com/story/barack-obama-got-away-with
