,searched_url
0,https://www.cnbc.com/2018/03/27/work-health-insurance-obamacare-coverage-spur-sex-change-surgery-boom.html
1,https://www.politifact.com/truth-o-meter/statements/2009/aug/07/blog-posting/conservative-news-release-says-health-care-bill-li/
2,https://www.scmp.com/news/hong-kong/community/article/2126652/let-transgender-people-have-status-recognised-without
3,https://www.thepublicdiscourse.com/2016/01/16240/
4,https://www.heritage.org/health-care-reform/report/proposed-obamacare-gender-identity-mandate-threatens-freedom-conscience
5,https://www.heritage.org/gender/commentary/politicizing-health-care-puts-kids-and-consciences-risk
6,https://www.hrw.org/report/2019/03/19/really-high-hurdle/japans-abusive-transgender-legal-recognition-process
7,https://www.ncbi.nlm.nih.gov/pmc/articles/PMC3953767/
8,https://edition.cnn.com/2017/02/23/health/transgender-laws-around-the-world/index.html
9,https://transequality.org/know-your-rights/healthcare
