,searched_url
0,https://www.politifact.com/florida/statements/2015/jun/30/florida-democratic-party/florida-dems-say-tuition-went-482-percent-jeb-bush/
1,http://www.mynews13.com/fl/orlando/news/2015/8/3/politifact_did_tuiti
2,https://www.wlrn.org/post/politifact-florida-jebs-tuition-raises-mostly-true
3,https://www.brookings.edu/research/jeb-bushs-student-loan-plan-should-outlive-his-campaign/
4,https://wusfnews.wusf.usf.edu/post/politifact-florida-jebs-tuition-raises-mostly-true
5,https://www.desmoinesregister.com/story/news/elections/presidential/caucus/2015/03/05/jeb-bush-record-florida-governor/24473497/
6,https://www.pnj.com/story/news/2015/08/26/high-school-students-question-bush/32442547/
7,https://americanbridgepac.org/the-gop-college-affordability-rhetoric-just-doesnt-add-up/
8,https://www.dallasnews.com/news/politics/2015/06/24/jeb-bush-heads-to-dallas-and-houston-for-fund-raising-sessions-hutchison-and-others-are-pitching-in
9,https://github.com/ramp-kits/fake_news/blob/master/data/test.csv
