,searched_url
0,https://www.nytimes.com/2019/04/14/us/politics/veterans-suicide.html
1,http://cir.usc.edu/wp-content/uploads/2015/06/Suicide-in-the-Military.pdf
2,https://www.va.gov/opa/pressrel/pressrelease.cfm?id=2951
3,https://library.cqpress.com/cqresearcher/document.php?id=cqresrre2011092300
4,https://www.calvet.ca.gov/VetServices/Pages/SUICIDE-PREVENTION.aspx
5,https://www.thetrace.org/2017/03/soldiers-veterans-high-rates-suicide/
6,https://www.reuters.com/article/us-usa-veterans/special-report-for-u-s-veterans-the-war-after-the-wars-idUSTRE6A82L620101109
7,http://mhora.com/rx49iwi/ugmrwee.php?xxx=5&potwkiltd=heart-disease-age-30
8,https://www.recoveryfirst.org/veterans/suicide/
9,https://news.usc.edu/143811/usc-center-for-ai-in-society-seeks-to-reduce-military-suicides/
