,searched_url
0,https://www.politifact.com/wisconsin/statements/2014/oct/23/mary-burke/citing-scott-walker-budget-cuts-mary-burke-says-wi/
1,https://www.politifact.com/personalities/mary-burke/statements/by/
2,https://madison.com/ct/news/local/writers/jessie-opoien/police-union-says-scott-walker-has-not-kept-promises-about/article_0d8243d3-f9a1-5acd-96e2-6356fa866b52.html
3,https://onewisconsinnow.org/scott-walker/budgets/
4,https://urbanmilwaukee.com/2015/02/10/murphys-law-why-walker-had-to-cut-uw-funding/
5,https://newrepublic.com/article/118145/scott-walkers-toxic-racial-politics
6,https://www.newyorker.com/magazine/2012/03/05/storm-william-finnegan
7,https://en.wikipedia.org/wiki/2011_Wisconsin_protests
8,https://www.pressreader.com/usa/milwaukee-journal-sentinel/20141104/283747017426305
9,http://legis.wisconsin.gov/assembly/71/Shankland/newsroom/news/gov-scott-walkers-budget-includes-tax-cuts-halt-to-east-west-i-94-plan/
