,searched_url
0,https://www.ohioadvancedenergy.org/news
1,http://www.springfieldnewssun.com/news/local/read-gov-strickland-state-the-state-speech/9mAANmdyFC9HzaIUHomGPK/
2,https://www.usnews.com/news/best-states/slideshows/these-states-use-the-most-renewable-energy
3,https://en.wikipedia.org/wiki/Energy_in_Ohio
4,https://rgp.org/key-industries/energy/
5,https://www.pewtrusts.org/~/media/assets/2015/01/oh_brief_final.pdf
6,https://www.politifact.com/personalities/ted-strickland/statements/by/
7,https://www.cleanjobsohio.org/wp-content/uploads/2014/07/FINAL.OhioJobsReport_15014.pdf
8,https://www.eia.gov/state/analysis.php?sid=OH
9,https://energynews.us/2015/01/22/midwest/drops-in-ohio-clean-energy-investment-could-hurt-jobs-growth/
