,searched_url
0,https://www.politifact.com/truth-o-meter/statements/2013/mar/06/al-cardenas/al-cardenas-says-60b-congress-approved-after-hurri/
1,https://www.usatoday.com/story/news/politics/2013/01/14/house-vote-disaster-reforms/1834015/
2,https://www.reuters.com/article/us-usa-congress-sandy/senate-approves-50-5-billion-in-long-delayed-superstorm-sandy-aid-idUSBRE90R10620130129
3,http://america.aljazeera.com/articles/2013/10/29/hurricane-sandy-disasterreliefreconstructionfunding.html
4,https://www.huffpost.com/entry/sandy-congress-disaster-policy_n_6070880
5,https://ourfuture.org/20130104/the-house-gops-disaster-relief-disaster
6,https://www.cbsnews.com/news/how-hurricane-harveys-cost-stacks-up-against-past-disasters/
7,https://www.heritage.org/homeland-security/report/after-hurricane-sandy-time-learn-and-implement-the-lessons-preparedness
8,https://philanthropynewyork.org/news-stories-about-philanthropy-and-hurricane-sandy-recovery
9,https://www.menendez.senate.gov/news-and-events/press/6-years-after-sandy-booker-murphy-pallone-praise-menendez-celebrate-success-and-urge-congress-to-pass-menendezs-flood-insurance-reform-bill
