,searched_url
0,https://www.politifact.com/truth-o-meter/statements/2016/oct/20/donald-trump/donald-trump-says-hillary-clinton-wrong-say-he-moc/
1,https://www.nbcnews.com/card/trump-says-he-didnt-mock-disabled-reporter-he-did-n669666
2,https://www.factcheck.org/2017/01/trump-errs-reply-streep/
3,http://thehill.com/blogs/ballot-box/presidential-races/297184-new-clinton-ad-slams-trump-for-mocking-disabled-reporter
4,https://www.washingtonpost.com/news/fact-checker/wp/2016/08/02/donald-trumps-revisionist-history-of-mocking-a-disabled-reporter/
5,https://www.npr.org/2016/12/28/506342901/11-times-donald-trump-looked-like-he-was-done-for
6,https://www.news.com.au/entertainment/awards/golden-globes/this-is-the-moment-donald-trump-mocked-a-disabled-journalist/news-story/d920020f91dfaa857a07cfa25cec24b5
7,https://people.com/politics/trump-denies-mocking-journalist-disability-watch-video/
8,https://www.foxnews.com/politics/did-trump-really-mock-reporters-disability-videos-could-back-him-up
9,https://www.nytimes.com/2016/09/22/us/politics/hillary-clinton-speech.html
