,searched_url
0,https://www.politifact.com/wisconsin/statements/2011/feb/22/lena-taylor/wisconsin-state-sen-lena-taylor-d-milwaukee-says-h/
1,https://www.politifact.com/personalities/lena-taylor/statements/byruling/pants-fire/
2,https://onewisconsinnow.org/scott-walker/voter-suppression/
3,https://onewisconsinnow.org/scott-walker/politics/
4,https://www.nytimes.com/2016/01/17/opinion/campaign-stops/the-destruction-of-progressive-wisconsin.html
5,https://www.motherjones.com/politics/2011/03/whats-happening-wisconsin-explained/
6,http://archive.jsonline.com/blogs/news/116677599.html
7,https://www.theblaze.com/news/2013/10/28/has-wisconsin-ever-had-a-gov-assassinated-the-chilling-note-someone-sent-to-scott-walkers-wife
8,http://voices.washingtonpost.com/postpartisan/2011/02/wisconsins_governor_is_not_hit.html
9,https://www.foxnews.com/politics/union-chief-doesnt-condemn-comparisons-of-wisconsins-walker-to-hitler
