,searched_url
0,https://www.politifact.com/truth-o-meter/statements/2016/apr/27/new-day-america/super-pacs-1-trillion-tax-claim-against-hillary-cl/
1,https://www.atr.org/hillary-confirms-trillion-dollar-tax-hike-plan
2,https://www.taxpolicycenter.org/taxvox/how-warrens-promises-may-exceed-her-ability-pay-and-teach-voters-important-lesson
3,https://www.washingtonpost.com/graphics/politics/2016-election/candidate-plans-national-debt/
4,https://www.nytimes.com/2016/08/13/upshot/how-hillary-clinton-and-donald-trump-differ-on-taxes.html
5,https://www.foxnews.com/politics/recipe-for-tax-hikes-clinton-proposals-hit-1t-mark-republicans-say
6,http://www.crfb.org/papers/promises-and-price-tags-preliminary-update
7,https://www.mcclatchydc.com/news/politics-government/election/article51084285.html
8,https://www.theatlantic.com/politics/archive/2015/12/hillary-clintons-modest-infrastructure-proposal/418068/
9,https://www.wsj.com/articles/trumps-1-trillion-promise-vs-congress-1480551047
