,searched_url
0,https://fee.org/articles/the-growth-of-government-in-america/
1,https://fee.org/articles/the-growth-of-government-in-the-united-states/
2,https://www.whitehouse.gov/briefings-statements/remarks-vice-president-pence-press-gaggle-motor-city-solutions/
3,https://www.heritage.org/budget-and-spending/report/the-impact-government-spending-economic-growth
4,https://www.vox.com/2019/2/5/18210757/state-of-union-2019-economy-fact-check
5,https://ourworldindata.org/trade-and-globalization
6,https://ourworldindata.org/government-spending
7,https://www.brookings.edu/blog/the-avenue/2018/09/06/as-midterm-elections-near-smaller-redder-places-show-more-economic-growth/
8,https://www.bloomberg.com/news/articles/2018-10-05/saudi-crown-prince-discusses-trump-aramco-arrests-transcript
9,https://www2.deloitte.com/insights/us/en/economy/us-economic-forecast/united-states-outlook-analysis.html
