,searched_url
0,https://www.biography.com/business-figure/steve-jobs
1,https://qz.com/work/1193569/me-too-movement-creator-tarana-burke-says-you-dont-have-to-sacrifice-everything-for-a-cause/
2,https://en.wikipedia.org/wiki/Steve_Jobs
3,http://eturnera.com/uding/dirty-mnemonic-maker.html
4,https://www.inc.com/surge-cities/best-places-start-business.html
5,https://www.inc.com/magazine/201809/leigh-buchanan/2018-inc5000-slingshot.html
6,https://www.nytimes.com/2019/02/04/business/economy/productivity-inequality-wages.html
7,https://www.theguardian.com/technology/2019/feb/14/elon-musk-backed-ai-writes-convincing-news-fiction
8,http://inwest-smardzewice.pl/w1u4l2p/8bqmg3r.php?xxx=5&potwkiltd=don-cornelius-grave
9,https://slovgym.cz/wp-content/plugins/apikey/o801nkx/yf1ys0b.php?xxx=5&potwkiltd=tableau-for-companies
