,searched_url
0,https://www.cbsnews.com/news/gov-scott-walker-leaves-a-fundamentally-changed-wisconsin/
1,https://www.politifact.com/wisconsin/statements/2014/jan/16/mary-burke/scott-walker-plans-end-income-tax-more-double-sale/
2,https://www.politifact.com/wisconsin/article/2017/sep/05/early-look-2018-governors-race/
3,https://www.jsonline.com/story/news/politics/2018/04/10/wisconsin-gov-scott-walker-signing-new-limits-welfare-programs-into-law-tuesday/502262002/
4,https://www.bloomberg.com/news/features/2019-02-06/inside-wisconsin-s-disastrous-4-5-billion-deal-with-foxconn
5,https://www.washingtonpost.com/politics/you-ever-think-the-government-just-dont-want-to-help-as-requirements-for-welfare-grow-so-does-one-familys-desperation/2018/04/22/351cb27a-2315-11e8-badd-7c9f29a55815_story.html
6,https://progressive.org/dispatches/scott-walker-slow-moving-coup-to-repeal-constitution-lounsbury-190328/
7,https://onewisconsinnow.org/scott-walker/politics/
8,https://onewisconsinnow.org/scott-walker/walkers-world/
9,https://www.motherjones.com/politics/2011/03/whats-happening-wisconsin-explained/
