,searched_url
0,https://www.nytimes.com/interactive/2017/04/25/climate/todays-energy-jobs-are-in-solar-not-coal.html
1,https://www.bloomberg.com/news/articles/2018-05-16/solar-beats-coal-on-u-s-jobs
2,https://www.pri.org/stories/2017-06-07/solar-jobs-now-outnumber-coal-jobs-us
3,https://www.politifact.com/rhode-island/statements/2014/jul/06/sheldon-whitehouse/there-are-already-more-american-jobs-solar-industr/
4,https://www.forbes.com/sites/niallmccarthy/2017/01/25/u-s-solar-energy-employs-more-people-than-oil-coal-and-gas-combined-infographic/
5,https://www.vox.com/energy-and-environment/2017/2/7/14533618/solar-jobs-coal
6,https://futurism.com/new-data-shows-solar-energy-creates-more-jobs-america-other-industry
7,https://poweringpastcoal.org/insights/economy/sunnier-times-ahead-for-coal-workers-in-renewables-tech
8,http://fortune.com/2016/01/12/solar-jobs-boom/
9,https://www.theatlantic.com/science/archive/2018/02/the-us-lost-almost-10000-solar-jobs-in-2017/552485/
