,searched_url
0,https://www.politifact.com/ohio/statements/2016/sep/29/ted-strickland/sen-rob-portman-voted-let-terrorists-buy-guns-nope/
1,https://www.daytondailynews.com/news/national-govt--politics/portman-changes-stance-allowing-those-terror-watch-list-buy-guns/s4O6pbWKmnwMkcRO1FTKBN/
2,https://www.cincinnati.com/story/news/politics/elections/2016/09/23/fact-check-rob-portman-real-record-on-guns-ohio-senate-ted-strickland/90784712/
3,http://www.cleveland.com/open/2016/06/rob_portman_urges_ban_on_gun_s.html
4,http://www.statenews.org/post/portman-brown-split-terror-watch-list-gun-ban-issue
5,https://www.statenews.org/post/portman-takes-confusing-stance-gun-regulations
6,https://www.theatlantic.com/politics/archive/2016/06/can-donald-trump-move-the-nra-on-guns/487163/
7,https://www.nbcnews.com/storyline/orlando-nightclub-massacre/no-fly-no-buy-has-political-support-may-have-little-n593186
8,https://www.wyso.org/post/portman-strickland-bring-complicated-positions-gun-control-senate-race
9,https://www.rollcall.com/news/will-gun-votes-yield-politics-progress
