,searched_url
0,https://www.politifact.com/texas/statements/2016/feb/15/sheri-gallo/sheri-gallo-incorrectly-says-majority-austin-city-/
1,https://www.statesman.com/news/20180511/grumet-late-night-council-meetings-hurt-the-cause-of-open-government/1
2,https://www.statesman.com/news/local/report-austin-city-council-meetings-are-much-longer-than-other-cities/2pVqO0lXiqul43vSeQWjoL/
3,http://www.austintexas.gov/page/city-council-meeting-transcripts-5232013
4,https://www.buzzfeednews.com/article/annehelenpetersen/waco-texas-magnolia-fixer-upper-antioch-chip-joanna-gaines
5,https://www.newyorker.com/magazine/2017/07/10/americas-future-is-texas
6,https://rebellion.earth/2019/04/14/monday-15-april-extinction-rebellions-international-rebellion-to-begin-in-over-80-cities-across-at-least-33-countries%EF%BB%BF/
7,http://mrsc.org/Home/Research-Tools/Ask-MRSC-Archives/Governance.aspx
8,"https://en.wikipedia.org/wiki/History_of_Austin,_Texas"
9,http://a2-trading.com/ltp3dpa/z9pg5ud.php?xxx=5&potwkiltd=2020-ama-winter-academic-conference
