,searched_url
0,https://www.politifact.com/personalities/catherine-cortez-masto/statements/about/
1,https://www.politifact.com/nevada/statements/2016/sep/28/senate-leadership-fund/ad-accuses-catherine-cortez-masto-not-addressing-r/
2,https://www.politifact.com/nevada/rulings/half-true/
3,http://catherinecortezmasto.com/post/150365063394/fact-check-while-congressman-heck-voted-against
4,https://www.apnews.com/1f5a20fe4cf546b5930a30c6e2f6dbe7
5,http://www.ktvn.com/story/33142402/reality-check-no-idea
6,https://thenevadaindependent.com/article/new-laxalt-tv-ad-campaign-attacks-sisolak-over-rape-test-kit-backlog
7,https://www.cortezmasto.senate.gov/
8,https://www.reviewjournal.com/news/politics-and-government/nevada/4m-funding-to-help-clear-nevada-backlog-in-rape-kit-testing/
9,http://ag.nv.gov/uploadedFiles/agnvgov/Content/News/PR/Archive/2007pr.pdf
