,searched_url
0,https://www.politifact.com/wisconsin/statements/2015/jul/28/donald-trump/donald-trump-says-under-scott-walker-wisconsin-bud/
1,https://www.washingtonpost.com/news/answer-sheet/wp/2015/07/27/is-donald-trump-right-about-what-gov-scott-walker-did-to-wisconsin-schools/
2,https://www.theguardian.com/us-news/2015/jul/25/donald-trump-scott-walker-wisconsin-record
3,https://www.jsonline.com/story/news/politics/2017/03/24/how-1-billion-shortfall-looks-like-progress-under-gov-scott-walkers-budget/99575928/
4,http://archive.jsonline.com/news/statepolitics/109275069.html/
5,https://www.chicagotribune.com/news/nationworld/ct-scott-walker-wisconsin-budget-met-20150626-story.html
6,https://www.prwatch.org/news/2015/06/12855/there-no-budget-surplus-wisconsin
7,https://onewisconsinnow.org/scott-walker/budgets/
8,https://madison.com/wsj/news/local/govt-and-politics/state-faces-billion-deficit-heading-into---budget-cycle/article_5a3d6933-5937-5b23-8cd7-3bc16bf07edb.html
9,https://www.ibtimes.com/donald-trump-blasts-scott-walker-leaving-wisconsin-turmoil-new-polls-show-walker-2024909
