,searched_url
0,https://www.politifact.com/truth-o-meter/statements/2010/jan/03/dick-cheney/cheney-says-obama-wont-admit-us-war-against-terror/
1,https://www.politifact.com/truth-o-meter/article/2010/jan/03/cheney-claim-obama-earns-pants-fire/
2,http://www.nbcnews.com/id/34642916/ns/msnbc-hardball_with_chris_matthews/t/hardball-chris-matthews-wednesday-december-th/
3,https://answers.yahoo.com/question/index?qid=20100103130954AAnHj6n
4,https://archive.org/details/MSNBC_20091231_000000_Hardball_With_Chris_Matthews
5,https://prairieweather.typepad.com/the_scribe/2010/03/truth-and-accuracy-in-the-media.html
6,https://althouse.blogspot.com/2015/04/do-you-believe-drone-policy-really-is.html
