,searched_url
0,https://www.washingtonpost.com/blogs/fact-checker/post/when-did-mcconnell-say-he-wanted-to-make-obama-a-one-term-president/2012/09/24/79fd5cd8-0696-11e2-afff-d6c7f20a83bf_blog.html
1,https://www.nytimes.com/2008/03/09/us/politics/09obama.html
2,https://www.politico.com/story/2010/10/the-gops-no-compromise-pledge-044311
3,https://www.brookings.edu/research/president-barack-obamas-first-two-years-policy-accomplishments-political-difficulties/
4,https://www.latimes.com/projects/la-na-pol-obama-partisan
5,https://www.buzzfeednews.com/article/evanmcsan/the-obama-campaign-remembers-2012-very-differently-from-bern
6,https://www.politifact.com/truth-o-meter/statements/2008/dec/03/john-mccain/obamas-no-maverick/
7,https://millercenter.org/president/obama/campaigns-and-elections
8,https://qz.com/1536793/your-guide-to-the-2020-democratic-presidential-candidates/
9,https://www.newyorker.com/magazine/2016/11/28/obama-reckons-with-a-trump-presidency
