,searched_url
0,https://www.politifact.com/truth-o-meter/statements/2008/oct/02/joe-biden/mccains-tax-plan-doesnt-ignore-middle-class/
1,https://www.politifact.com/truth-o-meter/staff/adriel-bettelheim/
2,https://www.nytimes.com/elections/2008/president/debates/transcripts/vice-presidential-debate.html
3,https://www.c-span.org/video/?281518-2/2008-vice-presidential-candidates-debate
4,https://www.minnpost.com/politics-policy/2008/10/fact-checks-obama-and-biden-statements/
5,https://www.latimes.com/archives/la-xpm-2008-oct-03-na-excerptsiraq3-story.html
6,http://www.letfreedomringblog.com/?cpage=gmrodqthlwr&paged=807
7,http://www.cnn.com/2008/POLITICS/10/02/debate.transcript/
8,https://www.cbsnews.com/news/transcript-of-the-vp-debate-part-1/
9,http://www.pressdemocrat.com/news/2176149-181/palin-biden-hold-their-own
