,searched_url
0,https://www.politifact.com/florida/statements/2013/oct/12/florida-democratic-party/campaign-mailer-says-bill-gunter-would-cut-funding/
1,https://www.politifact.com/truth-o-meter/staff/molly-moorhead/
2,http://www.nationalresourcenetwork.org/en/home/news
3,https://www.ugc.edu.hk/doc/eng/ugc/publication/report/report20181212/tuition_fee_report.pdf
4,https://www.gunterpauli.com/blog
5,http://floridapolitics.com/archives/tag/jeff-brandes/page/4
6,https://www.cagw.org/Content/Pig-Book-2002
7,http://www.lynnerigby.com/blog/2014/05/why-i-am-pulling-my-kids-from-public-elementary-school-a-letter-to-the-powers-that-be/
8,https://buncombedems.org/wp-content/uploads/2018/01/2017-Resolutions-Passed-All.pdf
9,https://www.edreform.com/wp-content/uploads/2014/01/2014-DigitalLearningRevAppendixE-F.pdf
