,searched_url
0,https://www.politifact.com/truth-o-meter/article/2012/jul/31/walmart-family-wealthier-40-percent-united-states/
1,https://www.politifact.com/truth-o-meter/statements/2012/jul/31/bernie-s/sanders-says-walmart-heirs-own-more-wealth-bottom-/
2,https://www.politifact.com/virginia/statements/2016/mar/14/bernie-s/bernie-sanders-says-walmart-heirs-are-wealthier-bo/
3,https://www.huffpost.com/entry/waltons-net-worth_n_1680642
4,https://www.businessinsider.com/life-of-the-walton-family-behind-walmart-and-sams-club-2018-12
5,http://time.com/5388596/billionaires-welfare-bernie-sanders/
6,https://www.motherjones.com/politics/2012/07/walmart-heirs-waltons-wealth-income-inequality/
7,https://www.forbes.com/sites/timworstall/2011/12/14/six-waltons-have-more-wealth-than-the-bottom-30-of-americans/
8,https://www.good.is/articles/bernie-v-walmart
9,https://www.youtube.com/watch?v=sg4iICHsOYc
