,searched_url
0,https://www.politifact.com/oregon/statements/2010/oct/04/kurt-schrader/kurt-schrader-says-scott-bruun-wants-cut-departmen/
1,https://www.politifact.com/personalities/scott-bruun/statements/about/
2,https://www.politifact.com/personalities/scott-bruun/
3,https://www.politifact.com/oregon/statements/?page=20
4,https://repository.library.noaa.gov/view/noaa/13120/noaa_13120_DS1.pdf?
5,https://www.opb.org/news/article/priority-oregon-ad-climate-change-legislation/
6,https://votesmart.org/candidate/506/scott-bruun
7,http://www.golocalpdx.com/politics/scott-bruun-ronald-reagan-in-portland-and-the-burbs
8,https://www.oregonlive.com/opinion/2017/01/feds_take_a_stand_for_insurers.html
9,https://www.bruunconstruction.com/our-culture/mark-bruun-bio.html
