,searched_url
0,https://www.ajc.com/news/state--regional-education/georgia-senate-approves-more-money-for-state-charter-schools/wXDa9WF0oGDTBe1KONTlxL/
1,https://www.ajc.com/news/state--regional-education/legislation-increase-state-charter-school-funding-advances/gpfhxhsTdpW68St9TyZrEN/
2,https://www.politifact.com/georgia/statements/2012/sep/11/herb-garrett/charter-school-funding-claim-hits-close-mark/
3,https://www.typeinvestigations.org/investigation/2018/06/17/how-some-elite-charter-schools-exclude-minorities/
4,https://educationvotes.nea.org/2017/03/07/5-reasons-charter-schools-bad-news-students/
5,https://www.nytimes.com/2017/09/05/magazine/michigan-gambled-on-charter-schools-its-children-lost.html
6,https://networkforpubliceducation.org/another-day-another-charter-scandal/
7,https://www2.ed.gov/rschstat/eval/choice/charterfin.pdf
8,https://www.greatschools.org/gk/articles/public-private-charter-schools/
9,https://isreview.org/issue/62/charter-schools-and-attack-public-education
