,searched_url
0,https://www.politifact.com/georgia/statements/2010/jun/11/nathan-deal/nathan-deal-says-hes-leader-immigration/
1,https://www.ajc.com/news/state--regional-govt--politics/georgia-lawmakers-engulfed-firestorm-over-family-separations/GwYJ2rVEbEpQ4QMkbzFhrN/
2,https://en.wikipedia.org/wiki/Nathan_Deal
3,https://www.militarytimes.com/news/your-military/2018/10/31/federal-law-limits-what-us-troops-deployed-at-the-border-can-do/
4,https://www.c-span.org/video/?453488-1/georgia-gubernatorial-debate
5,https://www.washingtonpost.com/news/monkey-cage/wp/2018/04/15/how-paul-ryan-lost-the-republican-party/
6,https://www.realclearpolitics.com/video/2019/01/19/trump_proposes_deal_border_wall_funding_for_3_more_years_of_daca.html
7,"https://ballotpedia.org/Georgia%27s_7th_Congressional_District_election_(July_24,_2018_Democratic_primary_runoff)"
8,https://www.whitehouse.gov/briefings-statements/remarks-vice-president-pence-tax-cuts-put-america-first-event-atlanta-ga/
9,https://www.congress.gov/116/crec/2019/01/16/CREC-2019-01-16-pt1-PgH606.pdf
